1,0,0,1500,0
2,0,0,1500,0
3,0,0,1500,0
4,0,0,1500,0
5,0,0,1500,0
6,0,0,1500,0
7,0,0,1500,0
8,0,0,1500,0
9,0,0,1500,0
10,0,0,1500,0
11,0,0,1500,0
12,0,0,1500,0
13,0,0,1500,0
14,0,0,1500,0
15,0,0,1500,0
16,0,0,1500,0
17,0,0,1500,0
18,0,0,1500,0
19,0,0,1500,0
20,0,0,1500,0
21,0,0,1500,0
22,0,0,1500,0
23,0,0,1500,0
24,0,0,1500,0
25,0,0,1500,0
26,0,0,1500,0
27,0,0,1500,0
28,0,0,1500,0
29,0,0,1500,0
30,0,0,1500,0
31,0,0,1500,0
32,0,0,1500,0
33,0,0,1500,0
34,0,0,1500,0
35,0,0,1500,0
36,0,0,1500,0
37,0,0,1500,0
38,0,0,1500,0
39,0,0,1500,0
40,0,0,1500,0
41,0,0,1500,0
42,0,0,1500,0
43,0,0,1500,0
44,0,0,1500,0
45,0,0,1500,0
46,0,0,1500,0
47,0,0,1500,0
48,0,0,1500,0
49,0,0,1500,0
50,0,0,1500,0
51,0,0,1500,0
52,0,0,1500,0
53,0,0,1500,0
54,0,0,1500,0
55,0,0,1500,0
56,0,0,1500,0
57,0,0,1500,0
58,0,0,1500,0
59,0,0,1500,0
60,442.40999999999997,677.3,250,250
61,587.93,677.3,250,250
62,525.17,677.3,250,250
63,457.27,677.3,250,250
64,475.25,677.3,250,250
65,554.05,677.3,250,250
66,500.77,677.3,250,250
67,502.66999999999996,677.3,250,250
68,596.95,677.3,250,250
69,504.38,677.3,250,250
70,516.3,389.29999999999995,1105.56,300
71,569.5,677.3,250,250
72,426.97,677.3,250,250
73,430.67999999999995,677.3,250,250
74,492.82000000000005,389.29999999999995,975.11,300
75,486.86,677.3,250,250
76,597.01,677.3,250,250
77,562.1,677.3,250,250
78,614.76,677.3,250,250
79,826.75,677.3,1230.28,300
80,826.75,677.3,1230.28,300
81,713.49,389.29999999999995,2201.06,300
82,842.28,389.29999999999995,2916.56,300
83,849.9200000000001,677.3,1359.0,300
84,1112.25,389.29999999999995,1500,500
85,879.94,677.3,1500,500
86,774.62,677.3,940.67,300
87,995.76,389.29999999999995,1500,500
88,1069.8,389.29999999999995,1500,500
89,941.1300000000001,389.29999999999995,1500,500
90,941.1300000000001,389.29999999999995,1500,500
91,941.1300000000001,389.29999999999995,1500,500
92,804.91,389.29999999999995,2708.94,300
93,761.05,677.3,865.28,300
94,747.67,677.3,790.94,300
95,897.77,677.3,1500,500
96,763.05,677.3,876.39,300
97,893.5999999999999,677.3,1500,500
98,816.91,677.3,1175.61,300
99,894.28,389.29999999999995,1500,500
100,775.49,389.29999999999995,2545.5,300
101,943.8299999999999,677.3,1500,500
102,1161.37,389.29999999999995,1500,500
103,1161.37,389.29999999999995,1500,500
104,1161.37,389.29999999999995,1500,500
105,971.8199999999999,677.3,1500,500
106,853.3900000000001,677.3,1378.28,300
107,614.38,677.3,250,250
108,459.09000000000003,389.29999999999995,787.72,300
109,652.3,677.3,250,250
110,504.09000000000003,677.3,250,250
111,491.25,677.3,250,250
112,614.74,677.3,250,250
113,614.74,677.3,250,250
114,614.74,677.3,250,250
115,614.74,677.3,250,250
116,614.74,677.3,250,250
117,614.74,677.3,250,250
118,614.74,677.3,250,250
119,614.74,677.3,250,250
120,614.74,677.3,250,250
121,614.74,677.3,250,250
122,614.74,677.3,250,250
123,614.74,677.3,250,250
124,614.74,677.3,250,250
125,614.74,677.3,250,250
126,614.74,677.3,250,250
127,614.74,677.3,250,250
128,614.74,677.3,250,250
129,614.74,677.3,250,250
130,614.74,677.3,250,250
131,614.74,677.3,250,250
132,614.74,677.3,250,250
133,614.74,677.3,250,250
134,614.74,677.3,250,250
135,614.74,677.3,250,250
136,614.74,677.3,250,250
137,614.74,677.3,250,250
138,614.74,677.3,250,250
139,614.74,677.3,250,250
140,614.74,677.3,250,250
141,614.74,677.3,250,250
142,614.74,677.3,250,250
143,614.74,677.3,250,250
144,614.74,677.3,250,250
145,614.74,677.3,250,250
146,614.74,677.3,250,250
147,614.74,677.3,250,250
148,614.74,677.3,250,250
149,614.74,677.3,250,250
150,614.74,677.3,250,250
151,614.74,677.3,250,250
152,614.74,677.3,250,250
153,614.74,677.3,250,250
154,614.74,677.3,250,250
155,614.74,677.3,250,250
156,614.74,677.3,250,250
157,614.74,677.3,250,250
158,614.74,677.3,250,250
159,614.74,677.3,250,250
160,614.74,677.3,250,250
161,614.74,677.3,250,250
162,614.74,677.3,250,250
163,614.74,677.3,250,250
164,614.74,677.3,250,250
165,614.74,677.3,250,250
166,614.74,677.3,250,250
167,614.74,677.3,250,250
168,614.74,677.3,250,250
169,614.74,677.3,250,250
170,614.74,677.3,250,250
171,614.74,677.3,250,250
172,614.74,677.3,250,250
173,614.74,677.3,250,250
174,614.74,677.3,250,250
175,614.74,677.3,250,250
176,614.74,677.3,250,250
177,614.74,677.3,250,250
178,614.74,677.3,250,250
179,614.74,677.3,250,250
180,614.74,677.3,250,250
181,614.74,677.3,250,250
182,614.74,677.3,250,250
183,614.74,677.3,250,250
184,614.74,677.3,250,250
185,614.74,677.3,250,250
186,614.74,677.3,250,250
187,614.74,677.3,250,250
188,614.74,677.3,250,250
189,614.74,677.3,250,250
190,614.74,677.3,250,250
191,614.74,677.3,250,250
192,614.74,677.3,250,250
193,614.74,677.3,250,250
194,614.74,677.3,250,250
195,614.74,677.3,250,250
196,614.74,677.3,250,250
197,614.74,677.3,250,250
198,614.74,677.3,250,250
199,614.74,677.3,250,250
200,614.74,677.3,250,250
201,614.74,677.3,250,250
202,614.74,677.3,250,250
203,614.74,677.3,250,250
204,614.74,677.3,250,250
205,614.74,677.3,250,250
206,614.74,677.3,250,250
207,614.74,677.3,250,250
208,614.74,677.3,250,250
209,614.74,677.3,250,250
210,614.74,677.3,250,250
211,614.74,677.3,250,250
212,614.74,677.3,250,250
213,614.74,677.3,250,250
214,614.74,677.3,250,250
215,614.74,677.3,250,250
216,614.74,677.3,250,250
217,614.74,677.3,250,250
218,614.74,677.3,250,250
219,614.74,677.3,250,250
220,614.74,677.3,250,250
221,614.74,677.3,250,250
222,614.74,677.3,250,250
223,614.74,677.3,250,250
224,614.74,677.3,250,250
225,614.74,677.3,250,250
226,614.74,677.3,250,250
227,614.74,677.3,250,250
228,614.74,677.3,250,250
229,614.74,677.3,250,250
230,614.74,677.3,250,250
231,614.74,677.3,250,250
232,614.74,677.3,250,250
233,614.74,677.3,250,250
234,614.74,677.3,250,250
235,614.74,677.3,250,250
236,614.74,677.3,250,250
237,614.74,677.3,250,250
238,614.74,677.3,250,250
239,614.74,677.3,250,250
240,614.74,677.3,250,250
241,614.74,677.3,250,250
242,614.74,677.3,250,250
243,614.74,677.3,250,250
244,614.74,677.3,250,250
245,614.74,677.3,250,250
246,614.74,677.3,250,250
247,614.74,677.3,250,250
248,614.74,677.3,250,250
249,614.74,677.3,250,250
250,614.74,677.3,250,250
251,614.74,677.3,250,250
252,614.74,677.3,250,250
253,614.74,677.3,250,250
254,614.74,677.3,250,250
255,614.74,677.3,250,250
256,614.74,677.3,250,250
257,614.74,677.3,250,250
258,614.74,677.3,250,250
259,614.74,677.3,250,250
260,614.74,677.3,250,250
261,614.74,677.3,250,250
262,614.74,677.3,250,250
263,614.74,677.3,250,250
264,614.74,677.3,250,250
265,614.74,677.3,250,250
266,614.74,677.3,250,250
267,614.74,677.3,250,250
268,614.74,677.3,250,250
269,614.74,677.3,250,250
270,614.74,677.3,250,250
271,614.74,677.3,250,250
272,614.74,677.3,250,250
273,614.74,677.3,250,250
274,614.74,677.3,250,250
275,614.74,677.3,250,250
276,614.74,677.3,250,250
277,614.74,677.3,250,250
278,614.74,677.3,250,250
279,614.74,677.3,250,250
280,614.74,677.3,250,250
281,614.74,677.3,250,250
282,614.74,677.3,250,250
283,614.74,677.3,250,250
284,614.74,677.3,250,250
285,614.74,677.3,250,250
286,614.74,677.3,250,250
287,614.74,677.3,250,250
288,614.74,677.3,250,250
289,614.74,677.3,250,250
290,614.74,677.3,250,250
291,614.74,677.3,250,250
292,614.74,677.3,250,250
293,614.74,677.3,250,250
294,614.74,677.3,250,250
295,614.74,677.3,250,250
296,614.74,677.3,250,250
297,614.74,677.3,250,250
298,614.74,677.3,250,250
299,478.09000000000003,677.3,250,250
300,654.43,677.3,250,250
301,654.43,677.3,250,250
302,354.67999999999995,677.3,250,250
303,432.58000000000004,677.3,250,250
304,432.58000000000004,677.3,250,250
305,432.58000000000004,677.3,250,250
306,432.58000000000004,677.3,250,250
307,640.55,677.3,250,250
308,919.3800000000001,677.3,1500,500
309,773.59,677.3,934.94,300
310,773.59,677.3,934.94,300
311,773.59,677.3,934.94,300
312,773.59,677.3,934.94,300
313,773.59,677.3,934.94,300
314,815.13,677.3,1165.72,300
315,815.13,677.3,1165.72,300
316,815.13,677.3,1165.72,300
317,815.13,677.3,1165.72,300
318,815.13,677.3,1165.72,300
319,741.18,389.29999999999995,2354.89,300
320,741.18,389.29999999999995,2354.89,300
321,741.18,389.29999999999995,2354.89,300
322,741.18,389.29999999999995,2354.89,300
323,741.18,389.29999999999995,2354.89,300
324,741.18,389.29999999999995,2354.89,300
325,741.18,389.29999999999995,2354.89,300
326,741.18,389.29999999999995,2354.89,300
327,741.18,389.29999999999995,2354.89,300
328,741.18,389.29999999999995,2354.89,300
329,741.18,389.29999999999995,2354.89,300
330,741.18,389.29999999999995,2354.89,300
331,741.18,389.29999999999995,2354.89,300
332,741.18,389.29999999999995,2354.89,300
333,741.18,389.29999999999995,2354.89,300
334,741.18,389.29999999999995,2354.89,300
335,741.18,389.29999999999995,2354.89,300
336,741.18,389.29999999999995,2354.89,300
337,741.18,389.29999999999995,2354.89,300
338,741.18,389.29999999999995,2354.89,300
339,741.18,389.29999999999995,2354.89,300
340,741.18,389.29999999999995,2354.89,300
341,741.18,389.29999999999995,2354.89,300
342,741.18,389.29999999999995,2354.89,300
343,741.18,389.29999999999995,2354.89,300
344,741.18,389.29999999999995,2354.89,300
345,741.18,389.29999999999995,2354.89,300
346,741.18,389.29999999999995,2354.89,300
347,741.18,389.29999999999995,2354.89,300
348,741.18,389.29999999999995,2354.89,300
349,741.18,389.29999999999995,2354.89,300
350,741.18,389.29999999999995,2354.89,300
351,741.18,389.29999999999995,2354.89,300
352,741.18,389.29999999999995,2354.89,300
353,741.18,389.29999999999995,2354.89,300
354,741.18,389.29999999999995,2354.89,300
355,741.18,389.29999999999995,2354.89,300
356,741.18,389.29999999999995,2354.89,300
357,741.18,389.29999999999995,2354.89,300
358,741.18,389.29999999999995,2354.89,300
359,741.18,389.29999999999995,2354.89,300
360,741.18,389.29999999999995,2354.89,300
361,741.18,389.29999999999995,2354.89,300
362,741.18,389.29999999999995,2354.89,300
363,741.18,389.29999999999995,2354.89,300
364,741.18,389.29999999999995,2354.89,300
365,741.18,389.29999999999995,2354.89,300
366,741.18,389.29999999999995,2354.89,300
367,741.18,389.29999999999995,2354.89,300
368,741.18,389.29999999999995,2354.89,300
369,741.18,389.29999999999995,2354.89,300
370,741.18,389.29999999999995,2354.89,300
371,741.18,389.29999999999995,2354.89,300
372,741.18,389.29999999999995,2354.89,300
373,741.18,389.29999999999995,2354.89,300
374,741.18,389.29999999999995,2354.89,300
375,741.18,389.29999999999995,2354.89,300
376,741.18,389.29999999999995,2354.89,300
377,741.18,389.29999999999995,2354.89,300
378,741.18,389.29999999999995,2354.89,300
379,741.18,389.29999999999995,2354.89,300
380,741.18,389.29999999999995,2354.89,300
381,741.18,389.29999999999995,2354.89,300
382,741.18,389.29999999999995,2354.89,300
383,741.18,389.29999999999995,2354.89,300
384,741.18,389.29999999999995,2354.89,300
385,741.18,389.29999999999995,2354.89,300
386,741.18,389.29999999999995,2354.89,300
387,741.18,389.29999999999995,2354.89,300
388,741.18,389.29999999999995,2354.89,300
389,741.18,389.29999999999995,2354.89,300
390,741.18,389.29999999999995,2354.89,300
391,741.18,389.29999999999995,2354.89,300
392,741.18,389.29999999999995,2354.89,300
393,741.18,389.29999999999995,2354.89,300
394,741.18,389.29999999999995,2354.89,300
395,741.18,389.29999999999995,2354.89,300
396,741.18,389.29999999999995,2354.89,300
397,741.18,389.29999999999995,2354.89,300
398,741.18,389.29999999999995,2354.89,300
399,741.18,389.29999999999995,2354.89,300
400,741.18,389.29999999999995,2354.89,300
401,741.18,389.29999999999995,2354.89,300
402,741.18,389.29999999999995,2354.89,300
403,741.18,389.29999999999995,2354.89,300
404,741.18,389.29999999999995,2354.89,300
405,741.18,389.29999999999995,2354.89,300
406,741.18,389.29999999999995,2354.89,300
407,741.18,389.29999999999995,2354.89,300
408,741.18,389.29999999999995,2354.89,300
409,741.18,389.29999999999995,2354.89,300
410,741.18,389.29999999999995,2354.89,300
411,741.18,389.29999999999995,2354.89,300
412,741.18,389.29999999999995,2354.89,300
413,780.45,677.3,973.06,300
414,754.64,677.3,829.67,300
415,754.64,677.3,829.67,300
416,754.64,677.3,829.67,300
417,754.64,677.3,829.67,300
418,754.64,677.3,829.67,300
419,754.64,677.3,829.67,300
420,731.37,677.3,700.39,300
421,731.37,677.3,700.39,300
422,731.37,677.3,700.39,300
423,731.37,677.3,700.39,300
424,731.37,677.3,700.39,300
425,731.37,677.3,700.39,300
426,731.37,677.3,700.39,300
427,731.37,677.3,700.39,300
428,731.37,677.3,700.39,300
429,731.37,677.3,700.39,300
430,731.37,677.3,700.39,300
431,731.37,677.3,700.39,300
432,731.37,677.3,700.39,300
433,731.37,677.3,700.39,300
434,731.37,677.3,700.39,300
435,731.37,677.3,700.39,300
436,731.37,677.3,700.39,300
437,731.37,677.3,700.39,300
438,731.37,677.3,700.39,300
439,731.37,677.3,700.39,300
440,731.37,677.3,700.39,300
441,731.37,677.3,700.39,300
442,731.37,677.3,700.39,300
443,731.37,677.3,700.39,300
444,731.37,677.3,700.39,300
445,731.37,677.3,700.39,300
446,731.37,677.3,700.39,300
447,731.37,677.3,700.39,300
448,731.37,677.3,700.39,300
449,731.37,677.3,700.39,300
450,731.37,677.3,700.39,300
451,731.37,677.3,700.39,300
452,731.37,677.3,700.39,300
453,731.37,677.3,700.39,300
454,731.37,677.3,700.39,300
455,731.37,677.3,700.39,300
456,731.37,677.3,700.39,300
457,731.37,677.3,700.39,300
458,731.37,677.3,700.39,300
459,731.37,677.3,700.39,300
460,731.37,677.3,700.39,300
461,731.37,677.3,700.39,300
462,731.37,677.3,700.39,300
463,731.37,677.3,700.39,300
464,731.37,677.3,700.39,300
465,731.37,677.3,700.39,300
466,731.37,677.3,700.39,300
467,731.37,677.3,700.39,300
468,731.37,677.3,700.39,300
469,731.37,677.3,700.39,300
470,731.37,677.3,700.39,300
471,731.37,677.3,700.39,300
472,731.37,677.3,700.39,300
473,731.37,677.3,700.39,300
474,731.37,677.3,700.39,300
475,731.37,677.3,700.39,300
476,731.37,677.3,700.39,300
477,731.37,677.3,700.39,300
478,731.37,677.3,700.39,300
479,731.37,677.3,700.39,300
480,731.37,677.3,700.39,300
481,731.37,677.3,700.39,300
482,731.37,677.3,700.39,300
483,731.37,677.3,700.39,300
484,731.37,677.3,700.39,300
485,731.37,677.3,700.39,300
486,731.37,677.3,700.39,300
487,731.37,677.3,700.39,300
488,731.37,677.3,700.39,300
489,731.37,677.3,700.39,300
490,731.37,677.3,700.39,300
491,731.37,677.3,700.39,300
492,731.37,677.3,700.39,300
493,731.37,677.3,700.39,300
494,731.37,677.3,700.39,300
495,731.37,677.3,700.39,300
496,731.37,677.3,700.39,300
497,731.37,677.3,700.39,300
498,731.37,677.3,700.39,300
499,731.37,677.3,700.39,300
500,731.37,677.3,700.39,300
501,731.37,677.3,700.39,300
502,731.37,677.3,700.39,300
503,731.37,677.3,700.39,300
504,731.37,677.3,700.39,300
505,731.37,677.3,700.39,300
506,731.37,677.3,700.39,300
507,731.37,677.3,700.39,300
508,731.37,677.3,700.39,300
509,731.37,677.3,700.39,300
510,731.37,677.3,700.39,300
511,731.37,677.3,700.39,300
512,731.37,677.3,700.39,300
513,731.37,677.3,700.39,300
514,731.37,677.3,700.39,300
515,731.37,677.3,700.39,300
516,731.37,677.3,700.39,300
517,731.37,677.3,700.39,300
518,731.37,677.3,700.39,300
519,731.37,677.3,700.39,300
520,731.37,677.3,700.39,300
521,731.37,677.3,700.39,300
522,731.37,677.3,700.39,300
523,731.37,677.3,700.39,300
524,731.37,677.3,700.39,300
525,731.37,677.3,700.39,300
526,731.37,677.3,700.39,300
527,731.37,677.3,700.39,300
528,731.37,677.3,700.39,300
529,731.37,677.3,700.39,300
530,731.37,677.3,700.39,300
531,731.37,677.3,700.39,300
532,731.37,677.3,700.39,300
533,731.37,677.3,700.39,300
534,731.37,677.3,700.39,300
535,731.37,677.3,700.39,300
536,731.37,677.3,700.39,300
537,731.37,677.3,700.39,300
538,731.37,677.3,700.39,300
539,731.37,677.3,700.39,300
540,731.37,677.3,700.39,300
541,731.37,677.3,700.39,300
542,731.37,677.3,700.39,300
543,731.37,677.3,700.39,300
544,731.37,677.3,700.39,300
545,731.37,677.3,700.39,300
546,731.37,677.3,700.39,300
547,731.37,677.3,700.39,300
548,731.37,677.3,700.39,300
549,731.37,677.3,700.39,300
550,731.37,677.3,700.39,300
551,731.37,677.3,700.39,300
552,731.37,677.3,700.39,300
553,731.37,677.3,700.39,300
554,731.37,677.3,700.39,300
555,731.37,677.3,700.39,300
556,731.37,677.3,700.39,300
557,731.37,677.3,700.39,300
558,731.37,677.3,700.39,300
559,731.37,677.3,700.39,300
560,731.37,677.3,700.39,300
561,731.37,677.3,700.39,300
562,731.37,677.3,700.39,300
563,731.37,677.3,700.39,300
564,731.37,677.3,700.39,300
565,731.37,677.3,700.39,300
566,731.37,677.3,700.39,300
567,731.37,677.3,700.39,300
568,731.37,677.3,700.39,300
569,731.37,677.3,700.39,300
570,731.37,677.3,700.39,300
571,731.37,677.3,700.39,300
572,731.37,677.3,700.39,300
573,731.37,677.3,700.39,300
574,731.37,677.3,700.39,300
575,731.37,677.3,700.39,300
576,731.37,677.3,700.39,300
577,731.37,677.3,700.39,300
578,731.37,677.3,700.39,300
579,731.37,677.3,700.39,300
580,731.37,677.3,700.39,300
581,731.37,677.3,700.39,300
582,731.37,677.3,700.39,300
583,731.37,677.3,700.39,300
584,731.37,677.3,700.39,300
585,731.37,677.3,700.39,300
586,731.37,677.3,700.39,300
587,731.37,677.3,700.39,300
588,731.37,677.3,700.39,300
589,731.37,677.3,700.39,300
590,307.24,677.3,0,0
591,619.36,677.3,250,250
592,607.31,677.3,250,250
593,378.9,677.3,250,250
594,378.9,677.3,250,250
595,378.9,677.3,250,250
596,378.9,677.3,250,250
597,378.9,677.3,250,250
598,378.9,677.3,250,250
599,378.9,677.3,250,250
600,378.9,677.3,250,250
601,378.9,677.3,250,250
602,378.9,677.3,250,250
603,378.9,677.3,250,250
604,378.9,677.3,250,250
605,378.9,677.3,250,250
606,378.9,677.3,250,250
607,378.9,677.3,250,250
608,378.9,677.3,250,250
609,378.9,677.3,250,250
610,378.9,677.3,250,250
611,378.9,677.3,250,250
612,378.9,677.3,250,250
613,378.9,677.3,250,250
614,378.9,677.3,250,250
615,378.9,677.3,250,250
616,378.9,677.3,250,250
617,378.9,677.3,250,250
618,378.9,677.3,250,250
619,378.9,677.3,250,250
620,378.9,677.3,250,250
621,378.9,677.3,250,250
622,378.9,677.3,250,250
623,378.9,677.3,250,250
624,378.9,677.3,250,250
625,378.9,677.3,250,250
626,378.9,677.3,250,250
627,378.9,677.3,250,250
628,378.9,677.3,250,250
629,378.9,677.3,250,250
630,378.9,677.3,250,250
631,378.9,677.3,250,250
632,378.9,677.3,250,250
633,378.9,677.3,250,250
634,378.9,677.3,250,250
635,378.9,677.3,250,250
636,378.9,677.3,250,250
637,378.9,677.3,250,250
638,378.9,677.3,250,250
639,378.9,677.3,250,250
640,378.9,677.3,250,250
641,378.9,677.3,250,250
642,378.9,677.3,250,250
643,378.9,677.3,250,250
644,378.9,677.3,250,250
645,378.9,677.3,250,250
646,378.9,677.3,250,250
647,378.9,677.3,250,250
648,378.9,677.3,250,250
649,378.9,677.3,250,250
650,378.9,677.3,250,250
651,378.9,677.3,250,250
652,378.9,677.3,250,250
653,378.9,677.3,250,250
654,378.9,677.3,250,250
655,378.9,677.3,250,250
656,378.9,677.3,250,250
657,378.9,677.3,250,250
658,378.9,677.3,250,250
659,378.9,677.3,250,250
660,378.9,677.3,250,250
661,378.9,677.3,250,250
662,378.9,677.3,250,250
663,378.9,677.3,250,250
664,378.9,677.3,250,250
665,378.9,677.3,250,250
666,378.9,677.3,250,250
667,378.9,677.3,250,250
668,378.9,677.3,250,250
669,378.9,677.3,250,250
670,378.9,677.3,250,250
671,378.9,677.3,250,250
672,378.9,677.3,250,250
673,378.9,677.3,250,250
674,378.9,677.3,250,250
675,378.9,677.3,250,250
676,378.9,677.3,250,250
677,378.9,677.3,250,250
678,378.9,677.3,250,250
679,378.9,677.3,250,250
680,378.9,677.3,250,250
681,378.9,677.3,250,250
682,378.9,677.3,250,250
683,378.9,677.3,250,250
684,378.9,677.3,250,250
685,378.9,677.3,250,250
686,378.9,677.3,250,250
687,378.9,677.3,250,250
688,378.9,677.3,250,250
689,378.9,677.3,250,250
690,378.9,677.3,250,250
691,378.9,677.3,250,250
692,378.9,677.3,250,250
693,378.9,677.3,250,250
694,378.9,677.3,250,250
695,378.9,677.3,250,250
696,378.9,677.3,250,250
697,378.9,677.3,250,250
698,378.9,677.3,250,250
699,378.9,677.3,250,250
700,378.9,677.3,250,250
701,378.9,677.3,250,250
702,378.9,677.3,250,250
703,378.9,677.3,250,250
704,378.9,677.3,250,250
705,378.9,677.3,250,250
706,378.9,677.3,250,250
707,378.9,677.3,250,250
708,378.9,677.3,250,250
709,378.9,677.3,250,250
710,378.9,677.3,250,250
711,378.9,677.3,250,250
712,378.9,677.3,250,250
713,378.9,677.3,250,250
714,378.9,677.3,250,250
715,378.9,677.3,250,250
716,378.9,677.3,250,250
717,378.9,677.3,250,250
718,378.9,677.3,250,250
719,378.9,677.3,250,250
720,378.9,677.3,250,250
721,378.9,677.3,250,250
722,378.9,677.3,250,250
723,378.9,677.3,250,250
724,378.9,677.3,250,250
725,378.9,677.3,250,250
726,378.9,677.3,250,250
727,378.9,677.3,250,250
728,378.9,677.3,250,250
729,378.9,677.3,250,250
730,378.9,677.3,250,250
731,378.9,677.3,250,250
732,378.9,677.3,250,250
733,378.9,677.3,250,250
734,378.9,677.3,250,250
735,378.9,677.3,250,250
736,378.9,677.3,250,250
737,378.9,677.3,250,250
738,378.9,677.3,250,250
739,378.9,677.3,250,250
740,378.9,677.3,250,250
741,309.13,677.3,0,100
742,191.56,677.3,0,0
743,466.89,677.3,250,250
744,266.37,677.3,0,0
745,367.24,677.3,250,250
746,550.44,389.29999999999995,1295.22,300
747,558.71,389.29999999999995,1341.17,300
748,411.11,677.3,250,250
749,463.78999999999996,677.3,250,250
750,790.21,677.3,1027.28,300
751,667.89,677.3,250,250
752,666.13,677.3,250,250
753,666.13,677.3,250,250
754,666.13,677.3,250,250
755,666.13,677.3,250,250
756,666.13,677.3,250,250
757,666.13,677.3,250,250
758,666.13,677.3,250,250
759,666.13,677.3,250,250
760,666.13,677.3,250,250
761,666.13,677.3,250,250
762,666.13,677.3,250,250
763,666.13,677.3,250,250
764,666.13,677.3,250,250
765,666.13,677.3,250,250
766,666.13,677.3,250,250
767,666.13,677.3,250,250
768,666.13,677.3,250,250
769,666.13,677.3,250,250
770,666.13,677.3,250,250
771,666.13,677.3,250,250
772,666.13,677.3,250,250
773,666.13,677.3,250,250
774,666.13,677.3,250,250
775,666.13,677.3,250,250
776,666.13,677.3,250,250
777,666.13,677.3,250,250
778,666.13,677.3,250,250
779,666.13,677.3,250,250
780,666.13,677.3,250,250
781,666.13,677.3,250,250
782,666.13,677.3,250,250
783,666.13,677.3,250,250
784,666.13,677.3,250,250
785,666.13,677.3,250,250
786,666.13,677.3,250,250
787,666.13,677.3,250,250
788,666.13,677.3,250,250
789,666.13,677.3,250,250
790,666.13,677.3,250,250
791,666.13,677.3,250,250
792,666.13,677.3,250,250
793,666.13,677.3,250,250
794,666.13,677.3,250,250
795,666.13,677.3,250,250
796,666.13,677.3,250,250
797,666.13,677.3,250,250
798,666.13,677.3,250,250
799,666.13,677.3,250,250
800,666.13,677.3,250,250
801,666.13,677.3,250,250
802,666.13,677.3,250,250
803,666.13,677.3,250,250
804,666.13,677.3,250,250
805,666.13,677.3,250,250
806,666.13,677.3,250,250
807,666.13,677.3,250,250
808,666.13,677.3,250,250
809,666.13,677.3,250,250
810,666.13,677.3,250,250
811,666.13,677.3,250,250
812,666.13,677.3,250,250
813,666.13,677.3,250,250
814,666.13,677.3,250,250
815,666.13,677.3,250,250
816,666.13,677.3,250,250
817,666.13,677.3,250,250
818,666.13,677.3,250,250
819,666.13,677.3,250,250
820,666.13,677.3,250,250
821,666.13,677.3,250,250
822,666.13,677.3,250,250
823,666.13,677.3,250,250
824,666.13,677.3,250,250
825,666.13,677.3,250,250
826,666.13,677.3,250,250
827,666.13,677.3,250,250
828,666.13,677.3,250,250
829,666.13,677.3,250,250
830,666.13,677.3,250,250
831,666.13,677.3,250,250
832,666.13,677.3,250,250
833,666.13,677.3,250,250
834,666.13,677.3,250,250
835,666.13,677.3,250,250
836,666.13,677.3,250,250
837,666.13,677.3,250,250
838,666.13,677.3,250,250
839,666.13,677.3,250,250
840,666.13,677.3,250,250
841,666.13,677.3,250,250
842,666.13,677.3,250,250
843,666.13,677.3,250,250
844,666.13,677.3,250,250
845,666.13,677.3,250,250
846,666.13,677.3,250,250
847,666.13,677.3,250,250
848,666.13,677.3,250,250
849,666.13,677.3,250,250
850,666.13,677.3,250,250
851,666.13,677.3,250,250
852,666.13,677.3,250,250
853,666.13,677.3,250,250
854,666.13,677.3,250,250
855,666.13,677.3,250,250
856,666.13,677.3,250,250
857,666.13,677.3,250,250
858,666.13,677.3,250,250
859,666.13,677.3,250,250
860,666.13,677.3,250,250
861,666.13,677.3,250,250
862,666.13,677.3,250,250
863,666.13,677.3,250,250
864,666.13,677.3,250,250
865,666.13,677.3,250,250
866,666.13,677.3,250,250
867,666.13,677.3,250,250
868,666.13,677.3,250,250
869,666.13,677.3,250,250
870,666.13,677.3,250,250
871,666.13,677.3,250,250
872,666.13,677.3,250,250
873,666.13,677.3,250,250
874,666.13,677.3,250,250
875,666.13,677.3,250,250
876,666.13,677.3,250,250
877,666.13,677.3,250,250
878,666.13,677.3,250,250
879,666.13,677.3,250,250
880,666.13,677.3,250,250
881,666.13,677.3,250,250
882,666.13,677.3,250,250
883,666.13,677.3,250,250
884,666.13,677.3,250,250
885,666.13,677.3,250,250
886,666.13,677.3,250,250
887,666.13,677.3,250,250
888,666.13,677.3,250,250
889,666.13,677.3,250,250
890,666.13,677.3,250,250
891,666.13,677.3,250,250
892,666.13,677.3,250,250
893,666.13,677.3,250,250
894,666.13,677.3,250,250
895,666.13,677.3,250,250
896,666.13,677.3,250,250
897,666.13,677.3,250,250
898,666.13,677.3,250,250
899,666.13,677.3,250,250
900,666.13,677.3,250,250
901,666.13,677.3,250,250
902,666.13,677.3,250,250
903,666.13,677.3,250,250
904,666.13,677.3,250,250
905,666.13,677.3,250,250
906,666.13,677.3,250,250
907,666.13,677.3,250,250
908,666.13,677.3,250,250
909,666.13,677.3,250,250
910,666.13,677.3,250,250
911,666.13,677.3,250,250
912,666.13,677.3,250,250
913,666.13,677.3,250,250
914,666.13,677.3,250,250
915,666.13,677.3,250,250
916,666.13,677.3,250,250
917,666.13,677.3,250,250
918,666.13,677.3,250,250
919,666.13,677.3,250,250
920,666.13,677.3,250,250
921,666.13,677.3,250,250
922,666.13,677.3,250,250
923,666.13,677.3,250,250
924,666.13,677.3,250,250
925,666.13,677.3,250,250
926,666.13,677.3,250,250
927,666.13,677.3,250,250
928,666.13,677.3,250,250
929,666.13,677.3,250,250
930,666.13,677.3,250,250
931,320.79999999999995,677.3,43.75,100
932,320.79999999999995,677.3,43.75,100
933,320.79999999999995,677.3,43.75,100
934,320.79999999999995,677.3,43.75,100
935,320.79999999999995,677.3,43.75,100
936,320.79999999999995,677.3,43.75,100
937,320.79999999999995,677.3,43.75,100
938,320.79999999999995,677.3,43.75,100
939,320.79999999999995,677.3,43.75,100
940,320.79999999999995,677.3,43.75,100
941,320.79999999999995,677.3,43.75,100
942,320.79999999999995,677.3,43.75,100
943,320.79999999999995,677.3,43.75,100
944,320.79999999999995,677.3,43.75,100
945,320.79999999999995,677.3,43.75,100
946,320.79999999999995,677.3,43.75,100
947,320.79999999999995,677.3,43.75,100
948,320.79999999999995,677.3,43.75,100
949,320.79999999999995,677.3,43.75,100
950,320.79999999999995,677.3,43.75,100
951,320.79999999999995,677.3,43.75,100
952,320.79999999999995,677.3,43.75,100
953,320.79999999999995,677.3,43.75,100
954,320.79999999999995,677.3,43.75,100
955,320.79999999999995,677.3,43.75,100
956,320.79999999999995,677.3,43.75,100
957,320.79999999999995,677.3,43.75,100
958,320.79999999999995,677.3,43.75,100
959,320.79999999999995,677.3,43.75,100
960,320.79999999999995,677.3,43.75,100
961,320.79999999999995,677.3,43.75,100
962,320.79999999999995,677.3,43.75,100
963,320.79999999999995,677.3,43.75,100
964,320.79999999999995,677.3,43.75,100
965,320.79999999999995,677.3,43.75,100
966,320.79999999999995,677.3,43.75,100
967,320.79999999999995,677.3,43.75,100
968,320.79999999999995,677.3,43.75,100
969,320.79999999999995,677.3,43.75,100
970,320.79999999999995,677.3,43.75,100
971,320.79999999999995,677.3,43.75,100
972,320.79999999999995,677.3,43.75,100
973,320.79999999999995,677.3,43.75,100
974,320.79999999999995,677.3,43.75,100
975,320.79999999999995,677.3,43.75,100
976,320.79999999999995,677.3,43.75,100
977,320.79999999999995,677.3,43.75,100
978,320.79999999999995,677.3,43.75,100
979,320.79999999999995,677.3,43.75,100
980,320.79999999999995,677.3,43.75,100
981,320.79999999999995,677.3,43.75,100
982,320.79999999999995,677.3,43.75,100
983,320.79999999999995,677.3,43.75,100
984,320.79999999999995,677.3,43.75,100
985,320.79999999999995,677.3,43.75,100
986,320.79999999999995,677.3,43.75,100
987,320.79999999999995,677.3,43.75,100
988,320.79999999999995,677.3,43.75,100
989,320.79999999999995,677.3,43.75,100
990,320.79999999999995,677.3,43.75,100
991,320.79999999999995,677.3,43.75,100
992,320.79999999999995,677.3,43.75,100
993,320.79999999999995,677.3,43.75,100
994,320.79999999999995,677.3,43.75,100
995,320.79999999999995,677.3,43.75,100
996,320.79999999999995,677.3,43.75,100
997,320.79999999999995,677.3,43.75,100
998,320.79999999999995,677.3,43.75,100
999,320.79999999999995,677.3,43.75,100
1000,320.79999999999995,677.3,43.75,100
1001,320.79999999999995,677.3,43.75,100
1002,320.79999999999995,677.3,43.75,100
1003,320.79999999999995,677.3,43.75,100
1004,320.79999999999995,677.3,43.75,100
1005,320.79999999999995,677.3,43.75,100
1006,320.79999999999995,677.3,43.75,100
1007,320.79999999999995,677.3,43.75,100
1008,320.79999999999995,677.3,43.75,100
1009,320.79999999999995,677.3,43.75,100
1010,320.79999999999995,677.3,43.75,100
1011,320.79999999999995,677.3,43.75,100
1012,320.79999999999995,677.3,43.75,100
1013,320.79999999999995,677.3,43.75,100
1014,320.79999999999995,677.3,43.75,100
1015,320.79999999999995,677.3,43.75,100
1016,320.79999999999995,677.3,43.75,100
1017,320.79999999999995,677.3,43.75,100
1018,320.79999999999995,677.3,43.75,100
1019,320.79999999999995,677.3,43.75,100
1020,320.79999999999995,677.3,43.75,100
1021,320.79999999999995,677.3,43.75,100
1022,320.79999999999995,677.3,43.75,100
1023,320.79999999999995,677.3,43.75,100
1024,320.79999999999995,677.3,43.75,100
1025,320.79999999999995,677.3,43.75,100
1026,320.79999999999995,677.3,43.75,100
1027,320.79999999999995,677.3,43.75,100
1028,320.79999999999995,677.3,43.75,100
1029,320.79999999999995,677.3,43.75,100
1030,320.79999999999995,677.3,43.75,100
1031,320.79999999999995,677.3,43.75,100
1032,320.79999999999995,677.3,43.75,100
1033,320.79999999999995,677.3,43.75,100
1034,320.79999999999995,677.3,43.75,100
1035,320.79999999999995,677.3,43.75,100
1036,320.79999999999995,677.3,43.75,100
1037,320.79999999999995,677.3,43.75,100
1038,320.79999999999995,677.3,43.75,100
1039,320.79999999999995,677.3,43.75,100
1040,320.79999999999995,677.3,43.75,100
1041,320.79999999999995,677.3,43.75,100
1042,320.79999999999995,677.3,43.75,100
1043,320.79999999999995,677.3,43.75,100
1044,320.79999999999995,677.3,43.75,100
1045,320.79999999999995,677.3,43.75,100
1046,320.79999999999995,677.3,43.75,100
1047,320.79999999999995,677.3,43.75,100
1048,320.79999999999995,677.3,43.75,100
1049,320.79999999999995,677.3,43.75,100
1050,320.79999999999995,677.3,43.75,100
1051,320.79999999999995,677.3,43.75,100
1052,320.79999999999995,677.3,43.75,100
1053,320.79999999999995,677.3,43.75,100
1054,320.79999999999995,677.3,43.75,100
1055,320.79999999999995,677.3,43.75,100
1056,320.79999999999995,677.3,43.75,100
1057,320.79999999999995,677.3,43.75,100
1058,320.79999999999995,677.3,43.75,100
1059,320.79999999999995,677.3,43.75,100
1060,320.79999999999995,677.3,43.75,100
1061,320.79999999999995,677.3,43.75,100
1062,320.79999999999995,677.3,43.75,100
1063,320.79999999999995,677.3,43.75,100
1064,320.79999999999995,677.3,43.75,100
1065,320.79999999999995,677.3,43.75,100
1066,320.79999999999995,677.3,43.75,100
1067,320.79999999999995,677.3,43.75,100
1068,320.79999999999995,677.3,43.75,100
1069,320.79999999999995,677.3,43.75,100
1070,320.79999999999995,677.3,43.75,100
1071,320.79999999999995,677.3,43.75,100
1072,320.79999999999995,677.3,43.75,100
1073,320.79999999999995,677.3,43.75,100
1074,320.79999999999995,677.3,43.75,100
1075,320.79999999999995,677.3,43.75,100
1076,320.79999999999995,677.3,43.75,100
1077,320.79999999999995,677.3,43.75,100
1078,320.79999999999995,677.3,43.75,100
1079,320.79999999999995,677.3,43.75,100
1080,320.79999999999995,677.3,43.75,100
1081,320.79999999999995,677.3,43.75,100
1082,320.79999999999995,677.3,43.75,100
1083,320.79999999999995,677.3,43.75,100
1084,320.79999999999995,677.3,43.75,100
1085,320.79999999999995,677.3,43.75,100
1086,320.79999999999995,677.3,43.75,100
1087,320.79999999999995,677.3,43.75,100
1088,574.59,677.3,250,250
1089,435.72,677.3,250,250
1090,316.97,677.3,0,100
1091,318.74,389.29999999999995,18.0,100
1092,291.54,677.3,0,0
1093,700.75,677.3,530.28,300
1094,546.35,677.3,250,250
1095,627.3,389.29999999999995,1722.22,300
1096,660.32,677.3,250,250
1097,581.9,677.3,250,250
1098,342.85,677.3,319.38,100
1099,232.08999999999997,677.3,0,0
1100,232.08999999999997,677.3,0,0
1101,232.08999999999997,677.3,0,0
1102,232.08999999999997,677.3,0,0
1103,232.08999999999997,677.3,0,0
1104,232.08999999999997,677.3,0,0
1105,232.08999999999997,677.3,0,0
1106,232.08999999999997,677.3,0,0
1107,232.08999999999997,677.3,0,0
1108,232.08999999999997,677.3,0,0
1109,232.08999999999997,677.3,0,0
1110,232.08999999999997,677.3,0,0
1111,232.08999999999997,677.3,0,0
1112,232.08999999999997,677.3,0,0
1113,232.08999999999997,677.3,0,0
1114,232.08999999999997,677.3,0,0
1115,232.08999999999997,677.3,0,0
1116,232.08999999999997,677.3,0,0
1117,232.08999999999997,677.3,0,0
1118,232.08999999999997,677.3,0,0
1119,232.08999999999997,677.3,0,0
1120,232.08999999999997,677.3,0,0
1121,232.08999999999997,677.3,0,0
1122,232.08999999999997,677.3,0,0
1123,232.08999999999997,677.3,0,0
1124,232.08999999999997,677.3,0,0
1125,232.08999999999997,677.3,0,0
1126,232.08999999999997,677.3,0,0
1127,232.08999999999997,677.3,0,0
1128,232.08999999999997,677.3,0,0
1129,232.08999999999997,677.3,0,0
1130,232.08999999999997,677.3,0,0
1131,232.08999999999997,677.3,0,0
1132,232.08999999999997,677.3,0,0
1133,232.08999999999997,677.3,0,0
1134,232.08999999999997,677.3,0,0
1135,232.08999999999997,677.3,0,0
1136,232.08999999999997,677.3,0,0
1137,232.08999999999997,677.3,0,0
1138,232.08999999999997,677.3,0,0
1139,232.08999999999997,677.3,0,0
1140,232.08999999999997,677.3,0,0
1141,232.08999999999997,677.3,0,0
1142,232.08999999999997,677.3,0,0
1143,232.08999999999997,677.3,0,0
1144,232.08999999999997,677.3,0,0
1145,232.08999999999997,677.3,0,0
1146,232.08999999999997,677.3,0,0
1147,232.08999999999997,677.3,0,0
1148,232.08999999999997,677.3,0,0
1149,232.08999999999997,677.3,0,0
1150,232.08999999999997,677.3,0,0
1151,232.08999999999997,677.3,0,0
1152,232.08999999999997,677.3,0,0
1153,232.08999999999997,677.3,0,0
1154,232.08999999999997,677.3,0,0
1155,232.08999999999997,677.3,0,0
1156,232.08999999999997,677.3,0,0
1157,232.08999999999997,677.3,0,0
1158,232.08999999999997,677.3,0,0
1159,232.08999999999997,677.3,0,0
1160,232.08999999999997,677.3,0,0
1161,232.08999999999997,677.3,0,0
1162,232.08999999999997,677.3,0,0
1163,232.08999999999997,677.3,0,0
1164,232.08999999999997,677.3,0,0
1165,626.73,389.29999999999995,1719.06,300
1166,663.86,677.3,250,250
1167,663.86,677.3,250,250
1168,663.86,677.3,250,250
1169,625.81,677.3,250,250
1170,700.07,677.3,526.5,300
1171,733.69,677.3,713.28,300
1172,568.43,677.3,250,250
1173,679.88,677.3,414.33,300
1174,482.89,677.3,250,250
1175,691.63,677.3,479.61,300
1176,691.63,677.3,479.61,300
1177,717.22,677.3,621.78,300
1178,742.4,677.3,761.67,300
1179,737.03,677.3,731.83,300
1180,737.03,677.3,731.83,300
1181,737.03,677.3,731.83,300
1182,737.03,677.3,731.83,300
1183,619.47,677.3,250,250
1184,713.37,677.3,600.39,300
1185,545.09,677.3,250,250
1186,545.09,677.3,250,250
1187,772.67,389.29999999999995,2529.83,300
1188,772.67,389.29999999999995,2529.83,300
1189,772.67,389.29999999999995,2529.83,300
1190,605.3,677.3,250,250
1191,605.3,677.3,250,250
1192,664.36,677.3,250,250
1193,731.95,677.3,703.61,300
1194,731.95,677.3,703.61,300
1195,571.54,677.3,250,250
1196,764.71,677.3,885.61,300
1197,807.29,677.3,1122.17,300
1198,807.29,677.3,1122.17,300
1199,807.29,677.3,1122.17,300
1200,807.29,677.3,1122.17,300
1201,807.29,677.3,1122.17,300
1202,807.29,677.3,1122.17,300
1203,586.15,677.3,250,250
1204,586.15,677.3,250,250
1205,663.61,677.3,250,250
1206,687.0,389.29999999999995,2053.89,300
1207,597.33,677.3,250,250
1208,597.33,677.3,250,250
1209,769.26,677.3,910.89,300
1210,782.59,677.3,984.94,300
1211,689.58,677.3,468.22,300
1212,694.54,677.3,495.78,300
1213,783.22,677.3,988.44,300
1214,783.22,677.3,988.44,300
1215,783.22,677.3,988.44,300
1216,783.22,677.3,988.44,300
1217,783.22,677.3,988.44,300
1218,783.22,677.3,988.44,300
1219,783.22,677.3,988.44,300
1220,783.22,677.3,988.44,300
1221,783.22,677.3,988.44,300
1222,783.22,677.3,988.44,300
1223,783.22,677.3,988.44,300
1224,783.22,677.3,988.44,300
1225,783.22,677.3,988.44,300
1226,783.22,677.3,988.44,300
1227,783.22,677.3,988.44,300
1228,783.22,677.3,988.44,300
1229,783.22,677.3,988.44,300
1230,783.22,677.3,988.44,300
1231,783.22,677.3,988.44,300
1232,783.22,677.3,988.44,300
1233,783.22,677.3,988.44,300
1234,783.22,677.3,988.44,300
1235,783.22,677.3,988.44,300
1236,783.22,677.3,988.44,300
1237,783.22,677.3,988.44,300
1238,783.22,677.3,988.44,300
1239,783.22,677.3,988.44,300
1240,783.22,677.3,988.44,300
1241,783.22,677.3,988.44,300
1242,783.22,677.3,988.44,300
1243,783.22,677.3,988.44,300
1244,783.22,677.3,988.44,300
1245,783.22,677.3,988.44,300
1246,783.22,677.3,988.44,300
1247,783.22,677.3,988.44,300
1248,783.22,677.3,988.44,300
1249,783.22,677.3,988.44,300
1250,783.22,677.3,988.44,300
1251,783.22,677.3,988.44,300
1252,783.22,677.3,988.44,300
1253,783.22,677.3,988.44,300
1254,783.22,677.3,988.44,300
1255,783.22,677.3,988.44,300
1256,783.22,677.3,988.44,300
1257,783.22,677.3,988.44,300
1258,783.22,677.3,988.44,300
1259,783.22,677.3,988.44,300
1260,783.22,677.3,988.44,300
1261,783.22,677.3,988.44,300
1262,783.22,677.3,988.44,300
1263,783.22,677.3,988.44,300
1264,783.22,677.3,988.44,300
1265,783.22,677.3,988.44,300
1266,783.22,677.3,988.44,300
1267,783.22,677.3,988.44,300
1268,783.22,677.3,988.44,300
1269,783.22,677.3,988.44,300
1270,783.22,677.3,988.44,300
1271,783.22,677.3,988.44,300
1272,783.22,677.3,988.44,300
1273,783.22,677.3,988.44,300
1274,783.22,677.3,988.44,300
1275,783.22,677.3,988.44,300
1276,783.22,677.3,988.44,300
1277,783.22,677.3,988.44,300
1278,783.22,677.3,988.44,300
1279,783.22,677.3,988.44,300
1280,783.22,677.3,988.44,300
1281,783.22,677.3,988.44,300
1282,783.22,677.3,988.44,300
1283,783.22,677.3,988.44,300
1284,783.22,677.3,988.44,300
1285,783.22,677.3,988.44,300
1286,783.22,677.3,988.44,300
1287,783.22,677.3,988.44,300
1288,783.22,677.3,988.44,300
1289,783.22,677.3,988.44,300
1290,783.22,677.3,988.44,300
1291,783.22,677.3,988.44,300
1292,783.22,677.3,988.44,300
1293,783.22,677.3,988.44,300
1294,783.22,677.3,988.44,300
1295,783.22,677.3,988.44,300
1296,783.22,677.3,988.44,300
1297,783.22,677.3,988.44,300
1298,783.22,677.3,988.44,300
1299,783.22,677.3,988.44,300
1300,783.22,677.3,988.44,300
1301,783.22,677.3,988.44,300
1302,783.22,677.3,988.44,300
1303,783.22,677.3,988.44,300
1304,783.22,677.3,988.44,300
1305,783.22,677.3,988.44,300
1306,783.22,677.3,988.44,300
1307,783.22,677.3,988.44,300
1308,783.22,677.3,988.44,300
1309,783.22,677.3,988.44,300
1310,783.22,677.3,988.44,300
1311,783.22,677.3,988.44,300
1312,783.22,677.3,988.44,300
1313,783.22,677.3,988.44,300
1314,783.22,677.3,988.44,300
1315,783.22,677.3,988.44,300
1316,783.22,677.3,988.44,300
1317,783.22,677.3,988.44,300
1318,783.22,677.3,988.44,300
1319,783.22,677.3,988.44,300
1320,783.22,677.3,988.44,300
1321,783.22,677.3,988.44,300
1322,783.22,677.3,988.44,300
1323,783.22,677.3,988.44,300
1324,783.22,677.3,988.44,300
1325,783.22,677.3,988.44,300
1326,783.22,677.3,988.44,300
1327,783.22,677.3,988.44,300
1328,783.22,677.3,988.44,300
1329,783.22,677.3,988.44,300
1330,783.22,677.3,988.44,300
1331,783.22,677.3,988.44,300
1332,783.22,677.3,988.44,300
1333,783.22,677.3,988.44,300
1334,783.22,677.3,988.44,300
1335,783.22,677.3,988.44,300
1336,783.22,677.3,988.44,300
1337,783.22,677.3,988.44,300
1338,783.22,677.3,988.44,300
1339,783.22,677.3,988.44,300
1340,783.22,677.3,988.44,300
1341,783.22,677.3,988.44,300
1342,783.22,677.3,988.44,300
1343,783.22,677.3,988.44,300
1344,783.22,677.3,988.44,300
1345,783.22,677.3,988.44,300
1346,783.22,677.3,988.44,300
1347,783.22,677.3,988.44,300
1348,783.22,677.3,988.44,300
1349,820.53,677.3,1195.72,300
1350,783.32,677.3,989.0,300
1351,771.02,389.29999999999995,2520.67,300
1352,783.27,389.29999999999995,2588.72,300
1353,822.96,677.3,1209.22,300
1354,885.56,677.3,1500,500
1355,877.46,389.29999999999995,1500,500
1356,557.02,677.3,250,250
1357,717.68,677.3,624.33,300
1358,641.49,677.3,250,250
1359,767.69,677.3,902.17,300
1360,741.47,677.3,756.5,300
1361,519.15,677.3,250,250
1362,499.22,677.3,250,250
1363,499.22,677.3,250,250
1364,499.22,677.3,250,250
1365,499.22,677.3,250,250
1366,499.22,677.3,250,250
1367,499.22,677.3,250,250
1368,499.22,677.3,250,250
1369,499.22,677.3,250,250
1370,499.22,677.3,250,250
1371,499.22,677.3,250,250
1372,499.22,677.3,250,250
1373,499.22,677.3,250,250
1374,499.22,677.3,250,250
1375,499.22,677.3,250,250
1376,499.22,677.3,250,250
1377,499.22,677.3,250,250
1378,499.22,677.3,250,250
1379,499.22,677.3,250,250
1380,499.22,677.3,250,250
1381,499.22,677.3,250,250
1382,499.22,677.3,250,250
1383,499.22,677.3,250,250
1384,499.22,677.3,250,250
1385,499.22,677.3,250,250
1386,499.22,677.3,250,250
1387,499.22,677.3,250,250
1388,499.22,677.3,250,250
1389,499.22,677.3,250,250
1390,499.22,677.3,250,250
1391,499.22,677.3,250,250
1392,499.22,677.3,250,250
1393,499.22,677.3,250,250
1394,499.22,677.3,250,250
1395,499.22,677.3,250,250
1396,499.22,677.3,250,250
1397,499.22,677.3,250,250
1398,499.22,677.3,250,250
1399,499.22,677.3,250,250
1400,499.22,677.3,250,250
1401,499.22,677.3,250,250
1402,762.9,677.3,875.56,300
1403,816.7,389.29999999999995,2774.44,300
1404,699.06,677.3,520.89,300
1405,810.01,677.3,1137.28,300
1406,816.37,677.3,1172.61,300
1407,763.94,677.3,881.33,300
1408,763.94,677.3,881.33,300
1409,763.94,677.3,881.33,300
1410,763.94,677.3,881.33,300
1411,763.94,677.3,881.33,300
1412,763.94,677.3,881.33,300
1413,763.94,677.3,881.33,300
1414,763.94,677.3,881.33,300
1415,763.94,677.3,881.33,300
1416,763.94,677.3,881.33,300
1417,763.94,677.3,881.33,300
1418,763.94,677.3,881.33,300
1419,763.94,677.3,881.33,300
1420,763.94,677.3,881.33,300
1421,763.94,677.3,881.33,300
1422,763.94,677.3,881.33,300
1423,763.94,677.3,881.33,300
1424,763.94,677.3,881.33,300
1425,763.94,677.3,881.33,300
1426,763.94,677.3,881.33,300
1427,763.94,677.3,881.33,300
1428,763.94,677.3,881.33,300
1429,763.94,677.3,881.33,300
1430,763.94,677.3,881.33,300
1431,763.94,677.3,881.33,300
1432,763.94,677.3,881.33,300
1433,763.94,677.3,881.33,300
1434,763.94,677.3,881.33,300
1435,763.94,677.3,881.33,300
1436,763.94,677.3,881.33,300
1437,763.94,677.3,881.33,300
1438,819.18,677.3,1188.22,300
1439,809.03,677.3,1131.83,300
1440,809.03,677.3,1131.83,300
1441,784.86,677.3,997.56,300
1442,783.95,677.3,992.5,300
1443,576.33,677.3,250,250
1444,576.33,677.3,250,250
1445,576.33,677.3,250,250
1446,576.33,677.3,250,250
1447,576.33,677.3,250,250
1448,576.33,677.3,250,250
1449,576.33,677.3,250,250
1450,576.33,677.3,250,250
1451,576.33,677.3,250,250
1452,576.33,677.3,250,250
1453,576.33,677.3,250,250
1454,576.33,677.3,250,250
1455,576.33,677.3,250,250
1456,576.33,677.3,250,250
1457,576.33,677.3,250,250
1458,576.33,677.3,250,250
1459,576.33,677.3,250,250
1460,576.33,677.3,250,250
1461,576.33,677.3,250,250
1462,576.33,677.3,250,250
1463,576.33,677.3,250,250
1464,576.33,677.3,250,250
1465,576.33,677.3,250,250
1466,576.33,677.3,250,250
1467,576.33,677.3,250,250
1468,576.33,677.3,250,250
1469,576.33,677.3,250,250
1470,576.33,677.3,250,250
1471,576.33,677.3,250,250
1472,576.33,677.3,250,250
1473,576.33,677.3,250,250
1474,576.33,677.3,250,250
1475,576.33,677.3,250,250
1476,576.33,677.3,250,250
1477,576.33,677.3,250,250
1478,576.33,677.3,250,250
1479,576.33,677.3,250,250
1480,576.33,677.3,250,250
1481,576.33,677.3,250,250
1482,576.33,677.3,250,250
1483,576.33,677.3,250,250
1484,576.33,677.3,250,250
1485,576.33,677.3,250,250
1486,576.33,677.3,250,250
1487,576.33,677.3,250,250
1488,576.33,677.3,250,250
1489,576.33,677.3,250,250
1490,576.33,677.3,250,250
1491,576.33,677.3,250,250
1492,576.33,677.3,250,250
1493,576.33,677.3,250,250
1494,576.33,677.3,250,250
1495,576.33,677.3,250,250
1496,576.33,677.3,250,250
1497,576.33,677.3,250,250
1498,576.33,677.3,250,250
1499,576.33,677.3,250,250
1500,576.33,677.3,250,250
1501,576.33,677.3,250,250
1502,576.33,677.3,250,250
1503,576.33,677.3,250,250
1504,576.33,677.3,250,250
1505,576.33,677.3,250,250
1506,576.33,677.3,250,250
1507,576.33,677.3,250,250
1508,576.33,677.3,250,250
1509,576.33,677.3,250,250
1510,576.33,677.3,250,250
1511,576.33,677.3,250,250
1512,576.33,677.3,250,250
1513,576.33,677.3,250,250
1514,576.33,677.3,250,250
1515,576.33,677.3,250,250
1516,576.33,677.3,250,250
1517,576.33,677.3,250,250
1518,576.33,677.3,250,250
1519,576.33,677.3,250,250
1520,576.33,677.3,250,250
1521,576.33,677.3,250,250
1522,576.33,677.3,250,250
1523,576.33,677.3,250,250
1524,576.33,677.3,250,250
1525,576.33,677.3,250,250
1526,576.33,677.3,250,250
1527,576.33,677.3,250,250
1528,576.33,677.3,250,250
1529,576.33,677.3,250,250
1530,576.33,677.3,250,250
1531,576.33,677.3,250,250
1532,576.33,677.3,250,250
1533,576.33,677.3,250,250
1534,576.33,677.3,250,250
1535,576.33,677.3,250,250
1536,576.33,677.3,250,250
1537,576.33,677.3,250,250
1538,576.33,677.3,250,250
1539,576.33,677.3,250,250
1540,576.33,677.3,250,250
1541,576.33,677.3,250,250
1542,576.33,677.3,250,250
1543,576.33,677.3,250,250
1544,576.33,677.3,250,250
1545,576.33,677.3,250,250
1546,576.33,677.3,250,250
1547,576.33,677.3,250,250
1548,576.33,677.3,250,250
1549,576.33,677.3,250,250
1550,576.33,677.3,250,250
1551,576.33,677.3,250,250
1552,576.33,677.3,250,250
1553,576.33,677.3,250,250
1554,576.33,677.3,250,250
1555,576.33,677.3,250,250
1556,576.33,677.3,250,250
1557,576.33,677.3,250,250
1558,576.33,677.3,250,250
1559,576.33,677.3,250,250
1560,576.33,677.3,250,250
1561,576.33,677.3,250,250
1562,576.33,677.3,250,250
1563,576.33,677.3,250,250
1564,576.33,677.3,250,250
1565,576.33,677.3,250,250
1566,576.33,677.3,250,250
1567,576.33,677.3,250,250
1568,576.33,677.3,250,250
1569,576.33,677.3,250,250
1570,576.33,677.3,250,250
1571,576.33,677.3,250,250
1572,576.33,677.3,250,250
1573,576.33,677.3,250,250
1574,576.33,677.3,250,250
1575,576.33,677.3,250,250
1576,576.33,677.3,250,250
1577,576.33,677.3,250,250
1578,576.33,677.3,250,250
1579,576.33,677.3,250,250
1580,576.33,677.3,250,250
1581,576.33,677.3,250,250
1582,576.33,677.3,250,250
1583,576.33,677.3,250,250
1584,576.33,677.3,250,250
1585,576.33,677.3,250,250
1586,576.33,677.3,250,250
1587,576.33,677.3,250,250
1588,576.33,677.3,250,250
1589,576.33,677.3,250,250
1590,576.33,677.3,250,250
1591,576.33,677.3,250,250
1592,576.33,677.3,250,250
1593,576.33,677.3,250,250
1594,576.33,677.3,250,250
1595,576.33,677.3,250,250
1596,576.33,677.3,250,250
1597,576.33,677.3,250,250
1598,576.33,677.3,250,250
1599,576.33,677.3,250,250
1600,576.33,677.3,250,250
1601,576.33,677.3,250,250
1602,576.33,677.3,250,250
1603,576.33,677.3,250,250
1604,576.33,677.3,250,250
1605,576.33,677.3,250,250
1606,576.33,677.3,250,250
1607,576.33,677.3,250,250
1608,576.33,677.3,250,250
1609,576.33,677.3,250,250
1610,576.33,677.3,250,250
1611,576.33,677.3,250,250
1612,576.33,677.3,250,250
1613,576.33,677.3,250,250
1614,576.33,677.3,250,250
1615,576.33,677.3,250,250
1616,576.33,677.3,250,250
1617,576.33,677.3,250,250
1618,576.33,677.3,250,250
1619,576.33,677.3,250,250
1620,576.33,677.3,250,250
1621,576.33,677.3,250,250
1622,576.33,677.3,250,250
1623,576.33,677.3,250,250
1624,576.33,677.3,250,250
1625,576.33,677.3,250,250
1626,576.33,677.3,250,250
1627,576.33,677.3,250,250
1628,576.33,677.3,250,250
1629,576.33,677.3,250,250
1630,576.33,677.3,250,250
1631,576.33,677.3,250,250
1632,576.33,677.3,250,250
1633,576.33,677.3,250,250
1634,576.33,677.3,250,250
1635,576.33,677.3,250,250
1636,576.33,677.3,250,250
1637,576.33,677.3,250,250
1638,576.33,677.3,250,250
1639,576.33,677.3,250,250
1640,576.33,677.3,250,250
1641,576.33,677.3,250,250
1642,576.33,677.3,250,250
1643,576.33,677.3,250,250
1644,576.33,677.3,250,250
1645,576.33,677.3,250,250
1646,576.33,677.3,250,250
1647,576.33,677.3,250,250
1648,576.33,677.3,250,250
1649,576.33,677.3,250,250
1650,576.33,677.3,250,250
1651,576.33,677.3,250,250
1652,576.33,677.3,250,250
1653,576.33,677.3,250,250
1654,576.33,677.3,250,250
1655,576.33,677.3,250,250
1656,576.33,677.3,250,250
1657,576.33,677.3,250,250
1658,576.33,677.3,250,250
1659,576.33,677.3,250,250
1660,576.33,677.3,250,250
1661,576.33,677.3,250,250
1662,576.33,677.3,250,250
1663,576.33,677.3,250,250
1664,576.33,677.3,250,250
1665,576.33,677.3,250,250
1666,576.33,677.3,250,250
1667,576.33,677.3,250,250
1668,576.33,677.3,250,250
1669,576.33,677.3,250,250
1670,576.33,677.3,250,250
1671,576.33,677.3,250,250
1672,576.33,677.3,250,250
1673,576.33,677.3,250,250
1674,576.33,677.3,250,250
1675,576.33,677.3,250,250
1676,576.33,677.3,250,250
1677,576.33,677.3,250,250
1678,576.33,677.3,250,250
1679,576.33,677.3,250,250
1680,576.33,677.3,250,250
1681,576.33,677.3,250,250
1682,576.33,677.3,250,250
1683,576.33,677.3,250,250
1684,576.33,677.3,250,250
1685,576.33,677.3,250,250
1686,576.33,677.3,250,250
1687,576.33,677.3,250,250
1688,576.33,677.3,250,250
1689,576.33,677.3,250,250
1690,576.33,677.3,250,250
1691,576.33,677.3,250,250
1692,576.33,677.3,250,250
1693,576.33,677.3,250,250
1694,641.41,677.3,250,250
1695,583.27,677.3,250,250
1696,583.27,677.3,250,250
1697,583.27,677.3,250,250
1698,583.27,677.3,250,250
1699,583.27,677.3,250,250
1700,583.27,677.3,250,250
1701,583.27,677.3,250,250
1702,583.27,677.3,250,250
1703,583.27,677.3,250,250
1704,583.27,677.3,250,250
1705,583.27,677.3,250,250
1706,583.27,677.3,250,250
1707,583.27,677.3,250,250
1708,583.27,677.3,250,250
1709,583.27,677.3,250,250
1710,583.27,677.3,250,250
1711,583.27,677.3,250,250
1712,583.27,677.3,250,250
1713,583.27,677.3,250,250
1714,583.27,677.3,250,250
1715,583.27,677.3,250,250
1716,583.27,677.3,250,250
1717,583.27,677.3,250,250
1718,583.27,677.3,250,250
1719,583.27,677.3,250,250
1720,583.27,677.3,250,250
1721,583.27,677.3,250,250
1722,583.27,677.3,250,250
1723,583.27,677.3,250,250
1724,583.27,677.3,250,250
1725,583.27,677.3,250,250
1726,583.27,677.3,250,250
1727,583.27,677.3,250,250
1728,583.27,677.3,250,250
1729,583.27,677.3,250,250
1730,583.27,677.3,250,250
1731,583.27,677.3,250,250
1732,583.27,677.3,250,250
1733,583.27,677.3,250,250
1734,583.27,677.3,250,250
1735,583.27,677.3,250,250
1736,583.27,677.3,250,250
1737,583.27,677.3,250,250
1738,583.27,677.3,250,250
1739,583.27,677.3,250,250
1740,583.27,677.3,250,250
1741,583.27,677.3,250,250
1742,583.27,677.3,250,250
1743,583.27,677.3,250,250
1744,583.27,677.3,250,250
1745,583.27,677.3,250,250
1746,583.27,677.3,250,250
1747,583.27,677.3,250,250
1748,583.27,677.3,250,250
1749,583.27,677.3,250,250
1750,583.27,677.3,250,250
1751,583.27,677.3,250,250
1752,583.27,677.3,250,250
1753,583.27,677.3,250,250
1754,583.27,677.3,250,250
1755,583.27,677.3,250,250
1756,583.27,677.3,250,250
1757,583.27,677.3,250,250
1758,583.27,677.3,250,250
1759,583.27,677.3,250,250
1760,583.27,677.3,250,250
1761,583.27,677.3,250,250
1762,583.27,677.3,250,250
1763,583.27,677.3,250,250
1764,583.27,677.3,250,250
1765,583.27,677.3,250,250
1766,583.27,677.3,250,250
1767,583.27,677.3,250,250
1768,583.27,677.3,250,250
1769,583.27,677.3,250,250
1770,583.27,677.3,250,250
1771,583.27,677.3,250,250
1772,583.27,677.3,250,250
1773,583.27,677.3,250,250
1774,583.27,677.3,250,250
1775,583.27,677.3,250,250
1776,583.27,677.3,250,250
1777,583.27,677.3,250,250
1778,583.27,677.3,250,250
1779,583.27,677.3,250,250
1780,583.27,677.3,250,250
1781,583.27,677.3,250,250
1782,583.27,677.3,250,250
1783,583.27,677.3,250,250
1784,583.27,677.3,250,250
1785,583.27,677.3,250,250
1786,583.27,677.3,250,250
1787,583.27,677.3,250,250
1788,583.27,677.3,250,250
1789,583.27,677.3,250,250
1790,583.27,677.3,250,250
1791,583.27,677.3,250,250
1792,583.27,677.3,250,250
1793,583.27,677.3,250,250
1794,583.27,677.3,250,250
1795,583.27,677.3,250,250
1796,583.27,677.3,250,250
1797,583.27,677.3,250,250
1798,583.27,677.3,250,250
1799,583.27,677.3,250,250
1800,583.27,677.3,250,250
1801,583.27,677.3,250,250
1802,583.27,677.3,250,250
1803,583.27,677.3,250,250
1804,583.27,677.3,250,250
1805,583.27,677.3,250,250
1806,583.27,677.3,250,250
1807,583.27,677.3,250,250
1808,583.27,677.3,250,250
1809,583.27,677.3,250,250
1810,583.27,677.3,250,250
1811,583.27,677.3,250,250
1812,583.27,677.3,250,250
1813,583.27,677.3,250,250
1814,583.27,677.3,250,250
1815,583.27,677.3,250,250
1816,583.27,677.3,250,250
1817,583.27,677.3,250,250
1818,583.27,677.3,250,250
1819,583.27,677.3,250,250
1820,583.27,677.3,250,250
1821,583.27,677.3,250,250
1822,583.27,677.3,250,250
1823,583.27,677.3,250,250
1824,583.27,677.3,250,250
1825,583.27,677.3,250,250
1826,583.27,677.3,250,250
1827,583.27,677.3,250,250
1828,583.27,677.3,250,250
1829,583.27,677.3,250,250
1830,583.27,677.3,250,250
1831,583.27,677.3,250,250
1832,583.27,677.3,250,250
1833,583.27,677.3,250,250
1834,583.27,677.3,250,250
1835,583.27,677.3,250,250
1836,583.27,677.3,250,250
1837,583.27,677.3,250,250
1838,583.27,677.3,250,250
1839,583.27,677.3,250,250
1840,583.27,677.3,250,250
1841,583.27,677.3,250,250
1842,583.27,677.3,250,250
1843,583.27,677.3,250,250
1844,583.27,677.3,250,250
1845,583.27,677.3,250,250
1846,583.27,677.3,250,250
1847,583.27,677.3,250,250
1848,583.27,677.3,250,250
1849,583.27,677.3,250,250
1850,583.27,677.3,250,250
1851,583.27,677.3,250,250
1852,583.27,677.3,250,250
1853,583.27,677.3,250,250
1854,583.27,677.3,250,250
1855,583.27,677.3,250,250
1856,583.27,677.3,250,250
1857,583.27,677.3,250,250
1858,583.27,677.3,250,250
1859,583.27,677.3,250,250
1860,583.27,677.3,250,250
1861,583.27,677.3,250,250
1862,583.27,677.3,250,250
1863,583.27,677.3,250,250
1864,583.27,677.3,250,250
1865,583.27,677.3,250,250
1866,583.27,677.3,250,250
1867,583.27,677.3,250,250
1868,583.27,677.3,250,250
1869,583.27,677.3,250,250
1870,583.27,677.3,250,250
1871,583.27,677.3,250,250
1872,583.27,677.3,250,250
1873,583.27,677.3,250,250
1874,583.27,677.3,250,250
1875,583.27,677.3,250,250
1876,583.27,677.3,250,250
1877,583.27,677.3,250,250
1878,583.27,677.3,250,250
1879,583.27,677.3,250,250
1880,583.27,677.3,250,250
1881,583.27,677.3,250,250
1882,583.27,677.3,250,250
1883,583.27,677.3,250,250
1884,583.27,677.3,250,250
1885,583.27,677.3,250,250
1886,583.27,677.3,250,250
1887,583.27,677.3,250,250
1888,583.27,677.3,250,250
1889,583.27,677.3,250,250
1890,583.27,677.3,250,250
1891,583.27,677.3,250,250
1892,583.27,677.3,250,250
1893,583.27,677.3,250,250
1894,583.27,677.3,250,250
1895,583.27,677.3,250,250
1896,583.27,677.3,250,250
1897,583.27,677.3,250,250
1898,583.27,677.3,250,250
1899,583.27,677.3,250,250
1900,583.27,677.3,250,250
1901,583.27,677.3,250,250
1902,583.27,677.3,250,250
1903,583.27,677.3,250,250
1904,583.27,677.3,250,250
1905,583.27,677.3,250,250
1906,583.27,677.3,250,250
1907,583.27,677.3,250,250
1908,583.27,677.3,250,250
1909,583.27,677.3,250,250
1910,583.27,677.3,250,250
1911,583.27,677.3,250,250
1912,583.27,677.3,250,250
1913,583.27,677.3,250,250
1914,583.27,677.3,250,250
1915,583.27,677.3,250,250
1916,583.27,677.3,250,250
1917,583.27,677.3,250,250
1918,583.27,677.3,250,250
1919,583.27,677.3,250,250
1920,583.27,677.3,250,250
1921,583.27,677.3,250,250
1922,583.27,677.3,250,250
1923,583.27,677.3,250,250
1924,583.27,677.3,250,250
1925,583.27,677.3,250,250
1926,765.11,677.3,887.83,300
1927,765.11,677.3,887.83,300
1928,765.11,677.3,887.83,300
1929,765.11,677.3,887.83,300
1930,765.11,677.3,887.83,300
1931,765.11,677.3,887.83,300
1932,775.67,677.3,946.5,300
1933,775.67,677.3,946.5,300
1934,775.67,677.3,946.5,300
1935,918.0,677.3,1500,500
1936,918.0,677.3,1500,500
1937,918.0,677.3,1500,500
1938,859.0699999999999,677.3,1409.83,300
1939,907.8,677.3,1500,500
1940,822.83,677.3,1208.5,300
1941,752.99,389.29999999999995,2420.5,300
1942,1069.1,677.3,1500,500
1943,606.61,677.3,250,250
1944,778.35,677.3,961.39,300
1945,691.0,677.3,476.11,300
1946,752.45,677.3,817.5,300
1947,801.66,677.3,1090.89,300
1948,789.73,389.29999999999995,2624.61,300
1949,847.28,677.3,1344.33,300
1950,810.39,677.3,1139.39,300
1951,684.27,677.3,438.72,300
1952,774.34,677.3,939.11,300
1953,745.52,389.29999999999995,2379.0,300
1954,718.58,677.3,629.33,300
1955,727.81,677.3,680.61,300
1956,688.37,389.29999999999995,2061.5,300
1957,935.0799999999999,677.3,1500,500
1958,604.46,677.3,250,250
1959,623.23,677.3,250,250
1960,898.54,677.3,1500,500
1961,839.6300000000001,677.3,1301.83,300
1962,654.12,677.3,250,250
1963,815.51,677.3,1167.83,300
1964,769.9,677.3,914.44,300
1965,766.94,677.3,898.0,300
1966,1046.18,677.3,1500,500
1967,717.94,389.29999999999995,2225.78,300
1968,766.52,677.3,895.67,300
1969,635.13,389.29999999999995,1765.72,300
1970,632.75,389.29999999999995,1752.5,300
1971,755.99,389.29999999999995,2437.17,300
1972,947.54,389.29999999999995,1500,500
1973,869.8499999999999,677.3,1469.72,300
1974,598.33,677.3,250,250
1975,646.77,389.29999999999995,1830.39,300
1976,802.66,677.3,1096.44,300
1977,616.58,677.3,250,250
1978,687.44,677.3,456.33,300
1979,518.76,677.3,250,250
1980,607.33,677.3,250,250
1981,607.33,677.3,250,250
1982,713.75,677.3,602.5,300
1983,632.24,677.3,250,250
1984,647.64,389.29999999999995,1835.22,300
1985,655.65,677.3,250,250
1986,694.5,389.29999999999995,2095.56,300
1987,822.62,677.3,1207.33,300
1988,799.57,677.3,1079.28,300
1989,799.57,677.3,1079.28,300
1990,799.57,677.3,1079.28,300
1991,857.02,677.3,1398.44,300
1992,857.02,677.3,1398.44,300
1993,758.9,677.3,853.33,300
1994,758.9,677.3,853.33,300
1995,758.9,677.3,853.33,300
1996,758.9,677.3,853.33,300
1997,585.37,677.3,250,250
1998,585.37,677.3,250,250
1999,585.37,677.3,250,250
2000,585.37,677.3,250,250
2001,585.37,677.3,250,250
2002,585.37,677.3,250,250
2003,585.37,677.3,250,250
2004,585.37,677.3,250,250
2005,585.37,677.3,250,250
2006,585.37,677.3,250,250
2007,585.37,677.3,250,250
2008,585.37,677.3,250,250
2009,585.37,677.3,250,250
2010,585.37,677.3,250,250
2011,585.37,677.3,250,250
2012,585.37,677.3,250,250
2013,585.37,677.3,250,250
2014,585.37,677.3,250,250
2015,585.37,677.3,250,250
2016,585.37,677.3,250,250
2017,585.37,677.3,250,250
2018,585.37,677.3,250,250
2019,585.37,677.3,250,250
2020,585.37,677.3,250,250
2021,585.37,677.3,250,250
2022,585.37,677.3,250,250
2023,585.37,677.3,250,250
2024,585.37,677.3,250,250
2025,585.37,677.3,250,250
2026,585.37,677.3,250,250
2027,585.37,677.3,250,250
2028,585.37,677.3,250,250
2029,585.37,677.3,250,250
2030,585.37,677.3,250,250
2031,585.37,677.3,250,250
2032,585.37,677.3,250,250
2033,585.37,677.3,250,250
2034,585.37,677.3,250,250
2035,585.37,677.3,250,250
2036,585.37,677.3,250,250
2037,585.37,677.3,250,250
2038,585.37,677.3,250,250
2039,585.37,677.3,250,250
2040,585.37,677.3,250,250
2041,585.37,677.3,250,250
2042,585.37,677.3,250,250
2043,585.37,677.3,250,250
2044,585.37,677.3,250,250
2045,585.37,677.3,250,250
2046,585.37,677.3,250,250
2047,585.37,677.3,250,250
2048,585.37,677.3,250,250
2049,585.37,677.3,250,250
2050,585.37,677.3,250,250
2051,585.37,677.3,250,250
2052,585.37,677.3,250,250
2053,585.37,677.3,250,250
2054,585.37,677.3,250,250
2055,585.37,677.3,250,250
2056,585.37,677.3,250,250
2057,585.37,677.3,250,250
2058,585.37,677.3,250,250
2059,585.37,677.3,250,250
2060,585.37,677.3,250,250
2061,585.37,677.3,250,250
2062,585.37,677.3,250,250
2063,585.37,677.3,250,250
2064,585.37,677.3,250,250
2065,585.37,677.3,250,250
2066,585.37,677.3,250,250
2067,585.37,677.3,250,250
2068,585.37,677.3,250,250
2069,585.37,677.3,250,250
2070,585.37,677.3,250,250
2071,585.37,677.3,250,250
2072,585.37,677.3,250,250
2073,585.37,677.3,250,250
2074,585.37,677.3,250,250
2075,585.37,677.3,250,250
2076,585.37,677.3,250,250
2077,585.37,677.3,250,250
2078,585.37,677.3,250,250
2079,585.37,677.3,250,250
2080,585.37,677.3,250,250
2081,585.37,677.3,250,250
2082,585.37,677.3,250,250
2083,585.37,677.3,250,250
2084,585.37,677.3,250,250
2085,585.37,677.3,250,250
2086,585.37,677.3,250,250
2087,585.37,677.3,250,250
2088,585.37,677.3,250,250
2089,585.37,677.3,250,250
2090,585.37,677.3,250,250
2091,585.37,677.3,250,250
2092,585.37,677.3,250,250
2093,585.37,677.3,250,250
2094,585.37,677.3,250,250
2095,585.37,677.3,250,250
2096,585.37,677.3,250,250
2097,585.37,677.3,250,250
2098,585.37,677.3,250,250
2099,585.37,677.3,250,250
2100,585.37,677.3,250,250
2101,585.37,677.3,250,250
2102,585.37,677.3,250,250
2103,585.37,677.3,250,250
2104,585.37,677.3,250,250
2105,585.37,677.3,250,250
2106,585.37,677.3,250,250
2107,585.37,677.3,250,250
2108,585.37,677.3,250,250
2109,585.37,677.3,250,250
2110,585.37,677.3,250,250
2111,585.37,677.3,250,250
2112,585.37,677.3,250,250
2113,585.37,677.3,250,250
2114,585.37,677.3,250,250
2115,585.37,677.3,250,250
2116,585.37,677.3,250,250
2117,585.37,677.3,250,250
2118,585.37,677.3,250,250
2119,585.37,677.3,250,250
2120,585.37,677.3,250,250
2121,585.37,677.3,250,250
2122,585.37,677.3,250,250
2123,585.37,677.3,250,250
2124,585.37,677.3,250,250
2125,585.37,677.3,250,250
2126,585.37,677.3,250,250
2127,585.37,677.3,250,250
2128,585.37,677.3,250,250
2129,585.37,677.3,250,250
2130,585.37,677.3,250,250
2131,585.37,677.3,250,250
2132,585.37,677.3,250,250
2133,585.37,677.3,250,250
2134,585.37,677.3,250,250
2135,585.37,677.3,250,250
2136,585.37,677.3,250,250
2137,585.37,677.3,250,250
2138,585.37,677.3,250,250
2139,585.37,677.3,250,250
2140,585.37,677.3,250,250
2141,585.37,677.3,250,250
2142,585.37,677.3,250,250
2143,585.37,677.3,250,250
2144,585.37,677.3,250,250
2145,585.37,677.3,250,250
2146,585.37,677.3,250,250
2147,585.37,677.3,250,250
2148,585.37,677.3,250,250
2149,585.37,677.3,250,250
2150,585.37,677.3,250,250
2151,585.37,677.3,250,250
2152,585.37,677.3,250,250
2153,585.37,677.3,250,250
2154,585.37,677.3,250,250
2155,585.37,677.3,250,250
2156,585.37,677.3,250,250
2157,585.37,677.3,250,250
2158,585.37,677.3,250,250
2159,585.37,677.3,250,250
2160,585.37,677.3,250,250
2161,585.37,677.3,250,250
2162,585.37,677.3,250,250
2163,585.37,677.3,250,250
2164,585.37,677.3,250,250
2165,585.37,677.3,250,250
2166,585.37,677.3,250,250
2167,585.37,677.3,250,250
2168,585.37,677.3,250,250
2169,585.37,677.3,250,250
2170,585.37,677.3,250,250
2171,585.37,677.3,250,250
2172,585.37,677.3,250,250
2173,585.37,677.3,250,250
2174,585.37,677.3,250,250
2175,585.37,677.3,250,250
2176,585.37,677.3,250,250
2177,585.37,677.3,250,250
2178,585.37,677.3,250,250
2179,585.37,677.3,250,250
2180,585.37,677.3,250,250
2181,585.37,677.3,250,250
2182,585.37,677.3,250,250
2183,585.37,677.3,250,250
2184,585.37,677.3,250,250
2185,585.37,677.3,250,250
2186,585.37,677.3,250,250
2187,585.37,677.3,250,250
2188,585.37,677.3,250,250
2189,585.37,677.3,250,250
2190,585.37,677.3,250,250
2191,585.37,677.3,250,250
2192,585.37,677.3,250,250
2193,585.37,677.3,250,250
2194,585.37,677.3,250,250
2195,585.37,677.3,250,250
2196,585.37,677.3,250,250
2197,585.37,677.3,250,250
2198,585.37,677.3,250,250
2199,585.37,677.3,250,250
2200,585.37,677.3,250,250
2201,585.37,677.3,250,250
2202,585.37,677.3,250,250
2203,585.37,677.3,250,250
2204,585.37,677.3,250,250
2205,585.37,677.3,250,250
2206,585.37,677.3,250,250
2207,585.37,677.3,250,250
2208,585.37,677.3,250,250
2209,585.37,677.3,250,250
2210,585.37,677.3,250,250
2211,585.37,677.3,250,250
2212,585.37,677.3,250,250
2213,585.37,677.3,250,250
2214,585.37,677.3,250,250
2215,585.37,677.3,250,250
2216,585.37,677.3,250,250
2217,585.37,677.3,250,250
2218,585.37,677.3,250,250
2219,585.37,677.3,250,250
2220,585.37,677.3,250,250
2221,585.37,677.3,250,250
2222,585.37,677.3,250,250
2223,585.37,677.3,250,250
2224,585.37,677.3,250,250
2225,585.37,677.3,250,250
2226,585.37,677.3,250,250
2227,585.37,677.3,250,250
2228,585.37,677.3,250,250
2229,585.37,677.3,250,250
2230,585.37,677.3,250,250
2231,585.37,677.3,250,250
2232,585.37,677.3,250,250
2233,585.37,677.3,250,250
2234,585.37,677.3,250,250
2235,585.37,677.3,250,250
2236,585.37,677.3,250,250
2237,585.37,677.3,250,250
2238,585.37,677.3,250,250
2239,585.37,677.3,250,250
2240,585.37,677.3,250,250
2241,585.37,677.3,250,250
2242,585.37,677.3,250,250
2243,585.37,677.3,250,250
2244,585.37,677.3,250,250
2245,585.37,677.3,250,250
2246,585.37,677.3,250,250
2247,585.37,677.3,250,250
2248,585.37,677.3,250,250
2249,585.37,677.3,250,250
2250,585.37,677.3,250,250
2251,585.37,677.3,250,250
2252,585.37,677.3,250,250
2253,585.37,677.3,250,250
2254,585.37,677.3,250,250
2255,585.37,677.3,250,250
2256,585.37,677.3,250,250
2257,585.37,677.3,250,250
2258,585.37,677.3,250,250
2259,585.37,677.3,250,250
2260,585.37,677.3,250,250
2261,585.37,677.3,250,250
2262,585.37,677.3,250,250
2263,585.37,677.3,250,250
2264,585.37,677.3,250,250
2265,585.37,677.3,250,250
2266,585.37,677.3,250,250
2267,585.37,677.3,250,250
2268,585.37,677.3,250,250
2269,585.37,677.3,250,250
2270,585.37,677.3,250,250
2271,585.37,677.3,250,250
2272,585.37,677.3,250,250
2273,585.37,677.3,250,250
2274,585.37,677.3,250,250
2275,585.37,677.3,250,250
2276,585.37,677.3,250,250
2277,585.37,677.3,250,250
2278,585.37,677.3,250,250
2279,585.37,677.3,250,250
2280,585.37,677.3,250,250
2281,585.37,677.3,250,250
2282,585.37,677.3,250,250
2283,585.37,677.3,250,250
2284,585.37,677.3,250,250
2285,585.37,677.3,250,250
2286,585.37,677.3,250,250
2287,585.37,677.3,250,250
2288,585.37,677.3,250,250
2289,585.37,677.3,250,250
2290,585.37,677.3,250,250
2291,585.37,677.3,250,250
2292,585.37,677.3,250,250
2293,585.37,677.3,250,250
2294,585.37,677.3,250,250
2295,585.37,677.3,250,250
2296,585.37,677.3,250,250
2297,585.37,677.3,250,250
2298,585.37,677.3,250,250
2299,585.37,677.3,250,250
2300,585.37,677.3,250,250
2301,585.37,677.3,250,250
2302,585.37,677.3,250,250
2303,585.37,677.3,250,250
2304,585.37,677.3,250,250
2305,585.37,677.3,250,250
2306,585.37,677.3,250,250
2307,585.37,677.3,250,250
2308,585.37,677.3,250,250
2309,585.37,677.3,250,250
2310,585.37,677.3,250,250
2311,585.37,677.3,250,250
2312,585.37,677.3,250,250
2313,585.37,677.3,250,250
2314,585.37,677.3,250,250
2315,585.37,677.3,250,250
2316,585.37,677.3,250,250
2317,585.37,677.3,250,250
2318,585.37,677.3,250,250
2319,585.37,677.3,250,250
2320,585.37,677.3,250,250
2321,585.37,677.3,250,250
2322,585.37,677.3,250,250
2323,585.37,677.3,250,250
2324,585.37,677.3,250,250
2325,585.37,677.3,250,250
2326,585.37,677.3,250,250
2327,585.37,677.3,250,250
2328,585.37,677.3,250,250
2329,585.37,677.3,250,250
2330,585.37,677.3,250,250
2331,585.37,677.3,250,250
2332,345.28999999999996,677.3,349.87,100
2333,345.28999999999996,677.3,349.87,100
2334,345.28999999999996,677.3,349.87,100
2335,345.28999999999996,677.3,349.87,100
2336,567.09,677.3,250,250
2337,567.09,677.3,250,250
2338,628.61,677.3,250,250
2339,627.23,677.3,250,250
2340,627.23,677.3,250,250
2341,627.23,677.3,250,250
2342,627.23,677.3,250,250
2343,627.23,677.3,250,250
2344,489.1,677.3,250,250
2345,489.1,677.3,250,250
2346,489.1,677.3,250,250
2347,335.82000000000005,677.3,231.5,100
2348,440.97,677.3,250,250
2349,390.03,677.3,250,250
2350,390.03,677.3,250,250
2351,390.03,677.3,250,250
2352,390.03,677.3,250,250
2353,390.03,677.3,250,250
2354,390.03,677.3,250,250
2355,390.03,677.3,250,250
2356,390.03,677.3,250,250
2357,390.03,677.3,250,250
2358,390.03,677.3,250,250
2359,390.03,677.3,250,250
2360,390.03,677.3,250,250
2361,390.03,677.3,250,250
2362,390.03,677.3,250,250
2363,390.03,677.3,250,250
2364,377.21000000000004,677.3,250,250
2365,377.21000000000004,677.3,250,250
2366,377.21000000000004,677.3,250,250
2367,377.21000000000004,677.3,250,250
2368,377.21000000000004,677.3,250,250
2369,377.21000000000004,677.3,250,250
2370,377.21000000000004,677.3,250,250
2371,377.21000000000004,677.3,250,250
2372,377.21000000000004,677.3,250,250
2373,377.21000000000004,677.3,250,250
2374,377.21000000000004,677.3,250,250
2375,368.83000000000004,677.3,250,250
2376,368.83000000000004,677.3,250,250
2377,368.83000000000004,677.3,250,250
2378,368.83000000000004,677.3,250,250
2379,368.83000000000004,677.3,250,250
2380,368.83000000000004,677.3,250,250
2381,368.83000000000004,677.3,250,250
2382,368.83000000000004,677.3,250,250
2383,368.83000000000004,677.3,250,250
2384,368.83000000000004,677.3,250,250
2385,368.83000000000004,677.3,250,250
2386,368.83000000000004,677.3,250,250
2387,368.83000000000004,677.3,250,250
2388,368.83000000000004,677.3,250,250
2389,368.83000000000004,677.3,250,250
2390,368.83000000000004,677.3,250,250
2391,368.83000000000004,677.3,250,250
2392,368.83000000000004,677.3,250,250
2393,368.83000000000004,677.3,250,250
2394,368.83000000000004,677.3,250,250
2395,368.83000000000004,677.3,250,250
2396,368.83000000000004,677.3,250,250
2397,368.83000000000004,677.3,250,250
2398,368.83000000000004,677.3,250,250
2399,368.83000000000004,677.3,250,250
2400,368.83000000000004,677.3,250,250
2401,368.83000000000004,677.3,250,250
2402,368.83000000000004,677.3,250,250
2403,368.83000000000004,677.3,250,250
2404,368.83000000000004,677.3,250,250
2405,368.83000000000004,677.3,250,250
2406,368.83000000000004,677.3,250,250
2407,368.83000000000004,677.3,250,250
2408,368.83000000000004,677.3,250,250
2409,368.83000000000004,677.3,250,250
2410,368.83000000000004,677.3,250,250
2411,368.83000000000004,677.3,250,250
2412,368.83000000000004,677.3,250,250
2413,368.83000000000004,677.3,250,250
2414,368.83000000000004,677.3,250,250
2415,368.83000000000004,677.3,250,250
2416,368.83000000000004,677.3,250,250
2417,368.83000000000004,677.3,250,250
2418,368.83000000000004,677.3,250,250
2419,368.83000000000004,677.3,250,250
2420,368.83000000000004,677.3,250,250
2421,368.83000000000004,677.3,250,250
2422,368.83000000000004,677.3,250,250
2423,368.83000000000004,677.3,250,250
2424,368.83000000000004,677.3,250,250
2425,368.83000000000004,677.3,250,250
2426,368.83000000000004,677.3,250,250
2427,368.83000000000004,677.3,250,250
2428,368.83000000000004,677.3,250,250
2429,368.83000000000004,677.3,250,250
2430,368.83000000000004,677.3,250,250
2431,368.83000000000004,677.3,250,250
2432,368.83000000000004,677.3,250,250
2433,368.83000000000004,677.3,250,250
2434,368.83000000000004,677.3,250,250
2435,243.92000000000002,677.3,0,0
2436,473.15999999999997,677.3,250,250
2437,507.16999999999996,677.3,250,250
2438,507.16999999999996,677.3,250,250
2439,348.03999999999996,677.3,384.25,100
2440,348.03999999999996,677.3,384.25,100
2441,348.03999999999996,677.3,384.25,100
2442,348.03999999999996,677.3,384.25,100
2443,348.03999999999996,677.3,384.25,100
2444,348.03999999999996,677.3,384.25,100
2445,348.03999999999996,677.3,384.25,100
2446,348.03999999999996,677.3,384.25,100
2447,348.03999999999996,677.3,384.25,100
2448,348.03999999999996,677.3,384.25,100
2449,348.03999999999996,677.3,384.25,100
2450,348.03999999999996,677.3,384.25,100
2451,348.03999999999996,677.3,384.25,100
2452,348.03999999999996,677.3,384.25,100
2453,348.03999999999996,677.3,384.25,100
2454,348.03999999999996,677.3,384.25,100
2455,348.03999999999996,677.3,384.25,100
2456,649.49,677.3,250,250
2457,649.49,677.3,250,250
2458,649.49,677.3,250,250
2459,796.72,677.3,1063.44,300
2460,796.72,677.3,1063.44,300
2461,796.72,677.3,1063.44,300
2462,796.72,677.3,1063.44,300
2463,796.72,677.3,1063.44,300
2464,695.04,677.3,498.56,300
2465,695.04,677.3,498.56,300
2466,695.04,677.3,498.56,300
2467,695.04,677.3,498.56,300
2468,695.04,677.3,498.56,300
2469,695.04,677.3,498.56,300
2470,695.04,677.3,498.56,300
2471,695.04,677.3,498.56,300
2472,695.04,677.3,498.56,300
2473,695.04,677.3,498.56,300
2474,695.04,677.3,498.56,300
2475,695.04,677.3,498.56,300
2476,695.04,677.3,498.56,300
2477,695.04,677.3,498.56,300
2478,695.04,677.3,498.56,300
2479,695.04,677.3,498.56,300
2480,695.04,677.3,498.56,300
2481,695.04,677.3,498.56,300
2482,695.04,677.3,498.56,300
2483,695.04,677.3,498.56,300
2484,695.04,677.3,498.56,300
2485,695.04,677.3,498.56,300
2486,695.04,677.3,498.56,300
2487,695.04,677.3,498.56,300
2488,695.04,677.3,498.56,300
2489,695.04,677.3,498.56,300
2490,695.04,677.3,498.56,300
2491,695.04,677.3,498.56,300
2492,695.04,677.3,498.56,300
2493,695.04,677.3,498.56,300
2494,695.04,677.3,498.56,300
2495,695.04,677.3,498.56,300
2496,695.04,677.3,498.56,300
2497,695.04,677.3,498.56,300
2498,695.04,677.3,498.56,300
2499,695.04,677.3,498.56,300
2500,695.04,677.3,498.56,300
2501,695.04,677.3,498.56,300
2502,613.84,677.3,250,250
2503,613.84,677.3,250,250
2504,613.84,677.3,250,250
2505,613.84,677.3,250,250
2506,613.84,677.3,250,250
2507,613.84,677.3,250,250
2508,613.84,677.3,250,250
2509,613.84,677.3,250,250
2510,636.45,677.3,250,250
2511,636.45,677.3,250,250
2512,636.45,677.3,250,250
2513,636.45,677.3,250,250
2514,636.45,677.3,250,250
2515,636.45,677.3,250,250
2516,636.45,677.3,250,250
2517,636.45,677.3,250,250
2518,636.45,677.3,250,250
2519,636.45,677.3,250,250
2520,636.45,677.3,250,250
2521,636.45,677.3,250,250
2522,636.45,677.3,250,250
2523,636.45,677.3,250,250
2524,636.45,677.3,250,250
2525,636.45,677.3,250,250
2526,619.07,389.29999999999995,1676.5,300
2527,619.07,389.29999999999995,1676.5,300
2528,634.0,677.3,250,250
2529,634.0,677.3,250,250
2530,634.0,677.3,250,250
2531,634.0,677.3,250,250
2532,634.0,677.3,250,250
2533,601.97,677.3,250,250
2534,616.24,677.3,250,250
2535,616.24,677.3,250,250
2536,616.24,677.3,250,250
2537,616.24,677.3,250,250
2538,616.24,677.3,250,250
2539,616.24,389.29999999999995,1660.78,300
2540,616.24,389.29999999999995,1660.78,300
2541,577.29,677.3,250,250
2542,553.69,677.3,250,250
2543,472.77,677.3,250,250
2544,472.77,677.3,250,250
2545,420.92999999999995,677.3,250,250
2546,420.92999999999995,677.3,250,250
2547,403.41999999999996,677.3,250,250
2548,431.79999999999995,677.3,250,250
2549,499.27,677.3,250,250
2550,499.27,677.3,250,250
2551,499.27,677.3,250,250
2552,497.0,389.29999999999995,998.33,300
2553,497.0,389.29999999999995,998.33,300
2554,484.29999999999995,677.3,250,250
2555,484.29999999999995,677.3,250,250
2556,484.29999999999995,677.3,250,250
2557,445.97,677.3,250,250
2558,430.12,677.3,250,250
2559,423.19000000000005,677.3,250,250
2560,423.19000000000005,677.3,250,250
2561,423.19000000000005,677.3,250,250
2562,423.19000000000005,677.3,250,250
2563,423.19000000000005,677.3,250,250
2564,423.19000000000005,677.3,250,250
2565,423.19000000000005,677.3,250,250
2566,423.19000000000005,677.3,250,250
2567,423.19000000000005,677.3,250,250
2568,423.19000000000005,677.3,250,250
2569,423.19000000000005,677.3,250,250
2570,423.19000000000005,677.3,250,250
2571,437.35,677.3,250,250
2572,437.35,677.3,250,250
2573,476.52,677.3,250,250
2574,484.29999999999995,677.3,250,250
2575,484.29999999999995,677.3,250,250
2576,572.34,677.3,250,250
2577,572.34,677.3,250,250
2578,572.34,677.3,250,250
2579,478.36,677.3,250,250
2580,478.36,677.3,250,250
2581,478.36,677.3,250,250
2582,478.36,677.3,250,250
2583,478.36,677.3,250,250
2584,478.36,677.3,250,250
2585,478.36,677.3,250,250
2586,478.36,677.3,250,250
2587,653.11,677.3,250,250
2588,690.16,677.3,471.44,300
2589,706.1,677.3,560.0,300
2590,788.51,677.3,1017.83,300
2591,789.22,677.3,1021.78,300
2592,789.22,677.3,1021.78,300
2593,789.22,677.3,1021.78,300
2594,373.54999999999995,677.3,250,250
2595,373.54999999999995,677.3,250,250
2596,373.54999999999995,677.3,250,250
2597,373.54999999999995,677.3,250,250
2598,373.54999999999995,677.3,250,250
2599,373.54999999999995,677.3,250,250
2600,373.54999999999995,677.3,250,250
2601,373.54999999999995,677.3,250,250
2602,373.54999999999995,677.3,250,250
2603,373.54999999999995,677.3,250,250
2604,373.54999999999995,677.3,250,250
2605,373.54999999999995,677.3,250,250
2606,373.54999999999995,677.3,250,250
2607,373.54999999999995,677.3,250,250
2608,373.54999999999995,677.3,250,250
2609,373.54999999999995,677.3,250,250
2610,373.54999999999995,677.3,250,250
2611,373.54999999999995,677.3,250,250
2612,746.84,677.3,786.33,300
2613,746.84,677.3,786.33,300
2614,746.84,677.3,786.33,300
2615,702.33,677.3,539.06,300
2616,585.69,677.3,250,250
2617,498.29999999999995,677.3,250,250
2618,567.65,677.3,250,250
