14:56:06,0.832,0,0,0,991.724,687.0,0.0,485.0
14:56:06,1.023,0,0,0,809.635,687.0,0.0,485.0
14:56:06,1.108,0,0,0,743.591,687.0,0.0,485.0
14:56:06,1.209,0,0,0,683.052,687.0,0.0,485.0
14:56:06,1.301,0,0,0,636.626,687.0,0.0,485.0
14:56:06,1.392,0,0,0,596.012,687.0,0.0,485.0
14:56:06,1.48,0,0,0,560.163,687.0,0.0,485.0
14:56:06,1.575,0,0,0,529.066,687.0,0.0,485.0
14:56:07,1.718,0,0,0,483.333,687.0,0.0,485.0
14:56:07,1.823,0,0,0,456.872,687.0,0.0,485.0
14:56:07,1.922,0,0,0,433.508,687.0,0.0,485.0
14:56:07,2.006,0,0,0,416.293,687.0,0.0,485.0
14:56:07,2.087,0,0,0,400.398,687.0,0.0,485.0
14:56:07,2.17,0,0,0,383.983,687.0,0.0,485.0
14:56:07,2.256,0,0,0,370.097,687.0,0.0,485.0
14:56:07,2.338,0,0,0,357.082,687.0,0.0,485.0
14:56:07,2.421,0,0,0,345.236,687.0,0.0,485.0
14:56:07,2.507,0,0,0,332.604,687.0,0.0,485.0
14:56:07,2.596,0,0,0,322.232,687.0,0.0,485.0
14:56:08,2.692,0,0,0,310.133,687.0,0.0,485.0
14:56:08,2.788,0,0,0,299.956,687.0,0.0,485.0
14:56:08,2.875,0,0,0,290.327,687.0,0.0,485.0
14:56:08,2.962,0,0,0,281.43,687.0,0.0,485.0
14:56:08,3.055,0,0,0,273.372,687.0,0.0,485.0
14:56:09,3.143,0,0,0,208.459,687.0,0.0,485.0
14:56:09,4.109,0,0,0,203.49,687.0,0.0,485.0
14:56:09,4.205,0,0,0,199.112,687.0,0.0,485.0
14:56:09,4.296,0,0,0,194.997,687.0,0.0,485.0
14:56:09,4.38,0,0,0,191.326,687.0,0.0,485.0
14:56:09,4.472,0,0,0,187.43,687.0,0.0,485.0
14:56:09,4.554,0,0,0,184.11,687.0,0.0,485.0
14:56:09,4.636,0,0,0,180.571,687.0,0.0,485.0
14:56:10,4.722,0,0,0,177.471,687.0,0.0,485.0
14:56:10,4.804,0,0,0,174.189,687.0,0.0,485.0
14:56:10,4.896,0,0,0,170.996,687.0,0.0,485.0
14:56:10,4.986,0,0,0,167.936,687.0,0.0,485.0
14:56:10,5.075,0,0,0,164.918,687.0,0.0,485.0
14:56:10,5.168,0,0,0,162.098,687.0,0.0,485.0
14:56:10,5.256,0,0,0,159.301,687.0,0.0,485.0
14:56:10,5.345,0,0,0,156.918,687.0,0.0,485.0
14:56:10,5.44,0,0,0,154.044,687.0,0.0,485.0
14:56:10,5.542,703.278,290,0,0.0,687.0,0.0,485.0
14:56:11,5.648,795.41,563,0,0.0,687.0,0.0,485.0
14:56:11,5.76,696.343,269,0,76.199,687.807,0.899,483.195
14:56:11,5.867,644.602,213,0,183.567,697.658,12.667,459.784
14:56:11,5.987,692.746,259,0,416.758,713.38,35.658,415.091
14:56:11,6.096,733.212,378,0,434.614,724.324,57.101,374.267
14:56:11,6.203,738.892,395,0,399.262,732.378,79.716,331.712
14:56:11,6.318,774.795,502,0,407.941,737.474,105.655,283.159
14:56:11,6.451,772.746,496,0,426.818,738.452,126.775,243.483
14:56:11,6.563,786.23,536,0,404.571,736.477,148.351,202.552
14:56:12,6.67,777.223,509,0,413.998,731.528,169.381,161.984
14:56:12,6.792,798.932,573,0,383.031,722.687,191.778,117.658
14:56:12,6.908,878.143,800,0,291.527,713.269,208.673,83.11
14:56:12,7.014,1012.874,800,0,3.981,709.706,214.064,71.832
14:56:12,7.127,1057.832,800,0,78.212,709.206,214.786,70.3
14:56:12,7.266,1099.035,800,0,531.531,694.612,233.146,30.642
14:56:12,7.38,1151.558,800,0,566.073,670.297,255.943,-23.814
14:56:12,7.496,1241.98,800,0,546.062,641.478,275.535,-73.249
14:56:12,7.612,1319.728,800,0,519.309,608.989,291.413,-121.702
14:56:13,7.726,1555.721,800,0,48.146,594.541,296.875,-140.861
14:56:13,7.874,1626.899,800,0,0.0,594.541,296.875,-140.861
14:56:13,7.983,1630.812,800,0,179.16,590.098,298.386,-145.302
14:56:13,8.113,1650.385,800,0,521.001,542.615,310.198,-199.688
14:56:13,8.245,1661.695,800,0,362.821,505.715,314.678,-235.962
14:56:13,8.354,1723.138,800,0,0.0,501.472,314.963,-238.129
14:56:13,8.477,1687.248,800,0,0.0,501.472,314.963,-238.129
14:56:13,8.585,1687.648,800,0,231.71,494.751,315.317,-244.173
14:56:14,8.702,1704.448,800,0,502.687,453.85,315.107,-278.574
14:56:14,8.813,1704.448,800,0,389.781,426.065,312.76,-298.134
14:56:14,8.906,1704.448,800,0,223.26,424.691,312.598,-299.172
14:56:14,8.997,1704.448,800,0,173.557,420.045,312.023,-303.943
14:56:14,9.097,1704.448,800,0,237.009,384.039,305.994,-326.537
14:56:14,9.2,1704.448,800,0,216.862,372.555,303.482,-333.65
14:56:14,9.296,1704.448,800,0,180.947,372.555,303.482,-333.65
14:56:14,9.396,1704.448,800,0,162.016,368.346,302.947,-333.73
14:56:14,9.49,1704.448,800,0,149.374,362.638,302.178,-333.876
14:56:14,9.58,1704.448,800,0,131.155,362.927,302.451,-331.189
14:56:15,9.683,1704.448,800,0,110.153,365.315,304.713,-320.567
14:56:15,9.778,1704.448,800,0,100.115,365.428,304.82,-319.138
14:56:15,9.883,1704.448,800,0,84.782,367.713,306.981,-307.278
14:56:15,9.98,1704.448,800,0,78.073,367.945,307.2,-306.597
14:56:15,10.086,1704.448,800,0,67.885,369.88,309.032,-294.378
14:56:15,10.188,1704.448,800,0,62.592,370.354,309.479,-291.499
14:56:15,10.283,1704.448,800,0,56.759,371.733,310.782,-281.366
14:56:15,10.386,1704.448,800,0,53.421,371.981,311.014,-279.223
14:56:15,10.493,1704.448,800,0,49.303,373.324,312.281,-268.528
14:56:15,10.588,1704.448,800,0,46.749,373.524,312.469,-266.408
14:56:16,10.687,1704.448,800,0,44.557,374.611,313.49,-255.562
14:56:16,10.787,1704.448,800,0,42.546,374.771,313.642,-253.444
14:56:16,10.887,1704.448,800,0,41.556,375.62,314.443,-242.739
14:56:16,10.994,1704.448,800,0,39.943,375.828,314.637,-239.961
14:56:16,11.092,1704.448,800,0,39.946,376.342,315.114,-229.662
14:56:16,11.184,1704.448,800,0,38.617,376.422,315.189,-227.524
14:56:16,11.291,1704.448,800,0,39.576,376.801,315.539,-215.205
14:56:16,11.393,1704.448,800,0,38.792,376.876,315.607,-211.158
14:56:16,11.495,1704.448,800,0,39.147,376.962,315.681,-202.37
14:56:16,11.607,1704.448,800,0,38.487,376.961,315.679,-199.562
14:56:17,11.701,1704.448,800,0,39.449,376.846,315.564,-189.648
14:56:17,11.804,1704.448,800,0,39.605,376.714,315.436,-183.155
14:56:17,11.91,1704.448,800,0,40.188,376.43,315.167,-175.01
14:56:17,12.021,1704.448,800,0,40.627,376.091,314.842,-168.158
14:56:17,12.131,1704.448,800,0,40.769,375.747,314.514,-162.06
14:56:17,12.234,1704.448,800,0,41.667,375.083,313.881,-153.525
14:56:17,12.335,1704.448,800,0,41.495,374.776,313.589,-149.281
14:56:17,12.433,1704.448,800,0,42.058,374.134,312.98,-142.39
14:56:17,12.534,1704.448,800,0,42.377,373.538,312.417,-136.264
14:56:17,12.63,1704.448,800,0,42.921,372.758,311.679,-129.255
14:56:18,12.732,1704.448,800,0,43.013,371.959,310.925,-123.69
14:56:18,12.839,1704.448,800,0,43.588,371.01,310.029,-116.74
14:56:18,12.935,1704.448,800,0,43.943,370.158,309.224,-110.56
14:56:18,13.036,1704.448,800,0,44.733,368.933,308.072,-102.318
14:56:18,13.136,1704.448,800,0,44.771,368.045,307.238,-97.549
14:56:18,13.237,1704.448,800,0,45.281,366.804,306.069,-90.46
14:56:18,13.347,1704.448,800,0,45.438,365.641,304.976,-84.557
14:56:18,13.46,1704.448,800,0,45.911,364.247,303.669,-77.417
14:56:18,13.576,1704.448,800,0,46.079,362.801,302.314,-70.135
14:56:19,13.71,1704.448,800,0,46.4,361.073,300.689,-63.68
14:56:19,13.82,1704.448,800,0,45.239,362.665,298.618,-63.678
14:56:19,13.931,1704.448,800,0,44.165,364.156,296.667,-63.68
14:56:19,14.041,1704.448,800,0,43.039,368.977,290.208,-63.683
14:56:19,14.154,1704.448,800,0,41.987,373.679,283.668,-63.685
14:56:19,14.268,1704.448,800,0,40.884,381.291,272.561,-63.697
14:56:19,14.392,1704.448,800,0,39.951,383.26,269.574,-63.698
14:56:19,14.504,1704.448,800,0,39.256,391.559,256.39,-63.697
14:56:19,14.63,1704.448,800,0,38.53,393.275,253.538,-63.699
14:56:20,14.728,1704.448,800,0,38.134,399.824,242.218,-63.706
14:56:20,14.83,1704.448,800,0,37.622,402.274,237.779,-63.705
14:56:20,14.938,1704.448,800,0,37.312,407.51,227.895,-63.708
14:56:20,15.044,1704.448,800,0,37.101,412.374,218.188,-63.717
14:56:20,15.154,1704.448,800,0,36.713,414.747,213.226,-63.716
14:56:20,15.267,1704.448,800,0,36.662,419.278,203.298,-63.714
14:56:20,15.372,1704.448,800,0,36.391,421.353,198.536,-63.718
14:56:20,15.474,1704.448,800,0,36.458,425.531,188.496,-63.726
14:56:20,15.587,1704.448,800,0,36.136,427.543,183.403,-63.724
14:56:21,15.707,1704.448,800,0,36.671,432.938,168.803,-63.727
14:56:21,15.809,1704.448,800,0,36.268,433.695,166.622,-63.729
14:56:21,15.918,1704.448,800,0,36.814,438.121,153.134,-63.732
14:56:21,16.018,1704.448,800,0,36.536,439.098,149.954,-63.733
14:56:21,16.124,1704.448,800,0,37.053,442.679,137.52,-63.738
14:56:21,16.228,1704.448,800,0,36.784,443.548,134.266,-63.734
14:56:21,16.34,1704.448,800,0,37.303,446.616,122.014,-63.733
14:56:21,16.448,1704.448,800,0,37.442,448.378,114.268,-63.733
14:56:21,16.559,1704.448,800,0,37.623,450.045,106.282,-63.738
14:56:22,16.667,1704.448,800,0,38.073,452.047,95.584,-63.734
14:56:22,16.781,1704.448,800,0,37.999,452.881,90.692,-63.738
14:56:22,16.885,1704.448,800,0,38.668,454.843,77.53,-63.741
14:56:22,17.013,1704.448,800,0,38.362,455.248,74.45,-63.742
14:56:22,17.132,1704.448,800,0,39.248,456.968,58.969,-63.746
14:56:22,17.236,1704.448,800,0,39.068,457.267,55.661,-63.747
14:56:22,17.339,1704.448,800,0,39.776,458.185,42.868,-63.745
14:56:22,17.441,1704.448,800,0,39.819,458.497,36.843,-63.746
14:56:22,17.56,1704.448,800,0,40.177,458.841,27.0,-63.748
14:56:23,17.673,1704.448,800,0,40.421,458.959,19.084,-63.747
14:56:23,17.789,1704.448,800,0,40.602,458.943,11.008,-63.746
14:56:23,17.908,1704.448,800,0,41.062,458.693,0.232,-63.746
14:56:23,18.018,1704.448,800,0,41.169,458.468,-6.898,-63.743
14:56:23,18.14,1704.448,800,0,41.981,457.493,-21.369,-63.746
14:56:23,18.249,1704.448,800,0,41.748,457.379,-23.97,-63.744
14:56:23,18.358,1704.448,800,0,42.457,455.926,-37.403,-63.747
14:56:23,18.479,1704.448,800,0,42.765,454.809,-46.586,-63.739
14:56:23,18.584,1704.448,800,0,42.915,453.829,-53.752,-63.739
14:56:24,18.699,1704.448,800,0,43.577,451.663,-66.717,-63.739
14:56:24,18.806,1704.448,800,0,43.15,451.177,-68.039,-63.74
14:56:24,18.935,1704.448,800,0,44.116,448.028,-84.653,-63.741
14:56:24,19.046,1704.448,800,0,43.843,447.6,-86.752,-63.738
14:56:24,19.15,1704.448,800,0,44.444,444.273,-99.127,-63.736
14:56:24,19.268,1704.448,800,0,44.658,442.236,-107.544,-63.733
14:56:24,19.384,1704.448,800,0,44.896,439.989,-115.769,-63.73
14:56:24,19.505,1704.448,800,0,45.371,436.049,-127.221,-63.729
14:56:24,19.619,1704.448,800,0,45.145,435.234,-130.782,-63.73
14:56:25,19.74,1704.448,800,0,45.837,430.09,-144.267,-63.73
14:56:25,19.851,1704.448,800,0,45.563,429.406,-146.452,-63.727
14:56:25,19.959,1704.448,800,0,46.177,424.208,-159.37,-63.723
14:56:25,20.087,1704.448,800,0,46.331,420.75,-167.264,-63.719
14:56:25,20.197,1704.448,800,0,46.514,417.913,-174.932,-63.717
14:56:25,20.311,1704.448,800,0,46.764,413.371,-183.293,-63.713
14:56:25,20.42,1704.448,800,0,46.674,411.006,-188.495,-63.709
14:56:25,20.549,1704.448,800,0,47.41,403.865,-202.805,-63.708
14:56:26,20.66,1704.448,800,0,47.148,401.84,-205.119,-63.71
14:56:26,20.775,1704.448,800,0,47.539,396.25,-215.353,-63.705
14:56:26,20.892,1704.448,800,0,47.819,390.731,-224.233,-63.701
14:56:26,21.021,1704.448,800,0,47.67,387.744,-229.487,-63.696
14:56:26,21.156,1704.448,800,0,48.329,379.422,-242.935,-63.694
14:56:26,21.269,1704.448,800,0,48.147,376.001,-246.02,-63.693
14:56:26,21.384,1704.448,800,0,48.403,370.413,-254.301,-63.685
14:56:26,21.495,1704.448,800,0,48.782,363.059,-264.625,-63.683
14:56:26,21.621,1704.448,800,0,48.337,362.123,-265.406,-63.628
14:56:27,21.755,1704.448,800,0,47.807,362.766,-265.008,-65.219
14:56:27,21.872,1704.448,800,0,47.435,363.561,-266.518,-68.143
14:56:27,21.98,1704.448,800,0,46.842,365.782,-267.153,-77.147
14:56:27,22.097,1704.448,800,0,46.323,367.338,-268.197,-84.37
14:56:27,22.211,1704.448,800,0,45.875,368.552,-269.454,-90.725
14:56:27,22.329,1704.448,800,0,45.238,370.72,-270.13,-101.75
14:56:27,22.449,1704.448,800,0,44.903,371.286,-271.782,-104.692
14:56:27,22.578,1704.448,800,0,44.336,373.172,-272.634,-115.468
14:56:28,22.691,1704.448,800,0,43.846,373.979,-272.143,-120.132
14:56:28,22.805,1704.448,800,0,43.431,375.008,-273.518,-128.656
14:56:28,22.917,1704.448,800,0,42.996,376.268,-274.752,-138.108
14:56:28,23.036,1704.448,800,0,42.546,376.514,-274.602,-141.848
14:56:28,23.179,1704.448,800,0,42.038,377.664,-275.909,-153.194
14:56:28,23.308,1704.448,800,0,41.537,378.305,-275.528,-163.959
14:56:28,23.422,1704.448,800,0,41.164,378.512,-275.404,-166.282
14:56:28,23.541,1704.448,800,0,40.677,378.959,-275.141,-177.687
14:56:29,23.668,1704.448,800,0,40.321,379.054,-275.085,-180.297
14:56:29,23.791,1704.448,800,0,39.873,379.204,-275.003,-192.728
14:56:29,23.909,1704.448,800,0,39.472,379.134,-275.054,-201.453
14:56:29,24.029,1704.448,800,0,39.071,379.06,-275.102,-205.53
14:56:29,24.174,1704.448,800,0,38.728,378.591,-275.394,-217.219
14:56:29,24.292,1704.448,800,0,38.43,378.386,-275.522,-221.337
14:56:29,24.411,1704.448,800,0,38.119,377.799,-275.886,-230.56
14:56:29,24.534,1704.448,800,0,37.683,376.756,-274.527,-242.614
14:56:30,24.655,1704.448,800,0,37.399,376.676,-274.575,-243.81
14:56:30,24.778,1704.448,800,0,37.042,375.224,-273.462,-255.203
14:56:30,24.895,1704.448,800,0,36.787,374.516,-273.895,-261.87
14:56:30,25.034,1704.448,800,0,36.412,373.454,-272.542,-268.619
14:56:30,25.147,1704.448,800,0,36.106,371.977,-271.441,-277.588
14:56:30,25.268,1704.448,800,0,35.877,371.234,-271.892,-281.447
14:56:30,25.398,1704.448,800,0,35.475,368.987,-269.253,-293.897
14:56:30,25.524,1704.448,800,0,35.192,367.052,-268.426,-301.021
14:56:31,25.66,1704.448,800,0,34.835,366.055,-267.029,-306.741
14:56:31,25.789,1704.448,800,0,34.66,363.184,-266.766,-317.298
14:56:31,25.908,1704.448,800,0,34.367,362.233,-265.342,-321.73
14:56:31,26.022,1704.448,800,1,34.131,362.11,-265.416,-321.282
14:56:31,26.145,1704.448,800,1,33.925,371.886,-267.881,-316.156
14:56:31,26.264,1704.448,800,1,33.504,420.088,-271.37,-290.941
14:56:31,26.397,1704.448,800,1,33.152,476.171,-270.726,-252.303
14:56:31,26.517,1704.448,800,1,32.868,528.546,-262.967,-210.211
14:56:31,26.638,1704.448,800,1,32.551,573.166,-248.146,-168.627
14:56:32,26.763,1704.448,800,1,32.538,618.446,-228.785,-116.245
14:56:32,26.877,1704.448,800,1,32.581,658.291,-201.268,-60.321
14:56:32,26.994,1704.448,800,1,32.881,688.721,-173.607,-6.367
14:56:32,27.108,1704.448,800,1,33.392,713.891,-140.677,53.252
14:56:32,27.228,1704.448,800,1,34.157,732.923,-101.285,118.92
14:56:32,27.347,1704.448,800,1,35.209,743.011,-62.805,184.528
14:56:32,27.471,1704.448,800,1,36.517,744.376,-20.66,253.786
14:56:32,27.608,1704.448,800,1,38.328,734.099,28.861,335.101
14:56:33,27.741,1704.448,800,1,39.303,723.747,53.011,377.252
14:56:33,27.868,1704.448,800,1,39.075,723.129,54.392,379.365
14:56:33,28.0,1704.448,800,1,37.382,729.204,69.665,350.645
14:56:33,28.131,1704.448,800,1,33.654,737.519,106.334,282.076
14:56:33,28.252,1704.448,800,1,29.556,736.82,146.097,207.098
14:56:33,28.392,1704.448,800,1,26.36,729.384,175.848,149.519
14:56:33,28.514,1704.448,800,1,22.988,715.138,205.666,89.39
14:56:33,28.633,1704.448,800,1,21.898,709.706,214.064,71.832
14:56:34,28.759,1704.448,800,1,21.206,706.273,218.886,61.625
14:56:34,28.881,1704.448,800,1,18.02,684.002,244.018,6.055
14:56:34,29.007,1704.448,800,1,14.833,656.579,266.05,-48.507
14:56:34,29.125,1704.448,800,1,14.335,652.79,268.578,-55.943
14:56:34,29.247,1704.448,800,1,14.25,652.79,268.578,-55.943
14:56:34,29.368,1704.448,800,1,13.598,646.602,272.489,-65.56
14:56:34,29.488,1704.448,800,1,10.153,607.938,291.84,-122.29
14:56:34,29.634,1704.448,800,1,8.985,594.541,296.875,-140.861
14:56:35,29.761,1704.448,800,1,8.129,584.003,300.339,-153.853
14:56:35,29.898,1704.448,800,1,5.672,549.747,308.892,-191.143
14:56:35,30.02,1704.448,800,1,5.64,549.641,308.914,-191.029
14:56:35,30.141,1704.448,800,1,5.154,543.782,310.0,-198.895
14:56:35,30.275,796.123,565,1,81.897,501.474,314.964,-238.135
14:56:35,30.441,886.55,800,1,0.0,501.472,314.963,-238.129
14:56:35,30.603,1178.811,800,1,487.561,477.278,315.715,-259.277
14:56:36,30.751,994.803,800,1,0.0,450.527,314.916,-280.032
14:56:36,30.912,919.063,800,1,168.105,447.501,314.716,-283.742
14:56:36,31.051,925.866,800,1,287.77,401.83,309.318,-315.751
14:56:36,31.205,945.571,800,1,0.0,398.849,308.809,-317.823
14:56:36,31.368,937.605,800,1,197.59,379.695,305.078,-329.906
14:56:36,31.519,889.086,800,1,0.0,361.074,300.691,-339.057
14:56:37,31.678,855.016,739,1,6.614,361.154,300.767,-339.398
14:56:37,31.863,828.58,661,1,59.814,365.308,304.708,-320.542
14:56:37,32.021,826.297,654,1,79.422,367.713,306.981,-307.278
14:56:37,32.186,835.052,680,1,32.035,369.88,309.032,-294.378
14:56:37,32.358,738.289,394,1,205.706,371.319,310.391,-284.269
14:56:37,32.51,509.808,213,1,68.067,372.415,311.426,-276.738
14:56:38,32.726,344.306,180,1,0.0,373.324,312.281,-268.528
14:56:38,32.883,273.196,0,1,2.415,373.336,312.292,-268.646
14:56:38,33.067,255.351,0,1,53.833,373.976,312.896,-262.795
14:56:38,33.229,267.194,0,1,53.564,374.652,313.533,-254.089
14:56:38,33.384,209.844,0,1,25.994,375.204,314.052,-248.859
14:56:38,33.555,215.231,0,1,0.544,375.62,314.443,-242.739
14:56:39,33.719,221.49,0,1,0.0,375.62,314.443,-242.739
14:56:39,33.881,242.46,0,1,0.0,375.62,314.443,-242.739
14:56:39,34.036,246.28,0,1,0.0,375.62,314.443,-242.739
14:56:39,34.199,231.53,0,1,0.0,375.62,314.443,-242.739
14:56:39,34.353,238.73,0,1,0.0,375.62,314.443,-242.739
14:56:39,34.505,250.19,0,1,0.0,375.62,314.443,-242.739
14:56:40,34.657,254.2,0,1,0.0,375.62,314.443,-242.739
14:56:40,34.807,262.5,0,1,0.0,375.62,314.443,-242.739
14:56:40,34.96,271.15,0,1,0.0,375.62,314.443,-242.739
14:56:40,35.132,280.14,0,1,0.0,375.62,314.443,-242.739
14:56:40,35.315,284.74,0,1,0.0,375.62,314.443,-242.739
14:56:40,35.469,284.66,0,1,0.0,375.62,314.443,-242.739
14:56:40,35.624,284.66,0,1,0.0,375.62,314.443,-242.739
14:56:41,35.774,284.66,0,1,0.0,375.62,314.443,-242.739
14:56:41,35.925,294.32,0,1,0.0,375.62,314.443,-242.739
14:56:41,36.087,289.48,0,1,0.0,375.62,314.443,-242.739
14:56:41,36.257,294.38,0,1,0.0,375.62,314.443,-242.739
14:56:41,36.412,289.54,0,1,0.0,375.62,314.443,-242.739
14:56:41,36.578,289.57,0,1,0.0,375.62,314.443,-242.739
14:56:42,36.741,289.54,0,1,0.0,375.62,314.443,-242.739
14:56:42,36.9,284.79,0,1,0.0,375.62,314.443,-242.739
14:56:42,37.077,275.58,0,1,0.0,375.62,314.443,-242.739
14:56:42,37.235,271.11,0,1,0.0,375.62,314.443,-242.739
14:56:42,37.391,262.41,0,1,0.0,375.62,314.443,-242.739
14:56:42,37.545,262.41,0,1,0.0,375.62,314.443,-242.739
14:56:43,37.703,258.22,0,1,0.0,375.62,314.443,-242.739
14:56:43,37.867,258.22,0,1,0.0,375.62,314.443,-242.739
14:56:43,38.032,258.22,0,1,0.0,375.62,314.443,-242.739
14:56:43,38.196,258.22,0,1,0.0,375.62,314.443,-242.739
14:56:43,38.357,254.2,0,1,0.0,375.62,314.443,-242.739
14:56:43,38.514,250.17,0,1,0.0,375.62,314.443,-242.739
14:56:44,38.691,250.19,0,1,0.0,375.62,314.443,-242.739
14:56:44,38.849,250.19,0,1,0.0,375.62,314.443,-242.739
14:56:44,39.028,254.2,0,1,0.0,375.62,314.443,-242.739
14:56:44,39.189,254.2,0,1,0.0,375.62,314.443,-242.739
14:56:44,39.365,258.3,0,1,0.0,375.62,314.443,-242.739
14:56:44,39.523,254.2,0,1,0.0,375.62,314.443,-242.739
14:56:45,39.689,250.19,0,1,0.0,375.62,314.443,-242.739
14:56:45,39.847,250.2,0,1,0.0,375.62,314.443,-242.739
14:56:45,40.009,250.2,0,1,0.0,375.62,314.443,-242.739
14:56:45,40.171,250.2,0,1,0.0,375.62,314.443,-242.739
14:56:45,40.336,246.28,0,1,0.0,375.62,314.443,-242.739
14:56:45,40.502,246.28,0,1,0.0,375.62,314.443,-242.739
14:56:46,40.663,246.25,0,1,0.0,375.62,314.443,-242.739
14:56:46,40.821,246.25,0,1,0.0,375.62,314.443,-242.739
14:56:46,40.986,246.25,0,1,0.0,375.62,314.443,-242.739
14:56:46,41.153,246.25,0,1,0.0,375.62,314.443,-242.739
14:56:46,41.315,250.17,0,1,0.0,375.62,314.443,-242.739
14:56:46,41.499,250.17,0,1,0.0,375.62,314.443,-242.739
14:56:47,41.662,250.12,0,1,0.0,375.62,314.443,-242.739
14:56:47,41.828,250.12,0,1,0.0,375.62,314.443,-242.739
14:56:47,41.985,250.12,0,1,0.0,375.62,314.443,-242.739
14:56:47,42.164,250.12,0,1,0.0,375.62,314.443,-242.739
14:56:47,42.329,250.12,0,1,0.0,375.62,314.443,-242.739
14:56:47,42.49,250.12,0,1,0.0,375.62,314.443,-242.739
14:56:48,42.655,254.13,0,1,0.0,375.62,314.443,-242.739
14:56:48,42.82,254.13,0,1,0.0,375.62,314.443,-242.739
14:56:48,42.984,254.13,0,1,0.0,375.62,314.443,-242.739
14:56:48,43.152,254.13,0,1,0.0,375.62,314.443,-242.739
14:56:48,43.336,254.06,0,1,0.0,375.62,314.443,-242.739
14:56:48,43.501,254.06,0,1,0.0,375.62,314.443,-242.739
14:56:49,43.67,254.06,0,1,0.0,375.62,314.443,-242.739
14:56:49,43.841,254.13,0,1,0.0,375.62,314.443,-242.739
14:56:49,44.011,254.13,0,1,0.0,375.62,314.443,-242.739
14:56:49,44.187,254.13,0,1,0.0,375.62,314.443,-242.739
14:56:49,44.365,246.25,0,1,0.0,375.62,314.443,-242.739
14:56:49,44.539,231.49,0,1,0.0,375.62,314.443,-242.739
14:56:50,44.71,195.87,0,1,0.0,375.62,314.443,-242.739
14:56:50,44.881,169.49,0,1,0.0,375.62,314.443,-242.739
14:56:50,45.063,175.01,0,1,0.0,375.62,314.443,-242.739
14:56:50,45.235,188.84,0,1,0.0,375.62,314.443,-242.739
14:56:50,45.407,188.84,0,1,0.0,375.62,314.443,-242.739
14:56:50,45.579,194.3,0,1,0.0,375.62,314.443,-242.739
14:56:51,45.752,200.07,0,1,0.0,375.62,314.443,-242.739
14:56:51,45.919,205.18,0,1,0.0,375.62,314.443,-242.739
14:56:51,46.102,202.58,0,1,0.0,375.62,314.443,-242.739
14:56:51,46.28,196.92,0,1,0.0,375.62,314.443,-242.739
14:56:51,46.452,193.46,0,1,0.0,375.62,314.443,-242.739
14:56:51,46.615,194.0,0,1,0.0,375.62,314.443,-242.739
14:56:52,46.8,192.36,0,1,0.0,375.62,314.443,-242.739
14:56:52,46.982,193.48,0,1,0.0,375.62,314.443,-242.739
14:56:52,47.155,191.88,0,1,0.0,375.62,314.443,-242.739
14:56:52,47.332,188.85,0,1,0.0,375.62,314.443,-242.739
14:56:52,47.508,186.05,0,1,0.0,375.62,314.443,-242.739
14:56:53,47.688,182.96,0,1,0.0,375.62,314.443,-242.739
14:56:53,47.86,181.28,0,1,0.0,375.62,314.443,-242.739
14:56:53,48.027,180.14,0,1,0.0,375.62,314.443,-242.739
14:56:53,48.201,179.05,0,1,0.0,375.62,314.443,-242.739
14:56:53,48.375,178.02,0,1,0.0,375.62,314.443,-242.739
14:56:53,48.544,178.93,0,1,0.0,375.62,314.443,-242.739
14:56:54,48.713,177.47,0,1,0.0,375.62,314.443,-242.739
14:56:54,48.891,170.0,0,1,0.0,375.62,314.443,-242.739
14:56:54,49.066,170.2,0,1,0.0,375.62,314.443,-242.739
14:56:54,49.24,187.26,0,1,0.0,375.62,314.443,-242.739
14:56:54,49.417,209.27,0,1,0.0,375.62,314.443,-242.739
14:56:54,49.618,226.67,0,1,0.0,375.62,314.443,-242.739
14:56:55,49.796,237.58,0,1,0.0,375.62,314.443,-242.739
14:56:55,49.968,234.72,0,1,0.0,375.62,314.443,-242.739
14:56:55,50.157,238.34,0,1,0.0,375.62,314.443,-242.739
14:56:55,50.335,245.87,0,1,0.0,375.62,314.443,-242.739
14:56:55,50.528,245.43,0,1,0.0,375.62,314.443,-242.739
14:56:56,50.715,253.11,0,1,0.0,375.62,314.443,-242.739
14:56:56,50.893,253.11,0,1,0.0,375.62,314.443,-242.739
14:56:56,51.08,265.36,0,1,0.0,375.62,314.443,-242.739
14:56:56,51.274,261.12,0,1,0.0,375.62,314.443,-242.739
14:56:56,51.452,260.88,0,1,0.0,375.62,314.443,-242.739
14:56:56,51.638,265.79,0,1,0.0,375.62,314.443,-242.739
14:56:57,51.822,270.33,0,1,0.0,375.62,314.443,-242.739
14:56:57,52.022,270.33,0,1,0.0,375.62,314.443,-242.739
14:56:57,52.207,265.98,0,1,0.0,375.62,314.443,-242.739
14:56:57,52.405,261.72,0,1,0.0,375.62,314.443,-242.739
14:56:57,52.593,253.62,0,1,0.0,375.62,314.443,-242.739
14:56:58,52.791,253.47,0,1,0.0,375.62,314.443,-242.739
14:56:58,52.971,249.32,0,1,0.0,375.62,314.443,-242.739
14:56:58,53.151,253.11,0,1,0.0,375.62,314.443,-242.739
14:56:58,53.332,253.11,0,1,0.0,375.62,314.443,-242.739
14:56:58,53.519,257.37,0,1,0.0,375.62,314.443,-242.739
14:56:59,53.699,257.37,0,1,0.0,375.62,314.443,-242.739
14:56:59,53.889,249.77,0,1,0.0,375.62,314.443,-242.739
14:56:59,54.076,246.07,0,1,0.0,375.62,314.443,-242.739
14:56:59,54.256,258.31,0,1,0.0,375.62,314.443,-242.739
14:56:59,54.436,254.21,0,1,0.0,375.62,314.443,-242.739
14:56:59,54.615,250.2,0,1,0.0,375.62,314.443,-242.739
14:57:00,54.799,254.2,0,1,0.0,375.62,314.443,-242.739
14:57:00,54.983,258.27,0,1,0.0,375.62,314.443,-242.739
14:57:00,55.172,254.17,0,1,0.0,375.62,314.443,-242.739
14:57:00,55.358,250.17,0,1,0.0,375.62,314.443,-242.739
14:57:00,55.543,246.21,0,1,0.0,375.62,314.443,-242.739
14:57:01,55.733,250.12,0,1,0.0,375.62,314.443,-242.739
14:57:01,55.924,250.12,0,1,0.0,375.62,314.443,-242.739
14:57:01,56.112,258.16,0,1,0.0,375.62,314.443,-242.739
14:57:01,56.315,249.98,0,1,0.0,375.62,314.443,-242.739
14:57:01,56.504,249.98,0,1,0.0,375.62,314.443,-242.739
14:57:02,56.688,238.45,0,1,0.0,375.62,314.443,-242.739
14:57:02,56.871,231.29,0,1,0.0,375.62,314.443,-242.739
14:57:02,57.055,234.82,0,1,0.0,375.62,314.443,-242.739
14:57:02,57.244,228.05,0,1,0.0,375.62,314.443,-242.739
14:57:02,57.428,218.29,0,1,0.0,375.62,314.443,-242.739
14:57:02,57.611,206.55,0,1,0.0,375.62,314.443,-242.739
14:57:03,57.803,175.6,0,1,0.0,375.62,314.443,-242.739
14:57:03,57.989,170.86,0,1,0.0,375.62,314.443,-242.739
14:57:03,58.172,175.57,0,1,0.0,375.62,314.443,-242.739
14:57:03,58.353,181.85,0,1,0.0,375.62,314.443,-242.739
14:57:03,58.555,183.63,0,1,0.0,375.62,314.443,-242.739
14:57:04,58.746,178.55,0,1,0.0,375.62,314.443,-242.739
14:57:04,58.945,174.31,0,1,0.0,375.62,314.443,-242.739
14:57:04,59.144,168.33,0,1,0.0,375.62,314.443,-242.739
14:57:04,59.332,165.58,0,1,0.0,375.62,314.443,-242.739
14:57:04,59.524,166.03,0,1,0.0,375.62,314.443,-242.739
14:57:05,59.721,165.62,0,1,0.0,375.62,314.443,-242.739
14:57:05,59.911,165.78,0,1,0.0,375.62,314.443,-242.739
14:57:05,60.117,166.03,0,1,0.0,375.62,314.443,-242.739
14:57:05,60.301,166.38,0,1,0.0,375.62,314.443,-242.739
14:57:05,60.494,172.55,0,1,0.0,375.62,314.443,-242.739
14:57:06,60.688,221.93,0,1,0.0,375.62,314.443,-242.739
14:57:06,60.887,233.891,0,1,0.0,375.62,314.443,-242.739
14:57:06,61.079,206.718,0,1,0.0,375.62,314.443,-242.739
14:57:06,61.283,140.883,0,1,0.0,375.62,314.443,-242.739
14:57:06,61.481,140.883,0,1,0.0,375.62,314.443,-242.739
14:57:06,61.655,140.883,0,1,0.0,375.62,314.443,-242.739
14:57:07,61.835,140.883,0,1,0.0,375.62,314.443,-242.739
14:57:07,62.01,280.35,0,1,0.0,375.62,314.443,-242.739
14:57:07,62.2,269.552,0,1,0.0,375.62,314.443,-242.739
14:57:07,62.392,228.977,0,1,0.0,375.62,314.443,-242.739
14:57:07,62.588,210.35,0,1,0.0,375.62,314.443,-242.739
14:57:08,62.782,210.35,0,1,0.0,375.62,314.443,-242.739
14:57:08,62.955,210.35,0,1,0.0,375.62,314.443,-242.739
14:57:08,63.137,167.48,0,1,0.0,375.62,314.443,-242.739
14:57:08,63.329,166.2,0,1,0.0,375.62,314.443,-242.739
14:57:08,63.529,166.53,0,1,0.0,375.62,314.443,-242.739
14:57:09,63.728,167.52,0,1,0.0,375.62,314.443,-242.739
14:57:09,63.927,168.95,0,1,0.0,375.62,314.443,-242.739
14:57:09,64.129,167.0,0,1,0.0,375.62,314.443,-242.739
14:57:09,64.394,167.04,0,1,0.0,375.62,314.443,-242.739
14:57:09,64.625,166.57,0,1,0.0,375.62,314.443,-242.739
14:57:10,64.833,165.89,0,1,0.0,375.62,314.443,-242.739
14:57:10,65.029,165.89,0,1,0.0,375.62,314.443,-242.739
14:57:10,65.229,166.19,0,1,0.0,375.62,314.443,-242.739
14:57:10,65.424,166.2,0,1,0.0,375.62,314.443,-242.739
14:57:10,65.63,166.2,0,1,0.0,375.62,314.443,-242.739
14:57:11,65.822,166.2,0,1,0.0,375.62,314.443,-242.739
14:57:11,66.016,166.2,0,1,0.0,375.62,314.443,-242.739
14:57:11,66.225,166.2,0,1,0.0,375.62,314.443,-242.739
14:57:11,66.434,166.2,0,1,0.0,375.62,314.443,-242.739
14:57:11,66.628,166.2,0,1,0.0,375.62,314.443,-242.739
14:57:12,66.824,165.9,0,1,0.0,375.62,314.443,-242.739
14:57:12,67.025,165.69,0,1,0.0,375.62,314.443,-242.739
14:57:12,67.226,165.57,0,1,0.0,375.62,314.443,-242.739
14:57:12,67.431,165.57,0,1,0.0,375.62,314.443,-242.739
14:57:13,67.635,165.57,0,1,0.0,375.62,314.443,-242.739
14:57:13,67.85,165.55,0,1,0.0,375.62,314.443,-242.739
14:57:13,68.055,165.55,0,1,0.0,375.62,314.443,-242.739
14:57:13,68.258,165.57,0,1,0.0,375.62,314.443,-242.739
14:57:13,68.462,165.55,0,1,0.0,375.62,314.443,-242.739
14:57:14,68.664,165.57,0,1,0.0,375.62,314.443,-242.739
14:57:14,68.863,165.57,0,1,0.0,375.62,314.443,-242.739
14:57:14,69.062,165.57,0,1,0.0,375.62,314.443,-242.739
14:57:14,69.273,165.57,0,1,0.0,375.62,314.443,-242.739
14:57:14,69.476,165.57,0,1,0.0,375.62,314.443,-242.739
14:57:15,69.679,165.69,0,1,0.0,375.62,314.443,-242.739
14:57:15,69.883,165.69,0,1,0.0,375.62,314.443,-242.739
14:57:15,70.082,165.69,0,1,0.0,375.62,314.443,-242.739
14:57:15,70.287,165.69,0,1,0.0,375.62,314.443,-242.739
14:57:15,70.499,165.69,0,1,0.0,375.62,314.443,-242.739
14:57:16,70.721,165.9,0,1,0.0,375.62,314.443,-242.739
14:57:16,70.936,165.9,0,1,0.0,375.62,314.443,-242.739
14:57:16,71.142,165.69,0,1,0.0,375.62,314.443,-242.739
14:57:16,71.348,165.69,0,1,0.0,375.62,314.443,-242.739
14:57:16,71.561,165.9,0,1,0.0,375.62,314.443,-242.739
14:57:17,71.78,165.69,0,1,0.0,375.62,314.443,-242.739
14:57:17,71.987,165.69,0,1,0.0,375.62,314.443,-242.739
14:57:17,72.191,165.69,0,1,0.0,375.62,314.443,-242.739
14:57:17,72.393,165.69,0,1,0.0,375.62,314.443,-242.739
14:57:17,72.603,165.69,0,1,0.0,375.62,314.443,-242.739
14:57:18,72.823,165.58,0,1,0.0,375.62,314.443,-242.739
14:57:18,73.031,165.55,0,1,0.0,375.62,314.443,-242.739
14:57:18,73.235,165.55,0,1,0.0,375.62,314.443,-242.739
14:57:18,73.455,165.55,0,1,0.0,375.62,314.443,-242.739
14:57:19,73.676,165.58,0,1,0.0,375.62,314.443,-242.739
14:57:19,73.881,165.58,0,1,0.0,375.62,314.443,-242.739
14:57:19,74.085,165.58,0,1,0.0,375.62,314.443,-242.739
14:57:19,74.292,165.58,0,1,0.0,375.62,314.443,-242.739
14:57:19,74.516,165.58,0,1,0.0,375.62,314.443,-242.739
14:57:20,74.736,165.55,0,1,0.0,375.62,314.443,-242.739
14:57:20,74.948,165.55,0,1,0.0,375.62,314.443,-242.739
14:57:20,75.157,165.62,0,1,0.0,375.62,314.443,-242.739
14:57:20,75.373,165.62,0,1,0.0,375.62,314.443,-242.739
14:57:20,75.599,165.78,0,1,0.0,375.62,314.443,-242.739
14:57:21,75.812,165.78,0,1,0.0,375.62,314.443,-242.739
14:57:21,76.024,165.62,0,1,0.0,375.62,314.443,-242.739
14:57:21,76.243,165.62,0,1,0.0,375.62,314.443,-242.739
14:57:21,76.458,165.62,0,1,0.0,375.62,314.443,-242.739
14:57:22,76.677,165.55,0,1,0.0,375.62,314.443,-242.739
14:57:22,76.896,165.55,0,1,0.0,375.62,314.443,-242.739
14:57:22,77.103,165.58,0,1,0.0,375.62,314.443,-242.739
14:57:22,77.339,165.57,0,1,0.0,375.62,314.443,-242.739
14:57:22,77.549,165.57,0,1,0.0,375.62,314.443,-242.739
14:57:23,77.759,165.55,0,1,0.0,375.62,314.443,-242.739
14:57:23,77.986,165.55,0,1,0.0,375.62,314.443,-242.739
14:57:23,78.198,165.55,0,1,0.0,375.62,314.443,-242.739
14:57:23,78.415,165.55,0,1,0.0,375.62,314.443,-242.739
14:57:23,78.626,165.55,0,1,0.0,375.62,314.443,-242.739
14:57:24,78.833,165.55,0,1,0.0,375.62,314.443,-242.739
14:57:24,79.047,165.62,0,1,0.0,375.62,314.443,-242.739
14:57:24,79.257,165.55,0,1,0.0,375.62,314.443,-242.739
14:57:24,79.469,165.62,0,1,0.0,375.62,314.443,-242.739
14:57:25,79.685,165.62,0,1,0.0,375.62,314.443,-242.739
14:57:25,79.9,165.62,0,1,0.0,375.62,314.443,-242.739
14:57:25,80.095,165.62,0,1,0.0,375.62,314.443,-242.739
14:57:25,80.308,165.62,0,1,0.0,375.62,314.443,-242.739
14:57:25,80.521,165.62,0,1,0.0,375.62,314.443,-242.739
14:57:26,80.729,165.55,0,1,0.0,375.62,314.443,-242.739
14:57:26,80.945,165.62,0,1,0.0,375.62,314.443,-242.739
14:57:26,81.164,165.55,0,1,0.0,375.62,314.443,-242.739
14:57:26,81.387,165.55,0,1,0.0,375.62,314.443,-242.739
14:57:26,81.603,165.55,0,1,0.0,375.62,314.443,-242.739
14:57:27,81.834,165.58,0,1,0.0,375.62,314.443,-242.739
14:57:27,82.054,165.58,0,1,0.0,375.62,314.443,-242.739
14:57:27,82.279,165.69,0,1,0.0,375.62,314.443,-242.739
14:57:27,82.527,165.69,0,1,0.0,375.62,314.443,-242.739
14:57:28,82.744,165.69,0,1,0.0,375.62,314.443,-242.739
14:57:28,82.978,165.69,0,1,0.0,375.62,314.443,-242.739
14:57:28,83.2,165.69,0,1,0.0,375.62,314.443,-242.739
14:57:28,83.41,165.69,0,1,0.0,375.62,314.443,-242.739
14:57:28,83.626,165.69,0,1,0.0,375.62,314.443,-242.739
14:57:29,83.838,165.57,0,1,0.0,375.62,314.443,-242.739
14:57:29,84.045,165.57,0,1,0.0,375.62,314.443,-242.739
14:57:29,84.26,165.57,0,1,0.0,375.62,314.443,-242.739
14:57:29,84.474,165.57,0,1,0.0,375.62,314.443,-242.739
14:57:30,84.676,165.57,0,1,0.0,375.62,314.443,-242.739
14:57:30,84.871,165.57,0,1,0.0,375.62,314.443,-242.739
14:57:30,85.075,165.57,0,1,0.0,375.62,314.443,-242.739
14:57:30,85.278,165.57,0,1,0.0,375.62,314.443,-242.739
14:57:30,85.479,165.57,0,1,0.0,375.62,314.443,-242.739
14:57:31,85.679,165.57,0,1,0.0,375.62,314.443,-242.739
14:57:31,85.881,165.62,0,1,0.0,375.62,314.443,-242.739
14:57:31,86.108,165.79,0,1,0.0,375.62,314.443,-242.739
14:57:31,86.338,166.04,0,1,0.0,375.62,314.443,-242.739
14:57:31,86.564,165.79,0,1,0.0,375.62,314.443,-242.739
14:57:32,86.79,165.78,0,1,0.0,375.62,314.443,-242.739
14:57:32,87.008,165.78,0,1,0.0,375.62,314.443,-242.739
14:57:32,87.238,165.78,0,1,0.0,375.62,314.443,-242.739
14:57:32,87.456,165.79,0,1,0.0,375.62,314.443,-242.739
14:57:33,87.684,165.79,0,1,0.0,375.62,314.443,-242.739
14:57:33,87.888,165.79,0,1,0.0,375.62,314.443,-242.739
14:57:33,88.102,165.79,0,1,0.0,375.62,314.443,-242.739
14:57:33,88.31,166.04,0,1,0.0,375.62,314.443,-242.739
14:57:33,88.54,165.79,0,1,0.0,375.62,314.443,-242.739
14:57:34,88.767,165.62,0,1,0.0,375.62,314.443,-242.739
14:57:34,89.014,165.57,0,1,0.0,375.62,314.443,-242.739
14:57:34,89.233,165.57,0,1,0.0,375.62,314.443,-242.739
14:57:34,89.455,165.57,0,1,0.0,375.62,314.443,-242.739
14:57:35,89.675,165.57,0,1,0.0,375.62,314.443,-242.739
14:57:35,89.896,165.57,0,1,0.0,375.62,314.443,-242.739
14:57:35,90.126,165.57,0,1,0.0,375.62,314.443,-242.739
14:57:35,90.351,165.69,0,1,0.0,375.62,314.443,-242.739
14:57:35,90.571,165.89,0,1,0.0,375.62,314.443,-242.739
14:57:36,90.798,165.89,0,1,0.0,375.62,314.443,-242.739
14:57:36,91.023,165.89,0,1,0.0,375.62,314.443,-242.739
14:57:36,91.251,166.19,0,1,0.0,375.62,314.443,-242.739
14:57:36,91.481,166.18,0,1,0.0,375.62,314.443,-242.739
14:57:37,91.713,166.19,0,1,0.0,375.62,314.443,-242.739
14:57:37,91.949,166.19,0,1,0.0,375.62,314.443,-242.739
14:57:37,92.176,165.89,0,1,0.0,375.62,314.443,-242.739
14:57:37,92.409,166.19,0,1,0.0,375.62,314.443,-242.739
14:57:38,92.649,166.19,0,1,0.0,375.62,314.443,-242.739
14:57:38,92.883,166.19,0,1,0.0,375.62,314.443,-242.739
14:57:38,93.112,166.19,0,1,0.0,375.62,314.443,-242.739
14:57:38,93.363,166.19,0,1,0.0,375.62,314.443,-242.739
14:57:38,93.576,166.19,0,1,0.0,375.62,314.443,-242.739
14:57:39,93.788,166.19,0,1,0.0,375.62,314.443,-242.739
14:57:39,93.997,166.19,0,1,0.0,375.62,314.443,-242.739
14:57:39,94.21,165.89,0,1,0.0,375.62,314.443,-242.739
14:57:39,94.447,166.19,0,1,0.0,375.62,314.443,-242.739
14:57:40,94.708,166.19,0,1,0.0,375.62,314.443,-242.739
14:57:40,94.938,166.19,0,1,0.0,375.62,314.443,-242.739
14:57:40,95.171,165.89,0,1,0.0,375.62,314.443,-242.739
14:57:40,95.397,165.89,0,1,0.0,375.62,314.443,-242.739
14:57:40,95.622,166.58,0,1,0.0,375.62,314.443,-242.739
14:57:41,95.869,166.58,0,1,0.0,375.62,314.443,-242.739
14:57:41,96.114,166.58,0,1,0.0,375.62,314.443,-242.739
14:57:41,96.347,166.58,0,1,0.0,375.62,314.443,-242.739
14:57:41,96.571,167.06,0,1,0.0,375.62,314.443,-242.739
14:57:42,96.8,167.05,0,1,0.0,375.62,314.443,-242.739
14:57:42,97.036,167.05,0,1,0.0,375.62,314.443,-242.739
14:57:42,97.273,167.05,0,1,0.0,375.62,314.443,-242.739
14:57:42,97.513,166.57,0,1,0.0,375.62,314.443,-242.739
14:57:43,97.747,166.58,0,1,0.0,375.62,314.443,-242.739
14:57:43,97.984,166.59,0,1,0.0,375.62,314.443,-242.739
14:57:43,98.23,166.2,0,1,0.0,375.62,314.443,-242.739
14:57:43,98.463,166.2,0,1,0.0,375.62,314.443,-242.739
14:57:44,98.707,166.2,0,1,0.0,375.62,314.443,-242.739
14:57:44,98.934,166.2,0,1,0.0,375.62,314.443,-242.739
14:57:44,99.169,166.2,0,1,0.0,375.62,314.443,-242.739
14:57:44,99.402,166.2,0,1,0.0,375.62,314.443,-242.739
14:57:44,99.636,166.2,0,1,0.0,375.62,314.443,-242.739
14:57:45,99.877,166.2,0,1,0.0,375.62,314.443,-242.739
14:57:45,100.097,166.2,0,1,0.0,375.62,314.443,-242.739
14:57:45,100.34,166.2,0,1,0.0,375.62,314.443,-242.739
14:57:45,100.589,165.9,0,1,0.0,375.62,314.443,-242.739
14:57:46,100.824,165.9,0,1,0.0,375.62,314.443,-242.739
14:57:46,101.053,166.2,0,1,0.0,375.62,314.443,-242.739
14:57:46,101.281,166.2,0,1,0.0,375.62,314.443,-242.739
14:57:46,101.518,166.2,0,1,0.0,375.62,314.443,-242.739
14:57:47,101.758,166.2,0,1,0.0,375.62,314.443,-242.739
14:57:47,102.013,166.2,0,1,0.0,375.62,314.443,-242.739
14:57:47,102.255,166.2,0,1,0.0,375.62,314.443,-242.739
14:57:47,102.489,166.59,0,1,0.0,375.62,314.443,-242.739
14:57:48,102.722,167.06,0,1,0.0,375.62,314.443,-242.739
14:57:48,102.963,167.06,0,1,0.0,375.62,314.443,-242.739
14:57:48,103.178,167.06,0,1,0.0,375.62,314.443,-242.739
14:57:48,103.404,167.06,0,1,0.0,375.62,314.443,-242.739
14:57:48,103.648,167.06,0,1,0.0,375.62,314.443,-242.739
14:57:49,103.882,167.06,0,1,0.0,375.62,314.443,-242.739
14:57:49,104.093,167.06,0,1,0.0,375.62,314.443,-242.739
14:57:49,104.321,167.06,0,1,0.0,375.62,314.443,-242.739
14:57:49,104.538,167.06,0,1,0.0,375.62,314.443,-242.739
14:57:50,104.758,167.06,0,1,0.0,375.62,314.443,-242.739
14:57:50,104.975,167.06,0,1,0.0,375.62,314.443,-242.739
14:57:50,105.195,167.06,0,1,0.0,375.62,314.443,-242.739
14:57:50,105.418,167.06,0,1,0.0,375.62,314.443,-242.739
14:57:51,105.647,165.79,0,1,0.0,375.62,314.443,-242.739
14:57:51,105.891,165.8,0,1,0.0,375.62,314.443,-242.739
14:57:51,106.139,165.79,0,1,0.0,375.62,314.443,-242.739
14:57:51,106.379,165.56,0,1,0.0,375.62,314.443,-242.739
14:57:51,106.62,165.56,0,1,0.0,375.62,314.443,-242.739
14:57:52,106.863,165.56,0,1,0.0,375.62,314.443,-242.739
14:57:52,107.104,165.57,0,1,0.0,375.62,314.443,-242.739
14:57:52,107.347,165.57,0,1,0.0,375.62,314.443,-242.739
14:57:52,107.613,166.12,0,1,0.0,375.62,314.443,-242.739
14:57:53,107.858,167.5,0,1,0.0,375.62,314.443,-242.739
14:57:53,108.109,168.89,0,1,0.0,375.62,314.443,-242.739
14:57:53,108.359,169.76,0,1,0.0,375.62,314.443,-242.739
14:57:53,108.608,170.69,0,1,0.0,375.62,314.443,-242.739
14:57:54,108.876,170.65,0,1,0.0,375.62,314.443,-242.739
14:57:54,109.121,170.48,0,1,0.0,375.62,314.443,-242.739
14:57:54,109.368,170.48,0,1,0.0,375.62,314.443,-242.739
14:57:54,109.608,179.3,0,1,0.0,375.62,314.443,-242.739
14:57:55,109.864,179.3,0,1,0.0,375.62,314.443,-242.739
14:57:55,110.101,179.3,0,1,0.0,375.62,314.443,-242.739
14:57:55,110.324,179.3,0,1,0.0,375.62,314.443,-242.739
14:57:55,110.552,179.3,0,1,0.0,375.62,314.443,-242.739
14:57:56,110.786,179.3,0,1,0.0,375.62,314.443,-242.739
14:57:56,111.012,179.3,0,1,0.0,375.62,314.443,-242.739
14:57:56,111.24,179.3,0,1,0.0,375.62,314.443,-242.739
14:57:56,111.465,179.3,0,1,0.0,375.62,314.443,-242.739
14:57:57,111.697,179.3,0,1,0.0,375.62,314.443,-242.739
14:57:57,111.931,179.3,0,1,0.0,375.62,314.443,-242.739
14:57:57,112.155,179.3,0,1,0.0,375.62,314.443,-242.739
14:57:57,112.387,179.3,0,1,0.0,375.62,314.443,-242.739
14:57:57,112.616,179.3,0,1,0.0,375.62,314.443,-242.739
14:57:58,112.851,179.3,0,1,0.0,375.62,314.443,-242.739
14:57:58,113.08,179.3,0,1,0.0,375.62,314.443,-242.739
14:57:58,113.325,179.3,0,1,0.0,375.62,314.443,-242.739
14:57:58,113.552,179.3,0,1,0.0,375.62,314.443,-242.739
14:57:59,113.78,179.3,0,1,0.0,375.62,314.443,-242.739
14:57:59,114.024,179.3,0,1,0.0,375.62,314.443,-242.739
14:57:59,114.259,166.82,0,1,0.0,375.62,314.443,-242.739
14:57:59,114.512,166.82,0,1,0.0,375.62,314.443,-242.739
14:58:00,114.761,166.82,0,1,0.0,375.62,314.443,-242.739
14:58:00,115.015,166.82,0,1,0.0,375.62,314.443,-242.739
14:58:00,115.271,166.38,0,1,0.0,375.62,314.443,-242.739
14:58:00,115.526,166.03,0,1,0.0,375.62,314.443,-242.739
14:58:01,115.775,166.03,0,1,0.0,375.62,314.443,-242.739
14:58:01,116.03,166.04,0,1,0.0,375.62,314.443,-242.739
14:58:01,116.279,166.04,0,1,0.0,375.62,314.443,-242.739
14:58:01,116.536,165.78,0,1,0.0,375.62,314.443,-242.739
14:58:02,116.812,165.78,0,1,0.0,375.62,314.443,-242.739
14:58:02,117.091,165.78,0,1,0.0,375.62,314.443,-242.739
14:58:02,117.347,165.62,0,1,0.0,375.62,314.443,-242.739
14:58:02,117.597,165.62,0,1,0.0,375.62,314.443,-242.739
14:58:03,117.846,165.62,0,1,0.0,375.62,314.443,-242.739
14:58:03,118.104,165.62,0,1,0.0,375.62,314.443,-242.739
14:58:03,118.354,165.62,0,1,0.0,375.62,314.443,-242.739
14:58:03,118.616,165.62,0,1,0.0,375.62,314.443,-242.739
14:58:04,118.878,165.62,0,1,0.0,375.62,314.443,-242.739
14:58:04,119.131,165.62,0,1,0.0,375.62,314.443,-242.739
14:58:04,119.389,165.55,0,1,0.0,375.62,314.443,-242.739
14:58:04,119.647,165.55,0,1,0.0,375.62,314.443,-242.739
14:58:05,119.908,165.55,0,1,0.0,375.62,314.443,-242.739
14:58:05,120.144,165.55,0,1,0.0,375.62,314.443,-242.739
14:58:05,120.385,165.62,0,1,0.0,375.62,314.443,-242.739
14:58:06,120.651,165.55,0,1,0.0,375.62,314.443,-242.739
14:58:06,120.93,165.57,0,1,0.0,375.62,314.443,-242.739
14:58:06,121.197,165.57,0,1,0.0,375.62,314.443,-242.739
14:58:06,121.457,165.57,0,1,0.0,375.62,314.443,-242.739
14:58:07,121.719,165.57,0,1,0.0,375.62,314.443,-242.739
14:58:07,121.976,165.57,0,1,0.0,375.62,314.443,-242.739
14:58:07,122.238,165.57,0,1,0.0,375.62,314.443,-242.739
14:58:07,122.498,165.57,0,1,0.0,375.62,314.443,-242.739
14:58:08,122.759,165.69,0,1,0.0,375.62,314.443,-242.739
14:58:08,123.021,165.69,0,1,0.0,375.62,314.443,-242.739
14:58:08,123.283,165.9,0,1,0.0,375.62,314.443,-242.739
14:58:08,123.552,165.9,0,1,0.0,375.62,314.443,-242.739
14:58:09,123.82,166.59,0,1,0.0,375.62,314.443,-242.739
14:58:09,124.071,166.59,0,1,0.0,375.62,314.443,-242.739
14:58:09,124.316,166.59,0,1,0.0,375.62,314.443,-242.739
14:58:09,124.57,166.2,0,1,0.0,375.62,314.443,-242.739
14:58:10,124.836,166.59,0,1,0.0,375.62,314.443,-242.739
14:58:10,125.107,165.58,0,1,0.0,375.62,314.443,-242.739
14:58:10,125.378,165.62,0,1,0.0,375.62,314.443,-242.739
14:58:11,125.651,165.78,0,1,0.0,375.62,314.443,-242.739
14:58:11,125.916,165.62,0,1,0.0,375.62,314.443,-242.739
14:58:11,126.19,167.08,0,1,0.0,375.62,314.443,-242.739
14:58:11,126.476,183.63,0,1,0.0,375.62,314.443,-242.739
14:58:12,126.742,201.23,0,1,0.0,375.62,314.443,-242.739
14:58:12,127.01,250.19,0,1,0.0,375.62,314.443,-242.739
14:58:12,127.285,330.67,89,1,0.0,375.62,314.443,-242.739
14:58:12,127.56,474.24,213,1,77.187,375.903,314.707,-237.244
14:58:13,127.818,589.251,213,1,41.199,376.231,315.012,-231.349
14:58:13,128.109,653.658,213,1,3.202,376.349,315.121,-229.848
14:58:13,128.415,711.87,315,1,37.136,376.782,315.523,-216.459
14:58:14,128.687,872.873,800,1,77.156,376.965,315.687,-201.118
14:58:14,128.962,1042.679,800,1,35.048,376.773,315.496,-186.635
14:58:14,129.244,1094.8,800,1,0.0,376.43,315.167,-175.01
14:58:14,129.514,1044.839,800,1,204.405,374.14,312.989,-142.242
14:58:15,129.803,1044.839,800,1,185.021,368.094,307.283,-97.287
14:58:15,130.052,1044.839,800,1,125.772,365.386,304.737,-83.82
14:58:15,130.301,1044.839,800,1,112.563,361.073,300.689,-63.68
14:58:15,130.552,1044.839,800,1,87.769,373.762,283.548,-63.685
14:58:16,130.816,991.315,800,1,218.453,390.137,258.72,-63.695
14:58:16,131.08,991.315,800,1,83.985,399.824,242.218,-63.706
14:58:16,131.338,991.315,800,1,74.868,407.51,227.895,-63.708
14:58:16,131.594,991.315,800,1,75.816,416.166,210.171,-63.712
14:58:17,131.853,991.315,800,1,83.069,426.921,184.995,-63.721
14:58:17,132.112,991.315,800,1,80.247,433.057,168.48,-63.731
14:58:17,132.363,991.315,800,1,76.804,438.297,152.566,-63.732
14:58:17,132.636,991.315,800,1,80.603,445.409,126.998,-63.734
14:58:18,132.887,991.315,800,1,81.003,450.045,106.282,-63.738
14:58:18,133.135,991.315,800,1,79.067,452.881,90.692,-63.738
14:58:18,133.384,991.315,800,1,77.171,455.248,74.45,-63.742
14:58:19,133.658,991.315,800,1,79.152,457.844,48.232,-63.747
14:58:19,133.919,991.315,800,1,79.264,458.841,27.0,-63.748
14:58:19,134.191,991.315,800,1,76.864,458.936,10.414,-63.745
14:58:19,134.475,991.315,800,1,78.37,457.858,-16.237,-63.748
14:58:20,134.732,991.315,800,1,78.297,455.926,-37.403,-63.747
14:58:20,135.004,991.315,800,1,76.901,453.824,-53.707,-63.739
14:58:20,135.265,991.315,800,1,77.855,449.087,-79.522,-63.743
14:58:20,135.526,991.315,800,1,77.476,444.273,-99.127,-63.736
14:58:21,135.786,991.315,800,1,76.738,439.989,-115.769,-63.73
14:58:21,136.039,991.315,800,1,75.762,434.649,-131.042,-63.732
14:58:21,136.303,991.315,800,1,76.569,425.299,-156.019,-63.723
14:58:21,136.551,991.315,800,1,76.381,417.913,-174.932,-63.717
14:58:22,136.805,991.315,800,1,75.29,410.19,-190.864,-63.711
14:58:22,137.092,991.315,800,1,75.287,400.028,-209.887,-63.709
14:58:22,137.348,991.315,800,1,75.308,388.063,-229.989,-63.697
14:58:22,137.605,991.315,800,1,74.152,379.334,-242.81,-63.694
14:58:23,137.883,991.315,800,1,74.178,365.424,-261.683,-63.68
14:58:23,138.146,991.315,800,1,71.915,362.766,-265.008,-65.219
14:58:23,138.418,991.315,800,1,69.627,365.795,-267.142,-77.104
14:58:24,138.682,991.315,800,1,67.874,369.628,-270.796,-95.449
14:58:24,138.948,1114.256,800,1,0.0,373.172,-272.634,-115.468
14:58:24,139.233,1232.031,800,1,98.546,375.4,-273.279,-131.536
14:58:24,139.541,1187.686,800,1,0.0,377.664,-275.909,-153.194
14:58:25,139.83,1173.34,800,1,167.948,378.774,-275.247,-172.84
14:58:25,140.146,1186.326,800,1,0.0,379.204,-275.003,-192.728
14:58:25,140.441,1186.507,800,1,208.477,378.823,-275.251,-212.407
14:58:26,140.747,1201.357,800,1,7.065,377.799,-275.886,-230.56
14:58:26,141.036,1216.394,800,1,114.809,376.098,-274.931,-248.49
14:58:26,141.355,1219.616,800,1,0.0,373.454,-272.542,-268.619
14:58:27,141.648,1221.945,800,1,118.257,370.353,-270.425,-286.715
14:58:27,141.968,1283.617,800,1,0.0,366.193,-268.946,-305.31
14:58:27,142.249,1344.702,800,2,89.651,362.635,-265.098,-319.229
14:58:27,142.552,1350.714,800,2,305.818,380.579,-268.692,-312.644
14:58:28,142.848,1246.59,800,2,567.744,513.613,-265.879,-223.483
14:58:28,143.146,1245.948,800,2,565.16,619.826,-227.556,-115.99
14:58:28,143.446,1186.339,800,2,569.199,710.041,-146.737,42.913
14:58:29,143.756,1148.169,800,2,663.356,743.713,-56.179,193.403
14:58:29,144.036,1128.771,800,2,484.831,726.553,47.272,367.119
14:58:29,144.351,1197.581,800,2,339.614,726.556,62.495,364.094
14:58:29,144.632,1216.759,800,2,689.893,737.524,140.65,217.462
14:58:30,144.93,1241.795,800,2,259.231,711.105,211.995,76.178
14:58:30,145.226,1279.664,800,2,518.391,687.408,240.707,13.637
14:58:30,145.515,1384.12,800,2,0.0,652.79,268.578,-55.943
14:58:31,145.802,1488.036,800,2,479.473,627.147,283.211,-95.284
14:58:31,146.095,1509.321,800,2,194.733,592.07,297.724,-143.755
14:58:31,146.395,1536.089,800,2,0.0,549.641,308.914,-191.029
14:58:32,146.679,1634.96,800,2,17.077,501.472,314.963,-238.129
14:58:32,146.995,1659.299,800,2,468.501,468.122,315.63,-267.8
14:58:32,147.294,1671.103,800,2,99.716,448.155,314.766,-282.237
14:58:32,147.593,1722.521,800,2,0.0,398.849,308.809,-317.823
14:58:33,147.883,1777.346,800,2,0.0,361.074,300.691,-339.057
14:58:33,148.185,1723.328,800,2,211.787,364.406,303.852,-324.109
14:58:33,148.458,1822.827,800,2,0.0,367.713,306.981,-307.278
14:58:34,148.73,1872.217,800,2,193.79,371.231,310.309,-285.674
14:58:34,149.025,1886.746,800,2,0.0,373.324,312.281,-268.528
14:58:34,149.31,1832.405,800,2,93.305,374.876,313.741,-252.723
14:58:34,149.61,1902.261,800,2,66.578,376.342,315.114,-229.662
14:58:35,149.889,1902.139,800,2,11.128,376.812,315.549,-215.793
14:58:35,150.203,1884.188,800,2,55.932,376.844,315.562,-189.643
14:58:35,150.483,1884.62,800,2,0.0,376.43,315.167,-175.01
14:58:36,150.765,1903.4,800,2,159.939,374.972,313.775,-152.926
14:58:36,151.067,1905.402,800,2,0.0,373.538,312.417,-136.264
14:58:36,151.364,1889.335,800,2,160.007,371.01,310.029,-116.74
14:58:37,151.671,1889.335,800,2,78.795,368.045,307.238,-97.549
14:58:37,151.951,1889.335,800,2,64.515,365.632,304.969,-84.602
14:58:37,152.229,1889.335,800,2,68.838,361.073,300.689,-63.68
14:58:37,152.492,1889.335,800,2,53.297,364.156,296.667,-63.68
14:58:38,152.754,1889.335,800,2,45.763,374.022,283.183,-63.684
14:58:38,153.026,1889.335,800,2,47.142,388.82,260.856,-63.698
14:58:38,153.287,1889.335,800,2,48.888,399.824,242.218,-63.706
14:58:38,153.565,1889.335,800,2,48.546,407.78,227.369,-63.708
14:58:39,153.839,1889.335,800,2,53.712,420.281,201.014,-63.716
14:58:39,154.102,1889.335,800,2,54.755,427.49,183.544,-63.725
14:58:39,154.369,1889.335,800,2,54.711,433.252,167.919,-63.73
14:58:39,154.658,1889.335,800,2,57.962,441.215,142.767,-63.739
14:58:40,154.917,1889.335,800,2,59.309,446.616,122.014,-63.733
14:58:40,155.194,1889.335,800,2,59.205,450.073,106.135,-63.738
14:58:40,155.453,1889.335,800,2,60.967,454.11,82.787,-63.743
14:58:41,155.715,1889.335,800,2,62.45,456.958,59.046,-63.741
14:58:41,155.983,1889.335,800,2,62.267,458.185,42.868,-63.745
14:58:41,156.243,1889.335,800,2,62.148,458.855,26.405,-63.747
14:58:41,156.503,1889.335,800,2,64.576,458.543,-4.532,-63.74
14:58:42,156.767,1889.335,800,2,64.405,457.493,-21.369,-63.746
14:58:42,157.027,1889.335,800,2,64.004,455.922,-37.359,-63.747
14:58:42,157.294,1889.335,800,2,65.244,452.103,-63.14,-63.742
14:58:42,157.563,1889.335,800,2,65.534,448.028,-84.653,-63.741
14:58:43,157.836,1889.335,800,2,65.009,444.123,-100.551,-63.735
14:58:43,158.115,1889.335,800,2,66.276,436.274,-127.898,-63.73
14:58:43,158.375,1889.335,800,2,65.906,430.09,-144.267,-63.73
14:58:44,158.645,1889.335,800,2,65.524,423.979,-160.817,-63.722
14:58:44,158.923,1889.335,800,2,66.177,412.986,-184.491,-63.712
14:58:44,159.204,1889.335,800,2,66.001,403.865,-202.805,-63.708
14:58:44,159.488,1889.335,800,2,65.555,394.543,-218.485,-63.704
14:58:45,159.759,1889.335,800,2,66.167,379.754,-241.42,-63.695
14:58:45,160.035,1889.335,800,2,65.535,370.413,-254.301,-63.685
14:58:45,160.297,1889.335,800,2,64.864,362.278,-265.31,-63.047
14:58:45,160.56,1889.335,800,2,63.021,365.747,-267.173,-77.294
14:58:46,160.829,1889.335,800,2,61.364,368.552,-269.454,-90.725
14:58:46,161.103,1889.335,800,2,59.813,371.377,-271.726,-104.186
14:58:46,161.375,1889.335,800,2,58.374,374.898,-273.584,-127.488
14:58:46,161.647,1889.335,800,2,56.914,376.506,-274.608,-141.892
14:58:47,161.927,1889.335,800,2,55.601,378.061,-275.67,-159.807
14:58:47,162.207,1889.335,800,2,54.319,379.018,-275.107,-179.649
14:58:47,162.477,1889.335,800,2,53.092,379.204,-275.003,-192.728
14:58:48,162.75,1889.335,800,2,52.039,378.857,-275.229,-211.178
14:58:48,163.03,1889.335,800,2,51.122,377.799,-275.886,-230.56
14:58:48,163.331,1889.335,800,2,49.985,376.615,-274.615,-243.274
14:58:48,163.598,1889.335,800,2,49.096,373.876,-272.285,-265.409
14:58:49,163.87,1889.335,800,2,48.244,371.342,-271.826,-280.026
14:58:49,164.155,1889.335,800,2,47.41,368.352,-269.638,-296.894
14:58:49,164.431,1889.335,800,2,46.667,363.2,-266.756,-317.357
14:58:50,164.706,1889.335,800,3,45.727,362.11,-265.416,-321.282
14:58:50,164.975,1889.335,800,3,44.579,430.701,-271.074,-283.477
14:58:50,165.255,1889.335,800,3,43.143,551.233,-256.89,-190.895
14:58:50,165.533,1889.335,800,3,41.631,653.498,-205.54,-68.857
14:58:51,165.84,1889.335,800,3,41.007,721.61,-126.047,76.259
14:58:51,166.116,1889.335,800,3,41.931,744.966,-35.767,229.077
14:58:51,166.392,1889.335,800,3,43.986,724.997,50.508,372.834
14:58:52,166.672,1889.335,800,3,42.364,727.173,64.087,361.105
14:58:52,166.936,1889.335,800,3,34.411,738.031,135.171,227.849
14:58:52,167.208,1889.335,800,3,26.293,715.138,205.666,89.39
14:58:52,167.488,1889.335,800,3,22.878,696.251,231.308,34.703
14:58:53,167.767,1889.335,800,3,17.773,652.774,268.593,-55.92
14:58:53,168.056,1889.335,800,3,14.653,615.129,288.809,-112.098
14:58:53,168.336,1889.335,800,3,12.427,579.247,301.758,-158.157
14:58:53,168.624,1169.295,800,3,332.619,563.828,305.844,-176.437
14:58:54,168.928,1363.905,800,3,0.0,525.745,312.71,-216.789
14:58:54,169.235,1367.238,800,3,0.0,476.422,315.712,-260.564
14:58:54,169.6,1418.956,800,3,10.014,424.691,312.598,-299.172
14:58:55,169.917,1488.278,800,3,352.335,380.247,305.193,-328.229
14:58:55,170.224,1536.055,800,3,205.275,366.538,302.715,-333.771
14:58:55,170.531,1541.435,800,3,0.0,365.315,304.713,-320.567
14:58:56,170.834,1554.485,800,3,211.596,368.631,307.85,-302.606
14:58:56,171.151,1599.087,800,3,0.0,371.733,310.782,-281.366
14:58:56,171.482,1596.165,800,3,119.64,374.541,313.424,-256.77
14:58:57,171.79,1643.93,800,3,28.006,375.657,314.477,-241.335
14:58:57,172.135,1692.766,800,3,0.376,376.801,315.539,-215.205
14:58:57,172.448,1709.98,800,3,171.301,376.946,315.663,-197.893
14:58:58,172.767,1710.82,800,3,0.0,376.43,315.167,-175.01
14:58:58,173.104,1712.328,800,3,115.913,374.784,313.598,-149.159
14:58:58,173.419,1730.672,800,3,11.586,373.474,312.359,-136.837
14:58:59,173.76,1802.492,800,3,0.0,370.158,309.224,-110.56
14:58:59,174.075,1787.528,800,3,213.647,366.804,306.069,-90.46
14:58:59,174.393,1844.983,800,3,0.0,362.947,302.45,-71.461
14:59:00,174.707,1845.551,800,3,110.871,363.813,297.121,-63.681
14:59:00,175.022,1851.871,800,3,0.0,373.679,283.668,-63.685
14:59:00,175.331,1802.643,800,3,220.619,390.137,258.72,-63.695
14:59:01,175.647,1843.426,800,3,0.94,399.847,242.179,-63.706
14:59:01,175.995,1828.162,800,3,0.67,414.747,213.226,-63.716
14:59:01,176.318,1837.404,800,3,221.843,424.436,191.194,-63.719
14:59:02,176.632,1844.903,800,3,0.0,433.057,168.48,-63.731
14:59:02,176.967,1801.202,800,3,155.748,442.564,137.935,-63.738
14:59:02,177.276,1796.251,800,3,100.43,447.374,118.757,-63.734
14:59:02,177.618,1844.049,800,3,0.0,452.881,90.692,-63.738
14:59:03,177.933,1859.583,800,3,198.415,456.115,67.192,-63.742
14:59:03,178.267,1856.815,800,3,0.0,458.185,42.868,-63.745
14:59:03,178.579,1856.036,800,3,148.097,458.947,11.66,-63.742
14:59:04,178.895,1856.532,800,3,155.039,458.16,-12.998,-63.744
14:59:04,179.256,1859.074,800,3,0.0,455.926,-37.403,-63.747
14:59:04,179.573,1843.616,800,3,256.517,452.582,-61.954,-63.742
14:59:05,179.886,1848.902,800,3,0.0,448.028,-84.653,-63.741
14:59:05,180.207,1854.694,800,3,246.939,440.774,-112.422,-63.73
14:59:05,180.524,1879.716,800,3,1.102,435.271,-130.884,-63.73
14:59:06,180.882,1890.792,800,3,0.0,424.208,-159.37,-63.723
14:59:06,181.206,1901.629,800,3,242.611,411.751,-187.984,-63.712
14:59:06,181.547,1893.533,800,3,146.628,400.949,-207.534,-63.702
14:59:07,181.903,1908.987,800,3,0.0,388.063,-229.989,-63.697
14:59:07,182.249,1962.883,800,3,0.207,370.413,-254.301,-63.685
14:59:07,182.61,1952.469,800,3,21.191,362.763,-265.01,-65.229
14:59:08,182.959,1931.13,800,3,145.307,366.826,-268.512,-82.625
14:59:08,183.326,1944.089,800,3,0.0,371.041,-271.933,-102.034
14:59:09,183.648,1940.138,800,3,5.491,375.008,-273.518,-128.656
14:59:09,183.981,1938.532,800,3,115.783,377.044,-274.282,-146.487
14:59:09,184.316,1936.618,800,3,0.0,378.512,-275.404,-166.282
14:59:10,184.648,1954.103,800,3,96.58,379.205,-275.001,-191.002
14:59:10,184.972,1936.059,800,3,72.325,379.023,-275.125,-206.245
14:59:10,185.32,1919.251,800,3,0.0,377.799,-275.886,-230.56
14:59:11,185.659,1921.727,800,3,39.023,375.224,-273.462,-255.203
14:59:11,185.993,1923.599,800,3,96.095,372.73,-272.983,-272.085
14:59:11,186.34,1928.063,800,3,0.0,368.987,-269.253,-293.897
14:59:12,186.667,1933.044,800,3,168.413,363.282,-266.707,-317.658
14:59:12,187.005,1934.793,800,4,54.491,363.206,-265.233,-321.817
14:59:12,187.347,1815.706,800,4,498.328,489.921,-268.205,-242.59
14:59:13,187.681,1685.566,800,4,715.584,618.446,-228.785,-116.245
14:59:13,188.012,1591.904,800,4,549.509,709.246,-147.564,40.851
14:59:13,188.339,1552.325,800,4,760.484,744.961,-36.417,226.852
14:59:14,188.689,1573.869,800,4,18.407,723.087,54.297,379.542
14:59:14,189.029,1561.357,800,4,622.793,737.121,102.973,288.344
14:59:14,189.382,1572.637,800,4,568.297,717.977,200.808,99.396
14:59:15,189.752,1601.574,800,4,545.892,691.516,236.489,23.171
14:59:15,190.09,1649.357,800,4,494.009,643.142,274.555,-71.919
14:59:15,190.429,1681.818,800,4,130.22,613.302,289.602,-115.574
14:59:16,190.795,1706.439,800,4,0.665,572.481,303.658,-166.255
14:59:16,191.168,1734.955,800,4,0.0,525.745,312.71,-216.789
14:59:16,191.516,1784.628,800,4,0.0,476.422,315.712,-260.564
14:59:17,191.865,1800.499,800,4,0.0,424.691,312.598,-299.172
14:59:17,192.223,1809.833,800,4,201.47,373.164,303.624,-332.007
14:59:17,192.601,1810.362,800,4,0.0,362.638,302.178,-333.876
14:59:18,192.944,1788.246,800,4,135.515,367.697,306.965,-307.182
14:59:18,193.285,1785.612,800,4,160.309,370.912,310.006,-287.343
14:59:19,193.661,1782.382,800,4,130.744,373.82,312.747,-263.215
14:59:19,194.033,1678.08,800,4,0.0,375.62,314.443,-242.739
14:59:19,194.381,1643.606,800,4,0.365,376.801,315.539,-215.205
14:59:20,194.741,1660.004,800,4,150.939,376.862,315.58,-190.792
14:59:20,195.088,1677.189,800,4,163.984,376.171,314.919,-170.562
14:59:20,195.459,1695.604,800,4,11.059,374.722,313.537,-149.871
14:59:21,195.846,1715.391,800,4,0.0,371.959,310.925,-123.69
14:59:21,196.198,1719.306,800,4,0.161,368.045,307.238,-97.549
14:59:21,196.567,1723.165,800,4,134.662,363.337,302.818,-73.661
14:59:22,196.922,1725.922,800,4,83.235,362.379,298.986,-63.678
14:59:22,197.283,1696.801,800,4,10.728,374.022,283.183,-63.684
14:59:23,197.672,1662.141,800,4,0.0,391.559,256.39,-63.697
14:59:23,198.036,1596.3,800,4,0.0,407.51,227.895,-63.708
14:59:23,198.419,1565.932,800,4,17.35,421.353,198.536,-63.718
14:59:24,198.772,1558.697,800,4,225.881,430.326,176.071,-63.725
14:59:24,199.131,1549.238,800,4,104.066,439.098,149.954,-63.733
14:59:24,199.536,1540.647,800,4,171.778,447.559,117.951,-63.738
14:59:25,199.903,1534.519,800,4,0.0,452.881,90.692,-63.738
14:59:25,200.255,1530.442,800,4,2.664,456.968,58.969,-63.746
14:59:25,200.627,1528.707,800,4,180.187,458.809,28.406,-63.75
14:59:26,200.983,1544.894,800,4,193.561,458.779,3.094,-63.745
14:59:26,201.363,1546.319,800,4,88.614,457.21,-24.06,-63.746
14:59:27,201.747,1549.981,800,4,3.737,453.805,-53.606,-63.738
14:59:27,202.118,1555.782,800,4,0.0,448.028,-84.653,-63.741
14:59:27,202.475,1580.131,800,4,44.161,439.989,-115.769,-63.73
14:59:28,202.852,1588.255,800,4,209.963,430.528,-143.455,-63.727
14:59:28,203.212,1596.331,800,4,140.514,421.879,-165.874,-63.718
14:59:28,203.598,1609.304,800,4,101.573,409.561,-191.633,-63.709
14:59:29,203.984,1624.547,800,4,142.647,393.194,-220.239,-63.705
14:59:29,204.39,1640.976,800,4,74.103,377.51,-244.178,-63.693
14:59:30,204.804,1641.645,800,4,80.861,362.566,-265.13,-65.98
14:59:30,205.201,1637.89,800,4,167.884,366.999,-268.406,-83.876
14:59:31,205.605,1632.858,800,4,89.631,371.855,-271.435,-107.452
14:59:31,206.015,1645.222,800,4,166.063,375.4,-273.279,-131.536
14:59:31,206.4,1642.639,800,4,91.465,377.896,-275.771,-156.068
14:59:32,206.807,1624.786,800,4,137.077,379.108,-275.055,-183.784
14:59:32,207.211,1624.739,800,4,159.787,378.982,-275.151,-208.98
14:59:33,207.609,1642.511,800,4,108.876,377.552,-274.039,-233.43
14:59:33,208.017,1645.188,800,4,137.273,374.618,-273.833,-260.626
14:59:33,208.435,1632.676,800,4,201.213,370.769,-270.174,-284.918
14:59:34,208.825,1654.251,800,4,155.475,365.285,-267.497,-309.56
14:59:34,209.227,1658.268,800,5,39.115,363.206,-265.233,-321.817
14:59:35,209.639,1513.413,800,5,516.384,515.285,-264.19,-222.877
14:59:35,210.03,1365.606,800,5,635.205,664.138,-196.03,-51.75
14:59:35,210.43,1283.476,800,5,763.523,739.024,-82.855,151.506
14:59:36,210.826,1289.541,800,5,524.025,726.205,48.005,368.417
14:59:36,211.228,1287.116,800,5,580.227,735.693,94.033,305.084
14:59:37,211.66,1300.291,800,5,582.491,717.477,201.69,97.59
14:59:37,212.038,1332.902,800,5,590.768,678.72,248.867,-6.76
14:59:37,212.439,1403.197,800,5,49.111,615.129,288.809,-112.098
14:59:38,212.86,1447.611,800,5,9.674,572.501,303.647,-166.274
14:59:38,213.266,1494.337,800,5,88.513,525.745,312.71,-216.789
14:59:39,213.67,1543.301,800,5,83.944,476.422,315.712,-260.564
14:59:39,214.053,1589.771,800,5,170.175,424.803,312.615,-299.251
14:59:39,214.474,1647.146,800,5,86.205,372.555,303.482,-333.65
14:59:40,214.879,1657.661,800,5,101.924,363.31,302.814,-330.923
14:59:40,215.297,1652.576,800,5,105.227,368.242,307.482,-304.344
14:59:41,215.698,1648.571,800,5,106.994,372.139,311.166,-278.49
14:59:41,216.104,1645.691,800,5,141.02,374.94,313.8,-251.47
14:59:41,216.514,1643.888,800,5,163.014,376.622,315.375,-222.716
14:59:42,216.936,1643.349,800,5,208.525,376.934,315.651,-195.492
14:59:42,217.345,1643.909,800,5,170.871,376.289,315.031,-172.223
14:59:43,217.741,1629.088,800,5,193.639,374.354,313.188,-144.008
14:59:43,218.157,1632.03,800,5,168.855,371.227,310.233,-117.166
14:59:43,218.59,1636.098,800,5,200.716,367.091,306.341,-92.905
14:59:44,218.997,1641.639,800,5,232.819,361.392,300.992,-64.315
14:59:44,219.403,1655.787,800,5,136.162,366.193,293.954,-63.677
14:59:45,219.799,1636.297,800,5,199.14,386.215,264.986,-63.698
14:59:45,220.21,1603.695,800,5,183.306,402.728,236.941,-63.704
14:59:46,220.619,1572.048,800,5,208.243,418.891,204.174,-63.715
14:59:46,221.051,1541.17,800,5,247.591,432.164,171.012,-63.729
14:59:46,221.472,1530.632,800,5,239.875,440.41,145.553,-63.733
14:59:47,221.89,1411.846,800,5,251.568,448.986,111.439,-63.74
14:59:47,222.301,1344.296,800,5,238.005,454.11,82.787,-63.743
14:59:48,222.716,1294.317,800,5,230.642,457.844,48.232,-63.747
14:59:48,223.131,1293.218,800,5,284.71,458.969,15.314,-63.742
14:59:48,223.537,1093.555,800,5,176.977,458.048,-13.084,-63.747
14:59:49,223.941,1138.117,800,5,227.964,454.21,-50.298,-63.742
14:59:49,224.37,1142.709,800,5,185.665,449.663,-76.308,-63.743
14:59:50,224.771,1149.839,800,5,242.455,441.455,-110.806,-63.729
14:59:50,225.191,1173.126,800,5,201.088,432.701,-137.422,-63.732
14:59:50,225.611,1198.495,800,5,221.554,421.131,-166.133,-63.72
14:59:51,226.02,1211.849,800,5,219.947,407.493,-195.607,-63.711
14:59:51,226.428,1229.692,800,5,159.885,389.448,-226.174,-63.697
14:59:52,226.85,1244.629,800,5,205.535,373.279,-250.216,-63.689
14:59:52,227.262,1286.734,800,5,34.249,362.745,-265.02,-65.309
14:59:53,227.681,1310.792,800,5,228.993,368.109,-269.726,-88.82
14:59:53,228.1,1320.756,800,5,230.387,372.84,-272.836,-113.585
14:59:53,228.516,1391.53,800,5,180.568,376.332,-274.713,-139.547
14:59:54,228.936,1404.219,800,5,204.37,378.305,-275.528,-163.959
14:59:54,229.354,1433.621,800,5,122.045,379.197,-275.004,-189.034
14:59:55,229.773,1388.357,800,5,219.95,378.672,-275.343,-216.942
14:59:55,230.194,1420.321,800,5,135.301,376.841,-274.475,-241.476
14:59:55,230.61,1378.096,800,5,126.367,373.474,-272.529,-268.714
14:59:56,231.044,1338.304,800,5,90.711,368.987,-269.253,-293.897
14:59:56,231.486,1271.846,800,6,0.0,363.184,-266.766,-317.298
14:59:57,231.957,1232.23,800,6,584.154,421.858,-271.307,-288.014
14:59:57,232.414,1068.319,800,6,560.428,602.941,-236.762,-135.393
14:59:58,232.839,993.223,800,6,596.444,718.232,-133.917,65.767
14:59:58,233.266,997.189,800,6,648.654,738.603,14.294,310.211
14:59:59,233.704,1056.203,800,6,397.193,727.173,64.087,361.105
14:59:59,234.138,1050.938,800,6,568.042,728.626,177.91,145.433
14:59:59,234.573,1097.307,800,6,812.397,691.516,236.489,23.171
15:00:00,235.008,1142.29,800,6,8.76,652.576,268.716,-55.578
15:00:00,235.475,1216.086,800,6,128.021,592.608,297.544,-142.43
15:00:01,235.912,1281.722,800,6,334.55,540.594,310.549,-201.616
15:00:01,236.356,1307.218,800,6,455.286,483.347,315.657,-254.352
15:00:02,236.798,1359.928,800,6,435.945,430.161,313.213,-295.035
15:00:02,237.234,1389.215,800,6,322.766,363.629,301.337,-338.503
15:00:03,237.683,1389.215,800,6,33.077,365.282,304.683,-320.392
15:00:03,238.098,1389.215,800,6,45.287,369.88,309.032,-294.378
15:00:03,238.52,1389.215,800,6,50.995,373.324,312.281,-268.528
15:00:04,238.938,1014.658,800,6,2.963,375.627,314.45,-242.888
15:00:04,239.415,1168.609,800,6,269.144,376.933,315.659,-207.142
15:00:05,239.872,1168.609,800,6,74.264,376.582,315.31,-179.129
15:00:05,240.3,1168.609,800,6,67.304,375.083,313.881,-153.525
15:00:06,240.715,1168.609,800,6,65.764,372.469,311.405,-127.616
15:00:06,241.136,1168.609,800,6,66.463,368.188,307.374,-98.708
15:00:06,241.563,1168.609,800,6,65.401,363.337,302.818,-73.661
15:00:07,241.988,1168.609,800,6,58.568,364.156,296.667,-63.68
15:00:07,242.44,1168.609,800,6,51.598,382.931,270.076,-63.699
15:00:08,242.861,1168.609,800,6,48.622,399.824,242.218,-63.706
15:00:08,243.289,1168.609,800,6,47.634,414.747,213.226,-63.716
15:00:09,243.718,1168.609,800,6,47.704,427.49,183.544,-63.725
15:00:09,244.145,1168.609,800,6,48.274,438.297,152.566,-63.732
15:00:09,244.586,1168.609,800,6,49.479,447.062,120.101,-63.731
15:00:10,245.012,1168.609,800,6,50.848,453.684,85.636,-63.741
15:00:10,245.44,1168.609,800,6,52.179,457.634,51.107,-63.746
15:00:11,245.871,1168.609,800,6,53.716,458.967,13.731,-63.75
15:00:11,246.297,1168.609,800,6,54.816,457.493,-21.369,-63.746
15:00:12,246.736,1168.609,800,6,55.424,453.829,-53.752,-63.739
15:00:12,247.168,1168.609,800,6,55.91,448.028,-84.653,-63.741
15:00:12,247.596,1168.609,800,6,56.308,439.989,-115.769,-63.73
15:00:13,248.037,1168.609,800,6,56.475,429.884,-145.717,-63.729
15:00:13,248.496,1168.609,800,6,57.014,415.81,-178.388,-63.718
15:00:14,248.932,1168.609,800,6,57.68,397.805,-212.018,-63.706
15:00:14,249.37,1168.609,800,6,57.822,380.21,-240.089,-63.696
15:00:15,249.808,1168.609,800,6,57.763,362.108,-265.414,-63.68
15:00:15,250.246,1168.609,800,6,55.233,365.782,-267.153,-77.147
15:00:16,250.697,1168.609,800,6,53.035,371.041,-271.933,-102.034
15:00:16,251.137,1168.609,800,6,50.733,375.029,-273.506,-128.511
15:00:16,251.586,1168.609,800,6,48.802,377.806,-275.823,-155.335
15:00:17,252.038,1168.609,800,6,46.83,379.168,-275.02,-187.934
15:00:17,252.485,1168.609,800,6,45.249,378.672,-275.343,-216.942
15:00:18,252.929,1168.609,800,6,43.751,376.677,-274.576,-243.854
15:00:18,253.376,1168.609,800,6,42.302,373.454,-272.542,-268.619
15:00:19,253.842,1235.987,800,6,178.969,367.883,-269.921,-298.718
15:00:19,254.36,1390.05,800,7,0.0,362.11,-265.416,-321.282
15:00:20,254.858,1244.903,800,7,567.846,515.285,-264.19,-222.877
15:00:20,255.335,868.025,800,7,387.027,680.614,-181.117,-22.622
15:00:21,255.824,890.634,800,7,715.386,744.656,-24.599,247.04
15:00:21,256.332,923.591,800,7,82.171,723.484,55.178,377.865
15:00:22,256.81,887.364,800,7,610.619,730.109,173.767,153.597
15:00:22,257.292,911.584,800,7,561.85,691.516,236.489,23.171
15:00:23,257.773,1018.653,800,7,60.077,615.16,288.792,-112.14
15:00:23,258.256,1104.549,800,7,0.0,572.501,303.647,-166.274
15:00:24,258.732,1166.455,800,7,0.0,525.745,312.71,-216.789
15:00:24,259.241,1231.25,800,7,155.936,474.101,315.705,-262.654
15:00:25,259.732,1314.302,800,7,553.676,397.858,308.642,-317.19
15:00:25,260.23,1359.422,800,7,29.261,362.761,302.294,-332.437
15:00:26,260.754,1381.973,800,7,17.668,369.88,309.032,-294.378
15:00:26,261.25,1378.476,800,7,1.17,373.33,312.287,-268.574
15:00:27,261.771,1375.531,800,7,26.506,376.342,315.115,-229.594
15:00:27,262.256,1359.918,800,7,0.0,376.962,315.681,-202.37
15:00:28,262.751,1360.591,800,7,161.394,376.049,314.803,-168.95
15:00:28,263.248,1363.342,800,7,0.0,373.538,312.417,-136.264
15:00:29,263.758,1321.721,800,7,202.92,368.933,308.072,-102.318
15:00:29,264.269,1298.093,800,7,0.0,362.947,302.45,-71.461
15:00:30,264.787,1298.093,800,7,19.968,364.523,296.183,-63.68
15:00:30,265.261,1259.035,800,7,70.113,391.527,256.44,-63.697
15:00:31,265.764,1285.16,800,7,1.171,407.533,227.855,-63.708
15:00:31,266.28,1266.201,800,7,117.56,427.347,183.91,-63.725
15:00:32,266.782,1240.009,800,7,0.0,438.121,153.134,-63.732
15:00:32,267.289,1229.752,800,7,225.456,449.739,107.776,-63.735
15:00:33,267.804,1237.027,800,7,0.0,455.173,75.036,-63.742
15:00:33,268.321,1262.952,800,7,218.007,458.776,29.602,-63.751
15:00:34,268.831,1263.583,800,7,1.018,458.476,-5.001,-63.743
15:00:34,269.366,1282.842,800,7,139.968,453.834,-53.796,-63.739
15:00:35,269.901,1274.161,800,7,232.649,447.107,-88.625,-63.739
15:00:35,270.403,1272.036,800,7,0.0,435.284,-130.927,-63.73
15:00:36,270.923,1283.341,800,7,64.348,422.915,-162.296,-63.722
15:00:36,271.441,1303.785,800,7,0.0,403.865,-202.805,-63.708
15:00:37,271.963,1307.183,800,7,246.859,383.274,-236.627,-63.697
15:00:37,272.488,1302.072,800,7,0.0,362.108,-265.414,-63.68
15:00:38,273.02,1311.312,800,7,232.273,368.109,-269.726,-88.82
15:00:38,273.533,1276.638,800,7,0.0,373.172,-272.634,-115.468
15:00:39,274.044,1272.498,800,7,184.791,377.604,-275.946,-153.918
15:00:39,274.581,1299.615,800,7,169.237,379.137,-275.037,-184.25
15:00:40,275.119,1300.059,800,7,0.0,378.591,-275.394,-217.219
15:00:41,275.64,1287.695,800,7,123.854,376.098,-274.931,-248.49
15:00:41,276.158,1278.468,800,7,0.0,371.342,-271.826,-280.026
15:00:42,276.704,1285.249,800,8,150.491,363.682,-266.466,-315.209
15:00:42,277.211,1241.829,800,8,584.726,404.136,-270.294,-299.559
15:00:43,277.736,1038.136,800,8,574.737,618.446,-228.785,-116.245
15:00:43,278.261,914.542,800,8,606.718,736.834,-90.977,138.417
15:00:44,278.779,912.249,800,8,0.422,723.087,54.297,379.542
15:00:44,279.304,911.589,800,8,606.085,737.524,140.65,217.462
15:00:45,279.831,942.099,800,8,367.26,705.265,220.242,58.742
15:00:45,280.362,1044.407,800,8,201.424,615.219,288.767,-112.22
15:00:46,280.912,1091.499,800,8,0.0,572.501,303.647,-166.274
15:00:46,281.436,1138.815,800,8,161.776,522.929,313.054,-218.067
15:00:47,282.0,1216.937,800,8,265.709,427.957,312.971,-297.47
15:00:47,282.544,1277.065,800,8,0.0,372.555,303.482,-333.65
15:00:48,283.075,1284.305,800,8,3.342,365.341,304.739,-320.712
15:00:49,283.633,1292.298,800,8,8.882,371.733,310.782,-281.366
15:00:49,284.178,1289.124,800,8,195.513,375.189,314.037,-248.633
15:00:50,284.711,1286.869,800,8,0.0,376.801,315.539,-215.205
15:00:50,285.264,1287.238,800,8,0.189,376.43,315.167,-175.01
15:00:51,285.829,1289.536,800,8,178.034,373.703,312.572,-138.663
15:00:51,286.364,1293.512,800,8,1.169,370.151,309.218,-110.606
15:00:52,286.916,1300.72,800,8,0.196,362.947,302.45,-71.461
15:00:52,287.472,1297.477,800,8,216.186,368.977,290.208,-63.683
15:00:53,288.012,1272.111,800,8,10.867,391.866,255.883,-63.697
15:00:53,288.588,1234.553,800,8,0.0,414.747,213.226,-63.716
15:00:54,289.143,1217.136,800,8,119.563,432.938,168.803,-63.727
15:00:55,289.688,1206.608,800,8,110.843,443.548,134.266,-63.734
15:00:55,290.268,1196.419,800,8,0.0,452.881,90.692,-63.738
15:00:56,290.813,1191.14,800,8,15.528,458.185,42.868,-63.745
15:00:56,291.372,1189.961,800,8,224.711,458.779,3.094,-63.745
15:00:57,291.927,1192.994,800,8,117.176,455.315,-42.364,-63.745
15:00:57,292.523,1200.822,800,8,19.793,447.818,-85.721,-63.739
15:00:58,293.111,1214.016,800,8,0.0,435.284,-130.927,-63.73
15:00:59,293.669,1230.35,800,8,137.426,417.916,-174.938,-63.717
15:00:59,294.253,1248.822,800,8,148.686,397.805,-212.018,-63.706
15:01:00,294.824,1269.768,800,8,153.391,376.001,-246.02,-63.693
15:01:00,295.406,1286.084,800,8,43.574,362.804,-266.985,-65.073
15:01:01,295.995,1277.809,800,8,0.0,371.041,-271.933,-102.034
15:01:01,296.56,1272.372,800,8,78.01,376.506,-274.608,-141.892
15:01:02,297.122,1269.936,800,8,170.971,379.0,-275.117,-178.32
15:01:03,297.688,1269.827,800,8,168.013,378.857,-275.229,-211.178
15:01:03,298.264,1286.585,800,8,165.937,376.098,-274.931,-248.49
15:01:04,298.876,1291.966,800,8,191.985,370.353,-270.425,-286.715
15:01:04,299.489,1300.022,800,9,99.212,362.729,-265.042,-319.595
15:01:05,300.088,1164.758,800,9,530.989,515.285,-264.19,-222.877
15:01:06,300.688,948.46,800,9,493.94,707.633,-149.218,36.743
15:01:06,301.287,918.053,800,9,572.515,728.941,41.992,357.851
15:01:07,301.875,910.385,800,9,623.209,738.241,131.874,234.089
15:01:07,302.474,948.839,800,9,593.304,693.908,233.913,28.924
15:01:08,303.07,1034.171,800,9,0.0,615.129,288.809,-112.098
15:01:09,303.647,1077.926,800,9,195.319,568.547,304.679,-171.745
15:01:09,304.231,1171.59,800,9,79.187,476.502,315.717,-260.632
15:01:10,304.815,1224.159,800,9,0.0,424.691,312.598,-299.172
15:01:10,305.392,1286.212,800,9,0.0,362.638,302.178,-333.876
15:01:11,305.976,1279.114,800,9,51.399,369.879,309.031,-294.368
15:01:11,306.561,1274.792,800,9,221.504,374.403,313.297,-257.31
15:01:12,307.188,1272.878,800,9,37.037,376.47,315.234,-226.795
15:01:13,307.78,1272.471,800,9,72.123,376.773,315.494,-186.82
15:01:13,308.371,1274.578,800,9,189.53,374.354,313.188,-144.008
15:01:14,309.002,1279.431,800,9,202.215,368.933,308.072,-102.318
15:01:14,309.624,1286.499,800,9,71.785,362.171,301.721,-68.951
15:01:15,310.217,1304.423,800,9,108.835,375.59,280.941,-63.687
15:01:16,310.832,1278.568,800,9,102.38,401.443,239.285,-63.702
15:01:16,311.451,1256.872,800,9,141.103,422.666,195.452,-63.719
15:01:17,312.055,1284.303,800,9,168.123,439.864,147.413,-63.735
15:01:18,312.686,1257.156,800,9,136.638,450.694,102.952,-63.739
15:01:18,313.284,1291.907,800,9,136.507,457.267,55.661,-63.747
15:01:19,313.893,1328.249,800,9,105.908,458.889,7.666,-63.746
15:01:19,314.509,1328.249,800,9,80.459,455.856,-38.803,-63.746
15:01:20,315.096,1328.249,800,9,79.14,447.994,-84.509,-63.74
15:01:21,315.696,1328.249,800,9,79.823,435.284,-130.927,-63.73
15:01:21,316.282,1328.249,800,9,79.796,417.913,-174.932,-63.717
15:01:22,316.867,1328.249,800,9,79.211,396.502,-215.779,-63.706
15:01:22,317.451,1328.249,800,9,78.271,371.192,-253.355,-63.688
15:01:23,318.044,1328.249,800,9,70.85,363.248,-266.711,-67.389
15:01:23,318.627,1328.249,800,9,63.058,371.041,-271.933,-102.034
15:01:24,319.229,1328.249,800,9,57.618,376.506,-274.608,-141.892
15:01:25,319.816,1328.249,800,9,53.861,379.018,-275.107,-179.649
15:01:25,320.404,1328.249,800,9,51.39,378.593,-275.392,-217.224
15:01:26,320.999,1328.249,800,9,49.597,375.431,-273.337,-254.818
15:01:26,321.63,1328.249,800,9,48.112,369.369,-269.021,-291.764
15:01:27,322.224,1328.249,800,10,46.832,362.233,-265.342,-321.73
15:01:28,322.822,1328.249,800,10,35.703,526.898,-262.599,-212.772
15:01:28,323.424,1328.249,800,10,33.582,714.637,-139.871,55.333
15:01:29,324.018,1328.249,800,10,50.724,724.741,51.031,373.743
15:01:29,324.617,1328.249,800,10,38.65,737.266,142.826,213.307
15:01:30,325.22,1328.249,800,10,29.441,687.408,240.707,13.637
15:01:31,325.821,1328.249,800,10,27.038,615.129,288.809,-112.098
15:01:31,326.431,1328.249,800,10,26.954,546.288,309.545,-195.501
15:01:32,327.035,1328.249,800,10,27.659,476.422,315.712,-260.564
15:01:32,327.64,1328.249,800,10,28.259,417.018,311.628,-305.866
15:01:33,328.252,1328.249,800,10,28.36,362.927,302.451,-331.189
15:01:34,328.863,1328.249,800,10,25.792,370.158,309.295,-292.232
15:01:34,329.483,1328.249,800,10,23.566,374.659,313.537,-254.145
15:01:35,330.105,966.105,800,10,112.738,376.903,315.631,-210.745
15:01:36,330.749,884.546,800,10,196.957,375.963,314.721,-166.52
15:01:36,331.387,884.546,800,10,65.35,372.758,311.679,-129.255
15:01:37,332.008,884.546,800,10,59.924,367.62,306.838,-95.973
15:01:37,332.631,884.546,800,10,57.921,363.813,297.121,-63.681
15:01:38,333.251,884.546,800,10,47.367,386.215,264.986,-63.698
15:01:39,333.872,884.546,800,10,45.926,409.022,224.931,-63.71
15:01:39,334.511,884.546,800,10,47.726,428.703,180.396,-63.726
15:01:40,335.143,884.546,800,10,50.748,444.23,131.678,-63.735
15:01:41,335.771,884.546,800,10,52.888,453.825,84.698,-63.74
15:01:41,336.397,884.546,800,10,55.232,458.618,33.956,-63.747
15:01:42,337.029,884.546,800,10,56.273,458.216,-11.945,-63.746
15:01:43,337.686,884.546,800,10,57.661,452.103,-63.14,-63.742
15:01:43,338.332,884.546,800,10,57.885,442.737,-105.381,-63.731
15:01:44,338.962,884.546,800,10,58.888,426.237,-154.341,-63.722
15:01:44,339.601,884.546,800,10,59.435,405.389,-199.63,-63.708
15:01:45,340.245,884.546,800,10,59.135,383.274,-236.627,-63.697
15:01:46,340.885,884.546,800,10,58.189,362.745,-265.02,-65.309
15:01:46,341.525,884.546,800,10,54.751,369.929,-270.612,-97.934
15:01:47,342.168,884.546,800,10,51.74,376.12,-274.842,-137.459
15:01:48,342.808,884.546,800,10,48.948,378.914,-275.167,-175.005
15:01:48,343.446,884.546,800,10,46.632,378.764,-275.286,-214.883
15:01:49,344.09,884.546,800,10,44.548,375.431,-273.337,-254.818
15:01:50,344.736,884.546,800,10,42.68,368.987,-269.253,-293.897
15:01:50,345.383,884.546,800,11,40.984,362.11,-265.416,-321.282
15:01:51,346.04,884.546,800,11,39.03,576.227,-247.294,-165.813
15:01:52,346.691,884.546,800,11,39.324,739.357,-80.171,153.698
15:01:52,347.339,884.546,800,11,42.161,723.39,54.976,378.262
15:01:53,347.997,884.546,800,11,24.844,711.105,211.995,76.178
15:01:53,348.656,884.546,800,11,15.124,631.997,280.731,-88.524
15:01:54,349.312,884.546,800,11,10.598,572.501,303.647,-166.274
15:01:55,349.961,884.546,800,11,7.033,476.772,315.711,-260.858
15:01:55,350.629,884.546,800,11,7.066,420.045,312.023,-303.943
15:01:56,351.285,884.546,800,11,7.398,365.152,304.559,-321.754
15:01:57,351.947,884.546,800,11,5.235,371.733,310.782,-281.366
