23:49:15,0,0,0
23:49:15,0,0,0
23:49:15,0,0,0
23:49:15,0,0,0
23:49:15,0,0,0
23:49:15,0,0,0
23:49:16,0,0,0
23:49:16,0,0,0
23:49:16,0,0,0
23:49:16,0,0,0
23:49:16,0,0,0
23:49:16,0,0,0
23:49:16,0,0,0
23:49:16,0,0,0
23:49:17,0,0,0
23:49:17,0,0,0
23:49:17,0,0,0
23:49:17,0,0,0
23:49:17,0,0,0
23:49:17,0,0,0
23:49:17,0,0,0
23:49:17,0,0,0
23:49:18,0,0,0
23:49:18,0,0,0
23:49:18,0,0,0
23:49:18,0,0,0
23:49:18,0,0,0
23:49:18,0,0,0
23:49:18,0,0,0
23:49:18,0,0,0
23:49:18,0,0,0
23:49:19,0,0,0
23:49:19,0,0,0
23:49:19,0,0,0
23:49:19,0,0,0
23:49:19,0,0,0
23:49:19,0,0,0
23:49:19,0,0,0
23:49:19,0,0,0
23:49:19,0,0,0
23:49:20,0,0,0
23:49:20,0,0,0
23:49:20,0,0,0
23:49:20,0,0,0
23:49:20,0,0,0
23:49:20,0,0,0
23:49:20,0,0,0
23:49:20,0,0,0
23:49:20,0,0,0
23:49:21,0,0,0
23:49:21,0,0,0
23:49:21,0,0,0
23:49:21,0,0,0
23:49:21,0,0,0
23:49:21,0,0,0
23:49:21,0,0,0
23:49:21,0,0,0
23:49:21,0,0,0
23:49:22,0,0,0
23:49:22,0,0,0
23:49:22,0,0,0
23:49:22,0,0,0
23:49:22,0,0,0
23:49:22,0,0,0
23:49:22,0,0,0
23:49:22,0,0,0
23:49:22,0,0,0
23:49:23,0,0,0
23:49:23,0,0,0
23:49:23,0,0,0
23:49:23,0,0,0
23:49:23,0,0,0
23:49:23,0,0,0
