17:47:15,0.85,234.003,0,0,0,353.417,-299.659,-308.575
17:47:15,1.078,223.093,0,0,0,353.417,-299.659,-308.575
17:47:15,1.173,217.993,0,0,0,353.417,-299.659,-308.575
17:47:15,1.264,222.913,0,0,0,353.417,-299.659,-308.575
17:47:15,1.353,227.883,0,0,0,353.417,-299.659,-308.575
17:47:15,1.446,284.213,0,0,0,353.417,-299.659,-308.575
17:47:15,1.533,322.333,62,0,0,353.417,-299.659,-308.575
17:47:15,1.63,377.743,400,0,0,353.417,-299.659,-308.575
17:47:15,1.729,406.823,400,0,0,353.417,-299.659,-308.575
17:47:15,1.83,414.623,400,0,0,353.417,-299.659,-308.575
17:47:15,1.966,441.673,400,0,0,353.417,-299.659,-308.575
17:47:15,2.06,449.883,400,0,0,353.417,-299.659,-308.575
17:47:15,2.148,454.983,400,0,0,353.417,-299.659,-308.575
17:47:15,2.239,454.983,400,0,0,353.417,-299.659,-308.575
17:47:15,2.329,434.343,400,0,0,353.417,-299.659,-308.575
17:47:15,2.418,449.603,400,0,0,353.417,-299.659,-308.575
17:47:15,2.51,456.783,400,0,0,353.417,-299.659,-308.575
17:47:15,2.617,455.673,400,0,0,353.417,-299.659,-308.575
17:47:15,2.711,456.783,400,0,0,353.417,-299.659,-308.575
17:47:15,2.799,456.783,400,0,0,353.417,-299.659,-308.575
17:47:15,2.891,463.973,400,0,0,353.417,-299.659,-308.575
17:47:15,2.978,472.383,400,0,0,353.417,-299.659,-308.575
17:47:15,3.069,479.643,400,0,0,353.417,-299.659,-308.575
17:47:15,3.164,486.911,400,0,0,353.419,-299.667,-308.57
17:47:15,4.103,486.758,400,0,0,353.572,-298.877,-308.529
17:47:15,4.205,493.994,400,0,0,354.966,-285.273,-308.161
17:47:15,4.306,519.334,400,0,0,356.046,-271.002,-309.837
17:47:15,4.394,518.798,400,0,0,356.582,-259.035,-309.626
17:47:15,4.487,520.026,400,0,0,356.724,-248.95,-309.487
17:47:15,4.598,529.382,400,0,0,356.378,-233.771,-309.418
17:47:15,4.696,531.438,400,0,0,355.672,-221.358,-309.444
17:47:15,4.786,532.416,400,0,0,354.694,-210.141,-309.542
17:47:15,4.894,524.881,400,0,0,354.469,-208.161,-309.566
17:47:15,4.986,532.626,400,0,0,354.484,-208.248,-309.565
17:47:15,5.078,509.68,400,0,0,355.4,-202.692,-309.461
17:47:15,5.177,490.872,400,0,0,356.728,-191.977,-309.306
17:47:15,5.266,463.219,400,0,0,357.501,-182.598,-309.21
17:47:15,5.347,392.194,400,0,0,358.026,-174.309,-309.143
17:47:15,5.431,378.869,400,0,0,358.481,-163.359,-309.071
17:47:15,5.53,409.445,400,0,0,358.595,-153.044,-309.036
17:47:15,5.62,461.572,400,0,0,358.438,-144.634,-309.027
17:47:15,5.711,479.065,400,0,0,358.025,-134.115,-309.046
17:47:15,5.8,534.195,400,0,0,357.435,-126.676,-309.087
17:47:15,5.891,573.718,400,0,0,356.402,-115.151,-309.166
17:47:15,5.996,584.059,400,0,0,355.231,-106.276,-309.266
17:47:15,6.084,612.332,400,0,0,353.868,-97.06,-309.391
17:47:15,6.177,664.217,400,0,0,353.433,-95.524,-309.427
17:47:15,6.265,675.366,400,0,0,353.434,-95.529,-309.427
17:47:15,6.371,696.538,506,0,0,354.082,-90.001,-309.422
17:47:15,6.465,716.402,617,0,0,355.058,-83.724,-309.412
17:47:15,6.564,784.201,993,0,0,356.039,-73.277,-309.406
17:47:15,6.65,831.401,1256,0,0,356.689,-65.722,-309.4
17:47:15,6.743,891.726,1500,0,0,357.164,-56.885,-309.396
17:47:15,6.842,928.808,1500,0,0,357.372,-48.558,-309.392
17:47:15,6.925,954.218,1500,0,0,357.422,-41.856,-309.392
17:47:15,7.024,980.132,1500,0,0,357.248,-31.307,-309.395
17:47:15,7.118,993.01,1500,0,0,356.89,-23.634,-309.398
17:47:15,7.207,1005.785,1500,0,0,356.335,-15.922,-309.402
17:47:15,7.313,1031.738,1500,0,0,355.472,-5.238,-309.413
17:47:15,7.399,1031.899,1500,0,0,354.491,3.43,-309.421
17:47:15,7.491,1060.323,1500,0,0,353.607,9.777,-309.429
17:47:15,7.578,1087.598,1500,0,0,353.432,10.876,-309.429
17:47:15,7.682,1099.355,1500,0,0,353.465,11.134,-309.428
17:47:15,7.788,1081.873,1500,0,0,356.207,37.717,-309.389
17:47:15,7.887,1093.684,1500,0,0,356.806,63.901,-309.382
17:47:15,7.985,1138.581,1500,0,0,354.589,98.673,-309.412
17:47:15,8.076,1140.891,1500,0,0,353.439,108.074,-309.431
17:47:15,8.171,1156.9,1500,0,0,353.45,108.104,-309.429
17:47:15,8.263,1170.237,1500,0,0,354.253,111.44,-309.41
17:47:15,8.356,1198.674,1500,0,0,355.936,119.952,-309.366
17:47:15,8.442,1198.054,1500,0,0,357.146,128.437,-309.336
17:47:15,8.525,1197.189,1500,0,0,358.011,138.066,-309.315
17:47:15,8.618,1226.282,1500,0,0,358.388,146.741,-309.305
17:47:15,8.708,1211.738,1500,0,0,358.392,157.049,-309.305
17:47:15,8.799,1198.076,1500,0,0,357.924,168.195,-309.311
17:47:15,8.894,1213.614,1500,0,0,357.036,179.252,-309.328
17:47:15,8.982,1214.929,1500,0,0,355.721,190.663,-309.359
17:47:15,9.069,1216.593,1500,0,0,354.127,201.725,-309.406
17:47:15,9.158,1217.254,1500,0,0,353.466,205.807,-309.43
17:47:15,9.238,1217.3,1500,0,0,353.42,206.068,-309.431
17:47:15,9.345,1202.475,1500,0,0,353.785,207.543,-309.406
17:47:15,9.442,1199.322,1500,0,0,356.938,224.078,-309.22
17:47:15,9.529,1197.729,1500,0,0,358.531,242.51,-309.134
17:47:15,9.611,1198.075,1500,0,0,358.185,263.671,-309.156
17:47:15,9.702,1200.527,1500,0,0,355.653,285.876,-309.299
17:47:15,9.791,1202.714,1500,0,0,353.466,297.899,-309.426
17:47:15,9.876,1202.245,1500,0,0,353.425,298.072,-309.426
17:47:15,9.987,1201.075,1500,0,0,354.595,291.901,-309.356
17:47:15,10.075,1198.084,1500,0,0,357.586,269.67,-309.181
17:47:15,10.164,1182.394,1500,0,0,358.456,249.83,-309.13
17:47:15,10.258,1169.528,1500,0,0,357.062,227.345,-309.209
17:47:15,10.355,1172.649,1500,0,0,353.941,209.776,-309.398
17:47:15,10.458,1186.825,1500,0,0,353.435,207.683,-309.431
17:47:15,10.551,1172.544,1500,0,0,353.466,207.51,-309.43
17:47:15,10.64,1171.795,1500,0,0,354.215,203.037,-309.405
17:47:15,10.722,1184.533,1500,0,0,355.727,192.826,-309.359
17:47:15,10.808,1168.999,1500,0,0,357.011,182.296,-309.327
17:47:15,10.895,1181.546,1500,0,0,358.014,171.11,-309.305
17:47:15,10.998,1195.993,1500,0,0,358.617,159.359,-309.298
17:47:15,11.086,1224.141,1500,0,0,358.699,148.935,-309.298
17:47:15,11.173,1239.05,1500,0,0,358.42,140.596,-309.306
17:47:15,11.257,1254.564,1500,0,0,357.606,130.414,-309.323
17:47:15,11.349,1255.831,1500,0,0,356.339,121.023,-309.351
17:47:15,11.441,1272.584,1500,0,0,354.386,111.137,-309.402
17:47:15,11.548,1273.508,1500,0,0,353.462,107.352,-309.43
17:47:15,11.643,1273.53,1500,0,0,353.44,107.282,-309.43
17:47:15,11.745,1258.57,1500,0,0,353.6,106.195,-309.429
17:47:15,11.829,1256.138,1500,0,0,356.032,84.053,-309.396
17:47:15,11.911,1241.024,1500,0,0,357.196,56.143,-309.379
17:47:15,12.003,1257.072,1500,0,0,355.858,25.164,-309.396
17:47:15,12.102,1244.771,1500,0,0,353.449,5.3,-309.427
17:47:15,12.188,1260.118,1500,0,0,353.452,5.214,-309.427
17:47:15,12.309,1272.56,1500,0,0,356.32,-20.962,-309.394
17:47:15,12.407,1271.402,1500,0,0,357.478,-51.627,-309.386
17:47:15,12.509,1273.862,1500,0,0,355.368,-87.789,-309.413
17:47:15,12.6,1290.537,1500,1,0,353.623,-100.327,-309.432
17:47:15,12.689,1290.489,1500,1,0,353.671,-100.032,-309.428
17:47:15,12.784,1287.595,1500,1,0,356.565,-123.719,-309.164
17:47:15,12.877,1286.0,1500,1,0,358.16,-158.023,-309.073
17:47:15,12.976,1288.049,1500,1,0,356.111,-195.417,-309.369
17:47:15,13.067,1289.692,1500,1,0,354.468,-208.164,-309.564
17:47:15,13.155,1274.972,1500,1,0,354.468,-208.164,-309.564
17:47:15,13.246,1274.367,1500,1,0,355.073,-204.389,-309.496
17:47:15,13.346,1271.347,1500,1,0,358.093,-171.32,-309.117
17:47:15,13.433,1271.562,1500,1,0,357.878,-134.994,-309.047
17:47:15,13.541,1275.612,1500,1,0,353.828,-97.224,-309.391
17:47:15,13.632,1276.007,1500,1,0,353.433,-95.524,-309.427
17:47:15,13.723,1290.832,1500,1,0,353.538,-94.24,-309.427
17:47:15,13.823,1287.843,1500,1,0,356.527,-67.325,-309.4
17:47:15,13.909,1287.113,1500,1,0,357.257,-32.937,-309.393
17:47:15,14.011,1288.979,1500,1,0,355.391,-5.938,-309.41
17:47:15,14.101,1290.938,1500,1,0,353.432,10.876,-309.429
17:47:15,14.196,1290.803,1500,1,0,353.567,11.817,-309.427
17:47:15,14.284,1288.423,1500,1,0,355.947,33.876,-309.39
17:47:15,14.387,1287.564,1500,1,0,356.806,63.901,-309.382
17:47:15,14.473,1289.385,1500,1,0,354.985,94.989,-309.409
17:47:15,14.562,1290.931,1500,1,0,353.439,108.074,-309.431
17:47:15,14.652,1290.99,1500,1,0,353.45,108.104,-309.429
17:47:15,14.777,1289.914,1500,1,0,354.526,112.685,-309.401
17:47:15,14.871,1288.245,1500,1,0,356.195,121.544,-309.36
17:47:15,14.958,1287.019,1500,1,0,357.421,130.914,-309.331
17:47:15,15.051,1286.209,1500,1,0,358.161,140.641,-309.312
17:47:15,15.15,1285.924,1500,1,0,358.446,150.734,-309.304
17:47:15,15.248,1271.17,1500,1,0,358.27,161.183,-309.303
17:47:15,15.329,1271.777,1500,1,0,357.663,171.999,-309.313
17:47:15,15.424,1272.809,1500,1,0,356.631,183.183,-309.339
17:47:15,15.522,1274.479,1500,1,0,354.961,196.241,-309.383
17:47:15,15.619,1275.816,1500,1,0,353.624,204.857,-309.425
17:47:15,15.706,1276.02,1500,1,0,353.42,206.068,-309.431
17:47:15,15.8,1275.764,1500,1,0,353.466,206.242,-309.428
17:47:15,15.928,1273.085,1500,1,0,356.145,218.964,-309.265
17:47:15,16.03,1270.859,1500,1,0,358.371,238.933,-309.142
17:47:15,16.116,1285.753,1500,1,0,358.407,259.914,-309.144
17:47:15,16.207,1287.905,1500,1,0,356.255,281.94,-309.265
17:47:15,16.298,1290.694,1500,1,0,353.466,297.899,-309.426
17:47:15,16.391,1290.735,1500,1,0,353.425,298.072,-309.426
17:47:15,16.481,1290.578,1500,1,0,353.582,297.268,-309.414
17:47:15,16.568,1287.522,1500,1,0,356.638,278.451,-309.233
17:47:15,16.668,1285.784,1500,1,0,358.376,256.348,-309.139
17:47:15,16.757,1285.931,1500,1,0,357.869,235.297,-309.163
17:47:15,16.849,1273.743,1500,1,0,355.137,215.339,-309.321
17:47:15,16.941,1275.795,1500,1,0,353.435,207.683,-309.431
17:47:15,17.033,1275.794,1500,1,0,353.436,207.683,-309.431
17:47:15,17.151,1274.82,1500,1,0,354.41,201.8,-309.4
17:47:15,17.245,1273.163,1500,1,0,356.067,190.297,-309.348
17:47:15,17.333,1271.869,1500,1,0,357.361,178.848,-309.32
17:47:15,17.419,1271.082,1500,1,0,358.148,169.201,-309.305
17:47:15,17.507,1270.56,1500,1,0,358.67,157.057,-309.295
17:47:15,17.621,1270.597,1500,1,0,358.633,145.829,-309.301
17:47:15,17.728,1271.224,1500,1,0,358.006,134.601,-309.313
17:47:15,17.824,1272.283,1500,1,0,356.947,125.061,-309.336
17:47:15,17.913,1273.824,1500,1,0,355.406,115.876,-309.377
17:47:15,18.019,1275.561,1500,1,0,353.669,108.205,-309.422
17:47:15,18.103,1275.79,1500,1,0,353.44,107.282,-309.43
17:47:15,18.205,1275.782,1500,1,0,353.448,107.212,-309.429
17:47:15,18.307,1273.562,1500,1,0,355.668,88.309,-309.403
17:47:15,18.398,1272.257,1500,1,0,357.183,58.894,-309.382
17:47:15,18.484,1273.356,1500,1,0,356.084,27.804,-309.392
17:47:15,18.573,1275.896,1500,1,0,353.544,5.972,-309.425
17:47:15,18.664,1276.0,1500,1,0,353.44,5.277,-309.426
17:47:15,18.771,1275.559,1500,1,0,353.961,1.76,-309.419
17:47:15,18.864,1272.709,1500,1,0,356.811,-26.2,-309.389
17:47:15,18.963,1272.157,1500,1,0,357.363,-58.751,-309.385
17:47:15,19.053,1274.436,1500,1,0,355.084,-89.25,-309.414
17:47:15,19.148,1275.897,1500,2,0,353.623,-100.327,-309.432
17:47:15,19.235,1275.724,1500,2,0,353.796,-101.237,-309.413
17:47:15,19.329,1272.201,1500,2,0,357.319,-132.546,-309.104
17:47:15,19.431,1271.414,1500,2,0,358.106,-163.266,-309.093
17:47:15,19.522,1273.853,1500,2,0,355.667,-199.405,-309.424
17:47:15,19.616,1275.052,1500,2,0,354.468,-208.164,-309.564
17:47:15,19.708,1275.003,1500,2,0,354.517,-208.486,-309.559
17:47:15,19.804,1272.255,1500,2,0,357.265,-184.487,-309.23
17:47:15,19.898,1271.092,1500,2,0,358.428,-147.025,-309.026
17:47:15,19.99,1273.031,1500,2,0,356.489,-117.749,-309.153
17:47:15,20.077,1276.061,1500,2,0,353.459,-95.401,-309.426
17:47:15,20.166,1276.087,1500,2,0,353.433,-95.524,-309.427
17:47:15,20.268,1275.648,1500,2,0,353.872,-92.51,-309.423
17:47:15,20.354,1272.717,1500,2,0,356.803,-63.453,-309.4
17:47:15,20.445,1272.263,1500,2,0,357.257,-32.937,-309.393
17:47:15,20.569,1275.459,1500,2,0,354.061,6.629,-309.423
17:47:15,20.664,1276.088,1500,2,0,353.432,10.876,-309.429
17:47:15,20.761,1275.328,1500,2,0,354.192,16.426,-309.416
17:47:15,20.855,1272.98,1500,2,0,356.54,44.172,-309.383
17:47:15,20.946,1272.88,1500,2,0,356.64,70.588,-309.383
17:47:15,21.034,1275.293,1500,2,0,354.227,101.799,-309.417
17:47:15,21.125,1276.081,1500,2,0,353.439,108.074,-309.431
17:47:15,21.229,1276.02,1500,2,0,353.5,108.309,-309.429
17:47:15,21.319,1275.068,1500,2,0,354.452,112.354,-309.402
17:47:15,21.404,1273.308,1500,2,0,356.132,121.15,-309.361
17:47:15,21.495,1272.07,1500,2,0,357.37,130.5,-309.331
17:47:15,21.583,1271.298,1500,2,0,358.142,140.211,-309.313
17:47:15,21.676,1271.001,1500,2,0,358.439,150.279,-309.304
17:47:15,21.769,1271.281,1500,2,0,358.239,162.108,-309.304
17:47:15,21.868,1271.74,1500,2,0,357.7,171.526,-309.313
17:47:15,21.955,1272.731,1500,2,0,356.789,181.706,-309.335
17:47:15,22.042,1259.284,1500,2,0,355.316,193.695,-309.371
17:47:15,22.129,1260.695,1500,2,0,353.905,203.094,-309.413
17:47:15,22.213,1246.51,1500,2,0,353.42,206.068,-309.431
17:47:15,22.317,1246.51,1500,2,0,353.42,206.068,-309.431
17:47:15,22.412,1230.798,1500,2,0,354.202,209.278,-309.384
17:47:15,22.53,1212.455,1500,2,0,357.675,230.13,-309.18
17:47:15,22.628,1197.044,1500,2,0,358.626,253.419,-309.131
17:47:15,22.711,1183.851,1500,2,0,357.449,272.23,-309.196
17:47:15,22.795,1172.295,1500,2,0,354.295,293.674,-309.379
17:47:15,22.881,1144.345,1500,2,0,353.425,298.072,-309.426
17:47:15,22.962,1128.87,1500,2,0,353.47,297.852,-309.424
17:47:15,23.055,1098.459,1500,2,0,356.251,281.418,-309.259
17:47:15,23.144,1083.643,1500,2,0,358.137,262.005,-309.148
17:47:15,23.232,1042.942,1500,2,0,358.298,242.504,-309.141
17:47:15,23.314,1018.94,1500,2,0,356.33,222.123,-309.25
17:47:15,23.413,994.346,1500,2,0,353.464,207.813,-309.426
17:47:15,23.505,968.575,1500,2,0,353.435,207.683,-309.431
17:47:15,23.595,931.669,1500,2,0,353.491,207.357,-309.43
17:47:15,23.687,894.342,1500,2,0,354.548,200.901,-309.393
17:47:15,23.777,880.389,1500,2,0,356.261,188.777,-309.346
17:47:15,23.875,843.148,1321,2,0,357.502,177.388,-309.316
17:47:15,23.967,783.842,991,2,0,358.318,166.36,-309.3
17:47:15,24.056,727.047,676,2,0,358.683,156.601,-309.295
17:47:15,24.147,694.737,496,2,0,358.633,145.829,-309.301
17:47:15,24.248,643.074,400,2,0,358.006,134.601,-309.313
17:47:15,24.339,584.243,400,2,0,356.947,125.061,-309.336
17:47:15,24.435,519.944,400,2,0,355.406,115.876,-309.377
17:47:15,24.522,460.682,400,2,0,353.798,108.697,-309.418
17:47:15,24.615,404.32,400,2,0,353.44,107.282,-309.43
17:47:15,24.715,381.339,400,2,0,353.451,107.203,-309.429
17:47:15,24.813,365.511,400,2,0,354.129,102.193,-309.419
17:47:15,24.905,329.225,149,2,0,355.165,93.416,-309.408
17:47:15,25.001,294.945,0,2,0,356.075,83.565,-309.395
17:47:15,25.09,268.928,0,2,0,356.592,76.048,-309.39
17:47:15,25.182,250.363,0,2,0,357.027,66.355,-309.383
17:47:15,25.276,239.063,0,2,0,357.177,57.867,-309.378
17:47:15,25.368,217.218,0,2,0,357.142,49.463,-309.381
17:47:15,25.457,207.738,0,2,0,356.942,42.221,-309.382
17:47:15,25.559,189.568,0,2,0,356.442,32.566,-309.39
17:47:15,25.647,177.415,0,2,0,355.795,24.445,-309.396
17:47:15,25.738,169.504,0,2,0,355.076,17.469,-309.405
17:47:15,25.818,165.625,0,2,0,354.165,10.232,-309.419
17:47:15,25.913,166.61,0,2,0,353.44,5.277,-309.426
17:47:15,26.007,155.64,0,3,0,353.44,5.277,-309.426
17:47:15,26.099,141.69,0,3,0,353.44,5.277,-309.426
17:47:15,26.185,134.98,0,3,0,353.44,5.277,-309.426
17:47:15,26.28,128.64,0,3,0,353.44,5.277,-309.426
17:47:15,26.372,112.47,0,3,0,353.44,5.277,-309.426
17:47:15,26.459,105.22,0,3,0,353.44,5.277,-309.426
17:47:15,26.56,107.19,0,3,0,353.44,5.277,-309.426
17:47:15,26.655,102.99,0,3,0,353.44,5.277,-309.426
17:47:15,26.74,97.51,0,3,0,353.44,5.277,-309.426
17:47:15,26.835,105.65,0,3,0,353.44,5.277,-309.426
17:47:15,26.925,115.41,0,3,0,353.44,5.277,-309.426
17:47:15,27.017,131.19,0,3,0,353.44,5.277,-309.426
17:47:15,27.133,111.23,0,3,0,353.44,5.277,-309.426
17:47:15,27.229,105.87,0,3,0,353.44,5.277,-309.426
17:47:15,27.321,99.71,0,3,0,353.44,5.277,-309.426
17:47:15,27.412,96.21,0,3,0,353.44,5.277,-309.426
17:47:15,27.502,94.37,0,3,0,353.44,5.277,-309.426
17:47:15,27.594,92.64,0,3,0,353.44,5.277,-309.426
17:47:15,27.687,96.21,0,3,0,353.44,5.277,-309.426
17:47:15,27.78,91.85,0,3,0,353.44,5.277,-309.426
17:47:15,27.866,85.66,0,3,0,353.44,5.277,-309.426
17:47:15,27.957,82.35,0,3,0,353.44,5.277,-309.426
17:47:15,28.044,81.75,0,3,0,353.44,5.277,-309.426
17:47:15,28.128,80.76,0,3,0,353.44,5.277,-309.426
17:47:15,28.219,80.78,0,3,0,353.44,5.277,-309.426
17:47:15,28.322,80.08,0,3,0,353.44,5.277,-309.426
17:47:15,28.419,79.87,0,3,0,353.44,5.277,-309.426
17:47:15,28.511,80.07,0,3,0,353.44,5.277,-309.426
17:47:15,28.6,80.36,0,3,0,353.44,5.277,-309.426
17:47:15,28.688,80.36,0,3,0,353.44,5.277,-309.426
17:47:15,28.786,80.35,0,3,0,353.44,5.277,-309.426
17:47:15,28.881,80.35,0,3,0,353.44,5.277,-309.426
17:47:15,28.969,80.35,0,3,0,353.44,5.277,-309.426
17:47:15,29.062,80.74,0,3,0,353.44,5.277,-309.426
17:47:15,29.165,80.73,0,3,0,353.44,5.277,-309.426
17:47:15,29.251,81.18,0,3,0,353.44,5.277,-309.426
17:47:15,29.347,81.22,0,3,0,353.44,5.277,-309.426
17:47:15,29.437,82.47,0,3,0,353.44,5.277,-309.426
17:47:15,29.524,82.45,0,3,0,353.44,5.277,-309.426
17:47:15,29.672,82.43,0,3,0,353.44,5.277,-309.426
17:47:15,29.77,82.43,0,3,0,353.44,5.277,-309.426
17:47:15,29.863,82.38,0,3,0,353.44,5.277,-309.426
17:47:15,29.954,82.38,0,3,0,353.44,5.277,-309.426
17:47:15,30.043,83.97,0,3,0,353.44,5.277,-309.426
17:47:15,30.134,85.92,0,3,0,353.44,5.277,-309.426
17:47:15,30.226,87.04,0,3,0,353.44,5.277,-309.426
17:47:15,30.314,88.29,0,3,0,353.44,5.277,-309.426
17:47:15,30.407,89.6,0,3,0,353.44,5.277,-309.426
17:47:15,30.502,91.0,0,3,0,353.44,5.277,-309.426
17:47:15,30.6,91.0,0,3,0,353.44,5.277,-309.426
17:47:15,30.687,91.0,0,3,0,353.44,5.277,-309.426
17:47:15,30.78,94.13,0,3,0,353.44,5.277,-309.426
17:47:15,30.889,95.9,0,3,0,353.44,5.277,-309.426
17:47:15,30.975,103.68,0,3,0,353.44,5.277,-309.426
17:47:15,31.065,101.59,0,3,0,353.44,5.277,-309.426
17:47:15,31.156,101.59,0,3,0,353.44,5.277,-309.426
17:47:15,31.248,115.41,0,3,0,353.44,5.277,-309.426
17:47:15,31.343,149.21,0,3,0,353.44,5.277,-309.426
17:47:15,31.441,164.3,0,3,0,353.44,5.277,-309.426
17:47:15,31.529,189.64,0,3,0,353.44,5.277,-309.426
17:47:15,31.621,223.36,0,3,0,353.44,5.277,-309.426
17:47:15,31.714,279.87,0,3,0,353.44,5.277,-309.426
17:47:15,31.806,324.81,93,3,0,353.44,5.277,-309.426
17:47:15,31.904,359.608,400,3,0,353.462,5.202,-309.427
17:47:15,31.99,435.824,400,3,0,353.866,3.908,-309.405
17:47:15,32.095,468.434,400,3,0,354.496,1.871,-309.377
17:47:15,32.191,511.413,400,3,0,355.067,-1.991,-309.351
17:47:15,32.283,556.883,400,3,0,355.627,-2.101,-309.325
17:47:15,32.382,604.27,400,3,0,356.25,-5.962,-309.296
17:47:15,32.475,634.07,400,3,0,356.8,-7.984,-309.268
17:47:15,32.563,653.271,400,3,0,357.269,-8.322,-309.25
17:47:15,32.654,705.156,554,3,0,357.804,-10.33,-309.224
17:47:15,32.745,747.987,792,3,0,358.373,-12.163,-309.2
17:47:15,32.847,793.817,1047,3,0,358.863,-14.236,-309.174
17:47:15,32.938,804.961,1109,3,0,359.309,-16.476,-309.155
17:47:15,33.029,840.473,1306,3,0,359.787,-18.536,-309.134
17:47:15,33.125,864.337,1500,3,0,360.293,-20.43,-309.112
17:47:15,33.217,876.014,1500,3,0,360.766,-22.397,-309.09
17:47:15,33.309,863.289,1500,3,0,361.211,-24.444,-309.071
17:47:15,33.411,862.325,1500,3,0,361.635,-26.486,-309.052
17:47:15,33.505,862.227,1500,3,0,362.053,-28.519,-309.034
17:47:15,33.6,874.255,1500,3,0,362.525,-30.29,-309.013
17:47:15,33.704,873.876,1500,3,0,362.954,-32.143,-310.995
17:47:15,33.795,885.579,1500,3,0,363.311,-34.335,-310.981
17:47:15,33.91,897.173,1500,3,0,363.817,-37.654,-310.96
17:47:15,34.019,920.941,1500,3,0,364.219,-39.401,-310.942
17:47:15,34.103,958.692,1500,3,0,364.538,-41.574,-310.929
17:47:15,34.193,971.663,1500,3,0,364.907,-43.394,-310.914
17:47:15,34.295,984.276,1500,3,0,365.254,-45.298,-310.899
17:47:15,34.391,1010.558,1500,3,0,365.572,-47.283,-310.887
17:47:15,34.484,1023.526,1500,3,0,365.864,-49.262,-310.874
17:47:15,34.569,1076.77,1500,3,0,366.16,-51.237,-310.863
17:47:15,34.662,1118.349,1500,3,0,366.421,-53.38,-310.854
17:47:15,34.753,1132.079,1500,3,0,366.691,-55.349,-310.843
17:47:15,34.843,1160.386,1500,3,0,366.954,-57.31,-310.834
17:47:15,34.935,1174.675,1500,3,0,367.205,-59.267,-310.825
17:47:15,35.022,1203.284,1500,3,0,367.436,-61.217,-310.813
17:47:15,35.114,1217.615,1500,3,0,367.665,-63.165,-310.805
17:47:15,35.206,1231.978,1500,3,0,367.882,-65.108,-310.798
17:47:15,35.3,1246.613,1500,3,0,368.067,-67.225,-310.791
17:47:15,35.388,1246.418,1500,3,0,368.262,-69.16,-310.785
17:47:15,35.48,1260.995,1500,3,0,368.445,-71.091,-310.78
17:47:15,35.57,1275.837,1500,3,0,368.603,-73.022,-310.774
17:47:15,35.661,1275.679,1500,3,0,368.761,-76.939,-310.77
17:47:15,35.762,1290.541,1500,3,0,368.929,-78.586,-310.764
17:47:15,35.867,1305.507,1500,3,0,369.073,-80.317,-310.761
17:47:15,35.957,1305.385,1500,3,0,369.195,-82.227,-310.758
17:47:15,36.044,1305.22,1500,3,0,369.29,-84.226,-310.754
17:47:15,36.136,1304.892,1500,3,0,369.388,-86.128,-310.752
17:47:15,36.226,1304.812,1500,3,0,369.468,-88.206,-310.752
17:47:15,36.315,1304.74,1500,3,0,369.54,-90.104,-310.751
17:47:15,36.407,1319.881,1500,3,0,369.599,-93.907,-310.749
17:47:15,36.499,1319.831,1500,3,0,369.649,-95.79,-310.75
17:47:15,36.592,1320.022,1500,3,0,369.688,-97.951,-310.753
17:47:15,36.678,1335.294,1500,3,0,369.716,-99.833,-310.755
17:47:15,36.768,1335.282,1500,3,0,369.728,-101.712,-310.754
17:47:15,36.858,1335.286,1500,3,0,369.724,-103.496,-310.758
17:47:15,36.947,1335.298,1500,3,0,369.712,-105.646,-310.759
17:47:15,37.036,1335.092,1500,3,0,369.688,-107.519,-310.763
17:47:15,37.135,1335.125,1500,3,0,369.655,-109.098,-310.767
17:47:15,37.232,1335.175,1500,3,0,369.605,-112.964,-310.772
17:47:15,37.318,1335.234,1500,3,0,369.546,-114.824,-310.778
17:47:15,37.407,1335.532,1500,3,0,369.478,-116.867,-310.784
17:47:15,37.498,1335.633,1500,3,0,369.377,-118.537,-310.791
17:47:15,37.606,1335.741,1500,3,0,369.269,-120.108,-310.798
17:47:15,37.7,1335.851,1500,3,0,369.159,-123.957,-310.807
17:47:15,37.791,1335.974,1500,3,0,369.036,-125.803,-310.816
17:47:15,37.893,1336.124,1500,3,0,368.886,-127.553,-310.823
17:47:15,37.983,1336.276,1500,3,0,368.734,-129.398,-310.833
17:47:15,38.076,1336.454,1500,3,0,368.556,-131.048,-310.845
17:47:15,38.175,1336.629,1500,3,0,368.381,-134.885,-310.856
17:47:15,38.273,1336.816,1500,3,0,368.194,-136.72,-310.868
17:47:15,38.372,1321.752,1500,3,0,367.958,-138.273,-310.879
17:47:15,38.461,1321.973,1500,3,0,367.737,-140.102,-310.892
17:47:15,38.565,1322.226,1500,3,0,367.484,-143.644,-310.907
17:47:15,38.661,1322.492,1500,3,0,367.218,-145.281,-310.922
17:47:15,38.755,1322.752,1500,3,0,366.958,-147.109,-310.937
17:47:15,38.85,1323.021,1500,3,0,366.689,-150.933,-310.952
17:47:15,38.939,1323.325,1500,3,0,366.385,-152.659,-310.967
17:47:15,39.034,1323.576,1500,3,0,366.134,-154.764,-310.983
17:47:15,39.123,1308.762,1500,3,0,365.818,-156.587,-310.999
17:47:15,39.212,1309.085,1500,3,0,365.495,-158.399,-309.017
17:47:15,39.303,1324.631,1500,3,0,365.159,-160.219,-309.035
17:47:15,39.391,1324.981,1500,3,0,364.809,-162.036,-309.05
17:47:15,39.483,1325.34,1500,3,0,364.45,-165.85,-309.069
17:47:15,39.569,1325.683,1500,3,0,364.107,-167.853,-309.087
17:47:15,39.665,1326.067,1500,3,0,363.723,-169.666,-309.108
17:47:15,39.755,1326.488,1500,3,0,363.302,-171.38,-309.131
17:47:15,39.846,1326.905,1500,3,0,362.885,-173.196,-309.149
17:47:15,39.936,1327.266,1500,3,0,362.524,-175.288,-309.17
17:47:15,40.037,1327.768,1500,3,0,362.022,-178.816,-309.194
17:47:15,40.123,1328.224,1500,3,0,361.566,-180.624,-309.217
17:47:15,40.215,1328.729,1500,3,0,361.061,-182.246,-309.243
17:47:15,40.319,1329.21,1500,3,0,360.58,-184.049,-309.268
17:47:15,40.407,1329.622,1500,3,0,360.088,-187.857,-309.293
17:47:15,40.512,1330.202,1500,3,0,359.508,-189.382,-309.319
17:47:15,40.604,1330.723,1500,3,0,358.987,-191.19,-309.346
17:47:15,40.708,1331.262,1500,3,0,358.448,-194.996,-309.372
17:47:15,40.803,1331.881,1500,3,0,357.829,-196.518,-309.402
17:47:15,40.894,1332.213,1500,3,0,357.267,-198.325,-309.43
17:47:15,40.994,1333.071,1500,3,0,356.639,-201.942,-309.462
17:47:15,41.085,1333.662,1500,3,0,356.048,-203.75,-309.491
17:47:15,41.178,1334.3,1500,3,0,355.41,-205.464,-309.52
17:47:15,41.268,1334.841,1500,3,0,354.869,-207.563,-309.547
17:47:15,41.358,1335.232,1500,3,0,354.478,-208.212,-309.564
17:47:15,41.448,1335.321,1500,3,0,354.469,-208.166,-309.566
17:47:15,41.541,1335.038,1500,3,0,354.752,-206.307,-309.527
17:47:15,41.635,1332.262,1500,3,0,357.528,-176.333,-309.152
17:47:15,41.726,1331.846,1500,3,0,357.944,-143.547,-309.031
17:47:15,41.814,1334.534,1500,3,0,355.256,-108.713,-309.254
17:47:15,41.905,1336.357,1500,3,0,353.433,-95.524,-309.427
17:47:15,41.995,1321.141,1500,3,0,353.439,-95.589,-309.427
17:47:15,42.089,1319.308,1500,3,0,355.272,-81.599,-309.41
17:47:15,42.187,1317.177,1500,3,0,357.403,-45.295,-309.392
17:47:15,42.285,1318.529,1500,3,0,356.051,-11.235,-309.406
17:47:15,42.41,1321.148,1500,3,0,353.432,10.876,-309.429
17:47:15,42.491,1321.139,1500,3,0,353.441,10.895,-309.43
17:47:15,42.599,1318.933,1500,3,0,355.647,30.055,-309.396
17:47:15,42.689,1317.734,1500,3,0,356.846,59.918,-309.383
17:47:15,42.783,1318.972,1500,3,0,355.608,88.215,-309.4
17:47:15,42.884,1321.143,1500,3,0,353.437,108.052,-309.431
17:47:15,42.967,1321.141,1500,3,0,353.439,108.074,-309.431
17:47:15,43.072,1321.025,1500,3,0,353.555,108.551,-309.426
17:47:15,43.167,1319.905,1500,3,0,354.675,113.367,-309.396
17:47:15,43.256,1318.008,1500,3,0,356.502,123.553,-309.35
17:47:15,43.351,1316.892,1500,3,0,357.618,132.997,-309.326
17:47:15,43.442,1316.285,1500,3,0,358.225,141.935,-309.311
17:47:15,43.529,1316.134,1500,3,0,358.446,150.734,-309.304
17:47:15,43.611,1316.322,1500,3,0,358.258,161.65,-309.304
17:47:15,43.729,1317.029,1500,3,0,357.551,173.44,-309.316
17:47:15,43.813,1318.107,1500,3,0,356.403,185.161,-309.341
17:47:15,43.907,1319.625,1500,3,0,354.885,196.751,-309.385
17:47:15,43.993,1320.915,1500,3,0,353.595,205.044,-309.427
17:47:15,44.09,1321.09,1500,3,0,353.42,206.068,-309.431
17:47:15,44.194,1321.044,1500,3,0,353.466,206.242,-309.428
17:47:15,44.29,1318.811,1500,3,0,355.699,216.434,-309.292
17:47:15,44.375,1316.311,1500,3,0,358.199,236.273,-309.15
17:47:15,44.468,1316.025,1500,3,0,358.485,258.05,-309.139
17:47:15,44.556,1317.611,1500,3,0,356.899,277.054,-309.227
17:47:15,44.648,1320.743,1500,3,0,353.767,296.377,-309.406
17:47:15,44.737,1321.085,1500,3,0,353.425,298.072,-309.426
17:47:15,44.828,1320.928,1500,3,0,353.582,297.268,-309.414
17:47:15,44.922,1317.745,1500,3,0,356.765,277.465,-309.229
17:47:15,45.012,1316.075,1500,3,0,358.435,253.539,-309.132
17:47:15,45.111,1316.875,1500,3,0,357.635,232.631,-309.177
17:47:15,45.213,1319.835,1500,3,0,354.675,213.103,-309.351
17:47:15,45.302,1321.075,1500,3,0,353.435,207.683,-309.431
17:47:15,45.39,1321.07,1500,3,0,353.44,207.639,-309.432
17:47:15,45.488,1320.425,1500,3,0,354.085,203.782,-309.407
17:47:15,45.58,1318.783,1500,3,0,355.727,192.826,-309.359
17:47:15,45.663,1317.394,1500,3,0,357.116,181.308,-309.323
17:47:15,45.767,1316.335,1500,3,0,358.175,168.722,-309.304
17:47:15,45.855,1315.893,1500,3,0,358.617,159.359,-309.298
17:47:15,45.943,1315.811,1500,3,0,358.699,148.935,-309.298
17:47:15,46.052,1316.276,1500,3,0,358.234,137.581,-309.307
17:47:15,46.142,1317.187,1500,3,0,357.323,127.933,-309.331
17:47:15,46.222,1303.316,1500,3,0,356.074,119.427,-309.36
17:47:15,46.308,1319.973,1500,3,0,354.537,111.777,-309.399
17:47:15,46.398,1305.996,1500,3,0,353.474,107.434,-309.426
17:47:15,46.492,1291.0,1500,3,0,353.44,107.282,-309.43
17:47:15,46.585,1261.115,1500,3,0,353.485,106.985,-309.43
17:47:15,46.682,1243.073,1500,3,0,356.247,81.23,-309.395
17:47:15,46.791,1242.642,1500,3,0,357.008,43.863,-309.383
17:47:15,46.88,1230.014,1500,3,0,354.656,13.953,-309.412
17:47:15,46.973,1202.23,1500,3,0,353.44,5.277,-309.426
17:47:15,47.061,1173.862,1500,3,0,353.478,5.006,-309.427
17:47:15,47.159,1129.291,1500,3,0,355.969,-15.005,-309.4
17:47:15,47.249,1100.134,1500,3,0,357.396,-40.586,-309.384
17:47:15,47.329,1073.514,1500,3,0,356.706,-72.95,-309.394
17:47:15,47.417,1048.983,1500,3,0,354.197,-96.341,-309.424
17:47:15,47.504,1009.347,1500,4,0,353.623,-100.327,-309.432
17:47:15,47.607,983.098,1500,4,0,354.232,-104.449,-309.371
17:47:15,47.694,929.112,1500,4,0,357.208,-130.086,-309.109
17:47:15,47.784,891.217,1500,4,0,357.863,-171.302,-309.132
17:47:15,47.882,845.565,1334,4,0,355.035,-204.314,-309.497
17:47:15,47.973,834.262,1272,4,0,354.468,-208.164,-309.564
17:47:15,48.063,798.732,1074,4,0,354.608,-207.176,-309.545
17:47:15,48.15,773.214,932,4,0,356.946,-188.811,-309.27
17:47:15,48.231,726.994,676,4,0,358.486,-157.962,-309.044
17:47:15,48.328,683.531,434,4,0,357.579,-129.649,-309.07
17:47:15,48.412,624.28,400,4,0,354.42,-101.56,-309.338
17:47:15,48.503,585.857,400,4,0,353.433,-95.524,-309.427
17:47:15,48.595,557.267,400,4,0,353.433,-95.524,-309.427
17:47:15,48.687,502.822,400,4,0,353.578,-94.497,-309.426
17:47:15,48.774,483.004,400,4,0,354.616,-86.046,-309.416
17:47:15,48.863,433.308,400,4,0,355.582,-78.501,-309.407
17:47:15,48.962,385.327,400,4,0,356.293,-70.216,-309.403
17:47:15,49.056,383.641,400,4,0,356.929,-61.753,-309.396
17:47:15,49.145,361.498,400,4,0,357.272,-52.177,-309.396
17:47:15,49.234,332.682,192,4,0,357.418,-44.578,-309.394
17:47:15,49.324,298.726,0,4,0,357.374,-37.861,-309.394
17:47:15,49.414,274.38,0,4,0,357.15,-28.207,-309.396
17:47:15,49.503,240.697,0,4,0,356.723,-20.522,-309.399
17:47:15,49.597,236.08,0,4,0,356.09,-12.796,-309.404
17:47:15,49.689,236.676,0,4,0,355.274,-3.021,-309.414
17:47:15,49.781,232.812,0,4,0,354.348,4.492,-309.421
17:47:15,49.866,233.516,0,4,0,353.474,10.626,-309.43
17:47:15,49.956,228.438,0,4,0,353.432,10.876,-309.429
17:47:15,50.048,223.488,0,5,0,353.432,10.876,-309.429
17:47:15,50.148,208.598,0,5,0,353.432,10.876,-309.429
17:47:15,50.241,203.758,0,5,0,353.432,10.876,-309.429
17:47:15,50.329,203.768,0,5,0,353.432,10.876,-309.429
17:47:15,50.423,208.608,0,5,0,353.432,10.876,-309.429
17:47:15,50.513,208.608,0,5,0,353.432,10.876,-309.429
17:47:15,50.624,208.608,0,5,0,353.432,10.876,-309.429
17:47:15,50.73,208.608,0,5,0,353.432,10.876,-309.429
17:47:15,50.816,208.608,0,5,0,353.432,10.876,-309.429
17:47:15,50.907,208.598,0,5,0,353.432,10.876,-309.429
17:47:15,50.996,208.598,0,5,0,353.432,10.876,-309.429
17:47:15,51.085,208.598,0,5,0,353.432,10.876,-309.429
17:47:15,51.176,208.598,0,5,0,353.432,10.876,-309.429
17:47:15,51.265,213.528,0,5,0,353.432,10.876,-309.429
17:47:15,51.358,213.528,0,5,0,353.432,10.876,-309.429
17:47:15,51.448,213.538,0,5,0,353.432,10.876,-309.429
17:47:15,51.549,223.668,0,5,0,353.432,10.876,-309.429
17:47:15,51.647,234.178,0,5,0,353.432,10.876,-309.429
17:47:15,51.737,239.528,0,5,0,353.432,10.876,-309.429
17:47:15,51.825,244.738,0,5,0,353.432,10.876,-309.429
17:47:15,51.924,261.388,0,5,0,353.432,10.876,-309.429
17:47:15,52.018,284.518,0,5,0,353.432,10.876,-309.429
17:47:15,52.124,315.668,0,5,0,353.432,10.876,-309.429
17:47:15,52.21,335.878,232,5,0,353.432,10.876,-309.429
17:47:15,52.307,372.238,400,5,0,353.452,10.773,-309.43
17:47:15,52.395,408.638,400,5,0,354.012,7.181,-309.422
17:47:15,52.485,454.518,400,5,0,354.612,3.077,-309.417
17:47:15,52.57,481.9,400,5,0,355.19,-2.747,-309.413
17:47:15,52.676,499.242,400,5,0,355.828,-7.362,-309.406
17:47:15,52.759,524.442,400,5,0,356.318,-12.586,-309.401
17:47:15,52.871,540.014,400,5,0,356.826,-18.75,-309.393
17:47:15,52.963,558.321,400,5,0,357.149,-22.355,-309.392
17:47:15,53.058,589.122,400,5,0,357.458,-27.108,-309.388
17:47:15,53.154,619.873,400,5,0,357.687,-32.054,-309.387
17:47:15,53.243,670.971,400,5,0,357.829,-37.202,-309.386
17:47:15,53.341,714.857,608,5,0,357.913,-43.913,-309.387
17:47:15,53.431,747.866,792,5,0,357.914,-47.463,-309.386
17:47:15,53.522,756.899,842,5,0,357.851,-52.575,-309.386
17:47:15,53.612,781.222,977,5,0,357.718,-57.252,-309.391
17:47:15,53.711,782.116,982,5,0,357.514,-62.353,-309.393
17:47:15,53.805,782.965,987,5,0,357.275,-67.872,-309.394
17:47:15,53.891,772.438,928,5,0,356.922,-72.743,-309.399
17:47:15,53.98,751.054,809,5,0,356.576,-76.465,-309.403
17:47:15,54.074,751.635,812,5,0,355.995,-82.476,-309.407
17:47:15,54.172,752.133,815,5,0,355.497,-87.979,-309.414
17:47:15,54.257,753.334,822,5,0,354.886,-91.055,-309.42
17:47:15,54.348,776.498,951,5,0,354.262,-96.552,-309.425
17:47:15,54.437,811.596,1146,5,0,353.664,-100.589,-309.43
17:47:15,54.528,847.027,1342,6,0,353.623,-100.327,-309.432
17:47:15,54.618,882.636,1500,6,0,353.784,-101.35,-309.415
17:47:15,54.704,915.41,1500,6,0,356.72,-124.058,-309.149
17:47:15,54.804,951.085,1500,6,0,358.165,-156.123,-309.067
17:47:15,54.899,978.848,1500,6,0,356.682,-189.187,-309.297
17:47:15,55.001,1020.802,1500,6,0,354.468,-208.164,-309.564
17:47:15,55.089,1034.003,1500,6,0,354.517,-208.486,-309.559
17:47:15,55.179,1045.514,1500,6,0,356.836,-189.649,-309.284
17:47:15,55.264,1044.255,1500,6,0,358.485,-152.325,-309.032
17:47:15,55.353,1059.649,1500,6,0,356.801,-120.731,-309.13
17:47:15,55.443,1076.435,1500,6,0,353.555,-96.872,-309.42
17:47:15,55.534,1076.731,1500,6,0,353.439,-95.589,-309.427
17:47:15,55.648,1074.751,1500,6,0,355.419,-80.942,-309.411
17:47:15,55.737,1072.774,1500,6,0,357.396,-47.922,-309.394
17:47:15,55.827,1087.469,1500,6,0,356.391,-15.198,-309.401
17:47:15,55.916,1090.211,1500,6,0,353.649,9.503,-309.429
17:47:15,56.013,1104.098,1500,6,0,353.432,10.876,-309.429
17:47:15,56.125,1103.338,1500,6,0,354.192,16.426,-309.416
17:47:15,56.214,1100.99,1500,6,0,356.54,44.172,-309.383
17:47:15,56.306,1101.099,1500,6,0,356.481,74.628,-309.388
17:47:15,56.395,1103.552,1500,6,0,354.028,103.534,-309.424
17:47:15,56.5,1104.141,1500,6,0,353.439,108.074,-309.431
17:47:15,56.613,1104.025,1500,6,0,353.555,108.551,-309.426
17:47:15,56.704,1102.752,1500,6,0,354.828,114.096,-309.393
17:47:15,56.795,1101.325,1500,6,0,356.255,121.945,-309.358
17:47:15,56.887,1100.12,1500,6,0,357.46,131.33,-309.33
17:47:15,56.975,1113.212,1500,6,0,358.188,141.076,-309.312
17:47:15,57.065,1112.954,1500,6,0,358.446,151.176,-309.304
17:47:15,57.154,1113.142,1500,6,0,358.258,161.65,-309.304
17:47:15,57.25,1113.808,1500,6,0,357.592,172.961,-309.315
17:47:15,57.337,1114.72,1500,6,0,356.68,182.685,-309.337
17:47:15,57.428,1116.148,1500,6,0,355.252,194.208,-309.374
17:47:15,57.513,1117.539,1500,6,0,353.861,203.404,-309.417
17:47:15,57.613,1117.98,1500,6,0,353.42,206.068,-309.431
17:47:15,57.701,1117.934,1500,6,0,353.466,206.242,-309.428
17:47:15,57.828,1114.973,1500,6,0,356.427,220.665,-309.249
17:47:15,57.919,1112.945,1500,6,0,358.455,240.715,-309.137
17:47:15,58.011,1113.155,1500,6,0,358.245,262.725,-309.152
17:47:15,58.111,1115.592,1500,6,0,355.808,284.889,-309.29
17:47:15,58.203,1117.969,1500,6,0,353.431,298.037,-309.426
17:47:15,58.302,1117.93,1500,6,0,353.47,297.852,-309.424
17:47:15,58.399,1115.729,1500,6,0,355.671,285.395,-309.293
17:47:15,58.491,1113.263,1500,6,0,358.137,262.005,-309.148
17:47:15,58.578,1113.07,1500,6,0,358.33,243.406,-309.137
17:47:15,58.666,1114.941,1500,6,0,356.459,222.992,-309.244
17:47:15,58.757,1117.936,1500,6,0,353.464,207.813,-309.426
17:47:15,58.855,1117.965,1500,6,0,353.435,207.683,-309.431
17:47:15,58.957,1117.859,1500,6,0,353.491,207.357,-309.43
17:47:15,59.045,1116.802,1500,6,0,354.548,200.901,-309.393
17:47:15,59.148,1114.967,1500,6,0,356.383,187.776,-309.342
17:47:15,59.249,1113.759,1500,6,0,357.591,176.413,-309.314
17:47:15,59.343,1112.956,1500,6,0,358.394,164.94,-309.302
17:47:15,59.429,1112.662,1500,6,0,358.688,155.687,-309.294
17:47:15,59.535,1112.831,1500,6,0,358.519,142.761,-309.301
17:47:15,59.639,1113.574,1500,6,0,357.776,132.085,-309.32
17:47:15,59.731,1114.631,1500,6,0,356.719,123.438,-309.345
17:47:15,59.817,1116.261,1500,6,0,355.089,114.312,-309.384
17:47:15,59.907,1117.711,1500,6,0,353.639,108.063,-309.422
17:47:15,59.999,1117.91,1500,6,0,353.44,107.282,-309.43
17:47:15,60.092,1117.865,1500,6,0,353.485,106.985,-309.43
17:47:15,60.204,1114.913,1500,6,0,356.437,78.409,-309.39
17:47:15,60.311,1114.262,1500,6,0,357.088,46.576,-309.381
17:47:15,60.402,1116.009,1500,6,0,355.341,19.925,-309.401
17:47:15,60.491,1117.91,1500,6,0,353.44,5.277,-309.426
17:47:15,60.589,1117.896,1500,6,0,353.504,4.826,-309.424
17:47:15,60.69,1115.26,1500,6,0,356.09,-17.661,-309.398
17:47:15,60.793,1113.872,1500,6,0,357.478,-51.627,-309.386
17:47:15,60.887,1115.377,1500,6,0,355.793,-83.874,-309.407
17:47:15,60.974,1117.547,1500,6,0,353.623,-100.363,-309.431
17:47:15,61.07,1089.669,1500,7,0,353.671,-100.032,-309.428
17:47:15,61.191,1059.215,1500,7,0,356.565,-123.719,-309.164
17:47:15,61.279,1057.611,1500,7,0,358.169,-155.176,-309.067
17:47:15,61.37,1006.181,1500,7,0,356.419,-192.419,-309.33
17:47:15,61.455,968.762,1500,7,0,354.468,-208.164,-309.564
17:47:15,61.545,917.042,1500,7,0,354.468,-208.164,-309.564
17:47:15,61.646,879.885,1500,7,0,355.315,-202.182,-309.469
17:47:15,61.739,839.647,1301,7,0,358.233,-168.51,-309.098
17:47:15,61.828,781.155,976,7,0,357.785,-132.531,-309.056
17:47:15,61.916,729.105,687,7,0,354.575,-102.512,-309.322
17:47:15,62.007,654.597,400,7,0,353.433,-95.524,-309.427
17:47:15,62.097,612.758,400,7,0,353.442,-95.599,-309.427
17:47:15,62.189,546.11,400,7,0,354.23,-89.102,-309.42
17:47:15,62.281,465.789,400,7,0,355.191,-82.823,-309.411
17:47:15,62.375,416.201,400,7,0,356.039,-73.277,-309.406
17:47:15,62.466,362.951,400,7,0,356.689,-65.722,-309.4
17:47:15,62.549,334.125,210,7,0,357.135,-56.152,-309.395
17:47:15,62.641,287.967,0,7,0,357.363,-49.827,-309.395
17:47:15,62.744,252.283,0,7,0,357.417,-40.946,-309.395
17:47:15,62.828,241.045,0,7,0,357.245,-31.672,-309.394
17:47:15,62.923,246.298,0,7,0,356.912,-23.27,-309.399
17:47:15,63.013,241.744,0,7,0,356.276,-14.641,-309.404
17:47:15,63.123,221.198,0,7,0,355.312,-4.666,-309.412
17:47:15,63.226,217.403,0,7,0,354.397,4.14,-309.422
17:47:15,63.327,233.835,0,7,0,353.465,10.706,-309.43
17:47:15,63.425,218.458,0,7,0,353.432,10.876,-309.429
17:47:15,63.514,208.568,0,8,0,353.432,10.876,-309.429
17:47:15,63.617,208.608,0,8,0,353.432,10.876,-309.429
17:47:15,63.708,189.798,0,8,0,353.432,10.876,-309.429
17:47:15,63.807,185.178,0,8,0,353.432,10.876,-309.429
17:47:15,63.901,194.108,0,8,0,353.432,10.876,-309.429
17:47:15,63.988,189.648,0,8,0,353.432,10.876,-309.429
17:47:15,64.078,185.088,0,8,0,353.432,10.876,-309.429
17:47:15,64.176,198.748,0,8,0,353.432,10.876,-309.429
17:47:15,64.278,189.438,0,8,0,353.432,10.876,-309.429
17:47:15,64.376,198.848,0,8,0,353.432,10.876,-309.429
17:47:15,64.472,194.358,0,8,0,353.432,10.876,-309.429
17:47:15,64.562,180.878,0,8,0,353.432,10.876,-309.429
17:47:15,64.653,180.718,0,8,0,353.432,10.876,-309.429
17:47:15,64.739,189.648,0,8,0,353.432,10.876,-309.429
17:47:15,64.843,203.598,0,8,0,353.432,10.876,-309.429
17:47:15,64.931,213.248,0,8,0,353.432,10.876,-309.429
17:47:15,65.03,223.488,0,8,0,353.432,10.876,-309.429
17:47:15,65.125,223.628,0,8,0,353.432,10.876,-309.429
17:47:15,65.238,223.568,0,8,0,353.432,10.876,-309.429
17:47:15,65.336,223.568,0,8,0,353.432,10.876,-309.429
17:47:15,65.424,223.568,0,8,0,353.432,10.876,-309.429
17:47:15,65.521,223.568,0,8,0,353.432,10.876,-309.429
17:47:15,65.611,223.568,0,8,0,353.432,10.876,-309.429
17:47:15,65.699,218.458,0,8,0,353.432,10.876,-309.429
17:47:15,65.793,208.508,0,8,0,353.432,10.876,-309.429
17:47:15,65.884,208.508,0,8,0,353.432,10.876,-309.429
17:47:15,65.973,203.668,0,8,0,353.432,10.876,-309.429
17:47:15,66.06,203.668,0,8,0,353.432,10.876,-309.429
17:47:15,66.153,203.668,0,8,0,353.432,10.876,-309.429
17:47:15,66.245,198.978,0,8,0,353.432,10.876,-309.429
17:47:15,66.333,194.328,0,8,0,353.432,10.876,-309.429
17:47:15,66.425,194.328,0,8,0,353.432,10.876,-309.429
17:47:15,66.516,189.768,0,8,0,353.432,10.876,-309.429
17:47:15,66.623,180.878,0,8,0,353.432,10.876,-309.429
17:47:15,66.716,180.878,0,8,0,353.432,10.876,-309.429
17:47:15,66.808,180.928,0,8,0,353.432,10.876,-309.429
17:47:15,66.897,172.408,0,8,0,353.432,10.876,-309.429
17:47:15,67.001,168.358,0,8,0,353.432,10.876,-309.429
17:47:15,67.093,168.358,0,8,0,353.432,10.876,-309.429
17:47:15,67.18,168.358,0,8,0,353.432,10.876,-309.429
17:47:15,67.271,168.358,0,8,0,353.432,10.876,-309.429
17:47:15,67.36,164.308,0,8,0,353.432,10.876,-309.429
17:47:15,67.45,164.308,0,8,0,353.432,10.876,-309.429
17:47:15,67.546,164.308,0,8,0,353.432,10.876,-309.429
17:47:15,67.657,160.398,0,8,0,353.432,10.876,-309.429
17:47:15,67.751,160.338,0,8,0,353.432,10.876,-309.429
17:47:15,67.842,160.338,0,8,0,353.432,10.876,-309.429
17:47:15,67.949,160.338,0,8,0,353.432,10.876,-309.429
17:47:15,68.044,160.338,0,8,0,353.432,10.876,-309.429
17:47:15,68.134,160.338,0,8,0,353.432,10.876,-309.429
17:47:15,68.226,160.338,0,8,0,353.432,10.876,-309.429
17:47:15,68.331,164.248,0,8,0,353.432,10.876,-309.429
17:47:15,68.423,164.248,0,8,0,353.432,10.876,-309.429
17:47:15,68.514,156.578,0,8,0,353.432,10.876,-309.429
17:47:15,68.618,156.448,0,8,0,353.432,10.876,-309.429
17:47:15,68.72,163.668,0,8,0,353.432,10.876,-309.429
17:47:15,68.822,178.138,0,8,0,353.432,10.876,-309.429
17:47:15,68.911,186.098,0,8,0,353.432,10.876,-309.429
17:47:15,69.001,195.118,0,8,0,353.432,10.876,-309.429
17:47:15,69.099,195.118,0,8,0,353.432,10.876,-309.429
17:47:15,69.198,195.518,0,8,0,353.432,10.876,-309.429
17:47:15,69.285,190.948,0,8,0,353.432,10.876,-309.429
17:47:15,69.377,190.948,0,8,0,353.432,10.876,-309.429
17:47:15,69.467,190.948,0,8,0,353.432,10.876,-309.429
17:47:15,69.56,163.118,0,8,0,353.432,10.876,-309.429
17:47:15,69.648,138.938,0,8,0,353.432,10.876,-309.429
17:47:15,69.761,142.238,0,8,0,353.432,10.876,-309.429
17:47:15,69.85,142.118,0,8,0,353.432,10.876,-309.429
17:47:15,69.938,145.478,0,8,0,353.432,10.876,-309.429
17:47:15,70.031,152.638,0,8,0,353.432,10.876,-309.429
17:47:15,70.123,152.638,0,8,0,353.432,10.876,-309.429
17:47:15,70.216,156.248,0,8,0,353.432,10.876,-309.429
17:47:15,70.31,156.248,0,8,0,353.432,10.876,-309.429
17:47:15,70.399,156.248,0,8,0,353.432,10.876,-309.429
17:47:15,70.491,160.058,0,8,0,353.432,10.876,-309.429
17:47:15,70.58,163.958,0,8,0,353.432,10.876,-309.429
17:47:15,70.687,167.948,0,8,0,353.432,10.876,-309.429
17:47:15,70.786,167.948,0,8,0,353.432,10.876,-309.429
17:47:15,70.88,167.948,0,8,0,353.432,10.876,-309.429
17:47:15,70.968,172.038,0,8,0,353.432,10.876,-309.429
17:47:15,71.062,171.898,0,8,0,353.432,10.876,-309.429
17:47:15,71.163,176.068,0,8,0,353.432,10.876,-309.429
17:47:15,71.252,176.068,0,8,0,353.432,10.876,-309.429
17:47:15,71.353,176.068,0,8,0,353.432,10.876,-309.429
17:47:15,71.442,176.218,0,8,0,353.432,10.876,-309.429
17:47:15,71.532,176.218,0,8,0,353.432,10.876,-309.429
17:47:15,71.622,180.478,0,8,0,353.432,10.876,-309.429
17:47:15,71.724,180.478,0,8,0,353.432,10.876,-309.429
17:47:15,71.812,180.478,0,8,0,353.432,10.876,-309.429
17:47:15,71.903,180.338,0,8,0,353.432,10.876,-309.429
17:47:15,71.995,180.338,0,8,0,353.432,10.876,-309.429
17:47:15,72.084,184.698,0,8,0,353.432,10.876,-309.429
17:47:15,72.175,184.698,0,8,0,353.432,10.876,-309.429
17:47:15,72.263,184.698,0,8,0,353.432,10.876,-309.429
17:47:15,72.376,184.698,0,8,0,353.432,10.876,-309.429
17:47:15,72.478,189.148,0,8,0,353.432,10.876,-309.429
17:47:15,72.576,193.688,0,8,0,353.432,10.876,-309.429
17:47:15,72.671,193.688,0,8,0,353.432,10.876,-309.429
17:47:15,72.76,193.688,0,8,0,353.432,10.876,-309.429
17:47:15,72.851,193.688,0,8,0,353.432,10.876,-309.429
17:47:15,72.945,189.148,0,8,0,353.432,10.876,-309.429
17:47:15,73.035,189.148,0,8,0,353.432,10.876,-309.429
17:47:15,73.137,189.148,0,8,0,353.432,10.876,-309.429
17:47:15,73.223,189.148,0,8,0,353.432,10.876,-309.429
17:47:15,73.315,193.688,0,8,0,353.432,10.876,-309.429
17:47:15,73.405,193.688,0,8,0,353.432,10.876,-309.429
17:47:15,73.495,193.688,0,8,0,353.432,10.876,-309.429
17:47:15,73.587,193.688,0,8,0,353.432,10.876,-309.429
17:47:15,73.679,193.508,0,8,0,353.432,10.876,-309.429
17:47:15,73.776,193.508,0,8,0,353.432,10.876,-309.429
17:47:15,73.864,193.508,0,8,0,353.432,10.876,-309.429
17:47:15,73.955,193.508,0,8,0,353.432,10.876,-309.429
17:47:15,74.05,188.968,0,8,0,353.432,10.876,-309.429
17:47:15,74.153,188.968,0,8,0,353.432,10.876,-309.429
17:47:15,74.243,188.968,0,8,0,353.432,10.876,-309.429
17:47:15,74.346,188.968,0,8,0,353.432,10.876,-309.429
17:47:15,74.433,184.518,0,8,0,353.432,10.876,-309.429
17:47:15,74.52,188.968,0,8,0,353.432,10.876,-309.429
17:47:15,74.612,188.968,0,8,0,353.432,10.876,-309.429
17:47:15,74.7,184.328,0,8,0,353.432,10.876,-309.429
17:47:15,74.805,188.558,0,8,0,353.432,10.876,-309.429
17:47:15,74.905,212.128,0,8,0,353.432,10.876,-309.429
17:47:15,74.996,212.588,0,8,0,353.432,10.876,-309.429
17:47:15,75.084,212.368,0,8,0,353.432,10.876,-309.429
17:47:15,75.176,223.078,0,8,0,353.432,10.876,-309.429
17:47:15,75.267,243.458,0,8,0,353.432,10.876,-309.429
17:47:15,75.38,269.608,0,8,0,353.432,10.876,-309.429
17:47:15,75.485,306.138,0,8,0,353.432,10.876,-309.429
17:47:15,75.585,352.078,400,8,0,353.432,10.876,-309.429
17:47:15,75.679,412.918,400,8,0,353.642,10.241,-309.42
17:47:15,75.774,443.295,400,8,0,355.265,5.055,-309.347
17:47:15,75.861,485.173,400,8,0,357.937,-5.85,-309.231
17:47:15,75.961,508.556,400,8,0,360.184,-13.23,-309.135
17:47:15,76.062,583.515,400,8,0,362.305,-22.126,-309.046
17:47:15,76.151,591.501,400,8,0,364.059,-31.644,-310.978
17:47:15,76.245,632.12,400,8,0,365.66,-40.696,-310.913
17:47:15,76.336,642.733,400,8,0,366.997,-48.021,-310.861
17:47:15,76.452,661.704,400,8,0,368.346,-59.345,-310.815
17:47:15,76.561,682.848,430,8,0,369.372,-70.553,-310.78
17:47:15,76.665,736.863,730,8,0,369.997,-79.214,-310.761
17:47:15,76.771,737.658,735,8,0,370.432,-90.215,-310.758
17:47:15,76.865,783.011,987,8,0,370.539,-99.122,-310.762
17:47:15,76.958,854.253,1383,8,0,370.427,-109.963,-310.78
17:47:15,77.056,891.286,1500,8,0,370.074,-118.756,-310.804
17:47:15,77.15,916.461,1500,8,0,369.469,-127.103,-310.84
17:47:15,77.238,967.916,1500,8,0,368.654,-137.806,-310.889
17:47:15,77.332,1004.679,1500,8,0,367.591,-146.48,-310.943
17:47:15,77.42,1034.941,1500,8,0,366.299,-155.125,-309.011
17:47:15,77.538,1036.839,1500,8,0,364.401,-167.709,-309.103
17:47:15,77.625,1079.208,1500,8,0,362.572,-176.317,-309.189
17:47:15,77.718,1080.525,1500,8,0,360.505,-186.912,-309.289
17:47:15,77.81,1096.528,1500,8,0,358.182,-195.512,-309.394
17:47:15,77.919,1126.973,1500,8,0,355.367,-205.227,-309.525
17:47:15,78.005,1156.69,1500,8,0,354.47,-208.162,-309.564
17:47:15,78.097,1171.527,1500,8,0,354.483,-208.237,-309.564
17:47:15,78.202,1183.244,1500,8,0,356.316,-192.353,-309.318
17:47:15,78.292,1167.926,1500,8,0,358.084,-156.956,-309.039
17:47:15,78.384,1197.374,1500,8,0,356.516,-120.771,-309.137
17:47:15,78.475,1200.394,1500,8,0,353.496,-95.168,-309.424
17:47:15,78.573,1200.457,1500,8,0,353.433,-95.524,-309.427
17:47:15,78.661,1200.9,1500,8,0,353.71,-93.389,-309.425
17:47:15,78.753,1198.291,1500,8,0,356.319,-70.575,-309.402
17:47:15,78.859,1197.392,1500,8,0,357.218,-30.301,-309.395
17:47:15,78.955,1199.799,1500,8,0,354.811,0.921,-309.417
17:47:15,79.044,1201.178,1500,8,0,353.432,10.876,-309.429
17:47:15,79.134,1201.145,1500,8,0,353.465,11.134,-309.428
17:47:15,79.23,1198.035,1500,8,0,355.855,32.602,-309.392
17:47:15,79.322,1197.044,1500,8,0,356.846,59.918,-309.383
17:47:15,79.408,1198.526,1500,8,0,355.364,90.95,-309.402
17:47:15,79.507,1200.451,1500,8,0,353.439,108.074,-309.431
17:47:15,79.611,1200.444,1500,8,0,353.446,108.08,-309.432
17:47:15,79.705,1185.442,1500,8,0,354.118,110.892,-309.411
17:47:15,79.796,1182.925,1500,8,0,355.795,119.16,-309.368
17:47:15,79.884,1181.574,1500,8,0,357.146,128.437,-309.336
17:47:15,79.982,1180.676,1500,8,0,358.044,138.497,-309.315
17:47:15,80.068,1180.3,1500,8,0,358.42,148.507,-309.304
17:47:15,80.164,1180.369,1500,8,0,358.351,158.881,-309.302
17:47:15,80.253,1180.854,1500,8,0,357.866,169.146,-309.312
17:47:15,80.342,1182.618,1500,8,0,356.942,180.23,-309.331
17:47:15,80.43,1183.968,1500,8,0,355.592,191.671,-309.363
17:47:15,80.527,1185.375,1500,8,0,354.185,201.34,-309.405
17:47:15,80.615,1186.131,1500,8,0,353.429,206.02,-309.433
17:47:15,80.703,1186.14,1500,8,0,353.42,206.068,-309.431
17:47:15,80.808,1199.917,1500,8,0,353.973,208.327,-309.396
17:47:15,80.896,1196.952,1500,8,0,356.938,224.078,-309.22
17:47:15,80.984,1195.248,1500,8,0,358.642,247.019,-309.128
17:47:15,81.086,1196.069,1500,8,0,357.821,268.406,-309.176
17:47:15,81.179,1199.035,1500,8,0,354.855,290.588,-309.344
17:47:15,81.269,1200.465,1500,8,0,353.425,298.072,-309.426
17:47:15,81.361,1186.09,1500,8,0,353.47,297.852,-309.424
17:47:15,81.48,1182.201,1500,8,0,356.519,279.438,-309.244
17:47:15,81.58,1180.301,1500,8,0,358.419,254.472,-309.135
17:47:15,81.682,1181.169,1500,8,0,357.551,231.74,-309.18
17:47:15,81.791,1184.568,1500,8,0,354.152,210.709,-309.383
17:47:15,81.876,1185.285,1500,8,0,353.435,207.683,-309.431
17:47:15,81.968,1185.229,1500,8,0,353.491,207.357,-309.43
17:47:15,82.061,1184.099,1500,8,0,354.621,200.429,-309.393
17:47:15,82.155,1182.279,1500,8,0,356.441,187.272,-309.34
17:47:15,82.256,1181.092,1500,8,0,357.628,175.929,-309.312
17:47:15,82.343,1180.326,1500,8,0,358.394,164.94,-309.302
17:47:15,82.437,1180.009,1500,8,0,358.711,154.325,-309.297
17:47:15,82.527,1180.146,1500,8,0,358.574,144.075,-309.301
17:47:15,82.62,1180.644,1500,8,0,358.076,135.45,-309.313
17:47:15,82.725,1182.841,1500,8,0,356.719,123.438,-309.345
17:47:15,82.822,1184.633,1500,8,0,354.927,113.548,-309.388
17:47:15,82.917,1201.053,1500,8,0,353.557,107.725,-309.427
17:47:15,83.007,1201.17,1500,8,0,353.44,107.282,-309.43
17:47:15,83.108,1201.482,1500,8,0,353.718,105.314,-309.425
17:47:15,83.198,1198.67,1500,8,0,356.53,76.999,-309.389
17:47:15,83.289,1198.149,1500,8,0,357.051,45.218,-309.382
17:47:15,83.394,1200.413,1500,8,0,354.787,15.044,-309.408
17:47:15,83.478,1201.76,1500,8,0,353.44,5.277,-309.426
17:47:15,83.567,1202.218,1500,8,0,353.452,5.214,-309.427
17:47:15,83.659,1200.405,1500,8,0,355.265,-9.679,-309.407
17:47:15,83.743,1198.274,1500,8,0,357.396,-40.586,-309.384
17:47:15,83.834,1198.787,1500,8,0,356.883,-69.717,-309.393
17:47:15,83.928,1201.192,1500,8,0,354.008,-97.006,-309.429
17:47:15,84.023,1200.987,1500,9,0,353.623,-100.327,-309.432
17:47:15,84.116,1200.219,1500,9,0,353.671,-100.032,-309.428
17:47:15,84.199,1197.801,1500,9,0,356.089,-118.27,-309.202
17:47:15,84.285,1195.775,1500,9,0,358.115,-151.901,-309.058
17:47:15,84.372,1197.031,1500,9,0,356.859,-187.206,-309.276
17:47:15,84.462,1199.409,1500,9,0,354.481,-208.22,-309.566
17:47:15,84.566,1199.415,1500,9,0,354.475,-208.185,-309.563
17:47:15,84.665,1197.367,1500,9,0,356.523,-192.483,-309.323
17:47:15,84.748,1195.45,1500,9,0,358.44,-160.448,-309.053
17:47:15,84.832,1196.666,1500,9,0,357.224,-124.174,-309.094
17:47:15,84.933,1199.374,1500,9,0,353.666,-96.193,-309.409
17:47:15,85.015,1199.607,1500,9,0,353.433,-95.524,-309.427
17:47:15,85.098,1199.502,1500,9,0,353.538,-94.24,-309.427
17:47:15,85.183,1196.513,1500,9,0,356.527,-67.325,-309.4
17:47:15,85.286,1195.675,1500,9,0,357.365,-36.855,-309.394
17:47:15,85.381,1197.369,1500,9,0,355.671,-7.266,-309.408
17:47:15,85.472,1199.6,1500,9,0,353.44,10.815,-309.429
17:47:15,85.557,1199.575,1500,9,0,353.465,11.134,-309.428
17:47:15,85.66,1197.499,1500,9,0,355.541,28.789,-309.398
17:47:15,85.749,1196.197,1500,9,0,356.843,58.588,-309.382
17:47:15,85.84,1183.231,1500,9,0,355.489,89.581,-309.401
17:47:15,85.929,1185.221,1500,9,0,353.499,107.586,-309.428
17:47:15,86.026,1185.281,1500,9,0,353.439,108.074,-309.431
17:47:15,86.12,1185.165,1500,9,0,353.555,108.551,-309.426
17:47:15,86.2,1184.045,1500,9,0,354.675,113.367,-309.396
17:47:15,86.301,1182.218,1500,9,0,356.502,123.553,-309.35
17:47:15,86.388,1181.223,1500,9,0,357.497,131.745,-309.328
17:47:15,86.472,1180.514,1500,9,0,358.206,141.508,-309.312
17:47:15,86.576,1180.277,1500,9,0,358.443,152.969,-309.303
17:47:15,86.665,1180.506,1500,9,0,358.214,162.576,-309.304
17:47:15,86.748,1181.169,1500,9,0,357.551,173.44,-309.316
17:47:15,86.848,1182.257,1500,9,0,356.463,184.665,-309.339
17:47:15,86.94,1182.799,1500,9,0,354.961,196.241,-309.383
17:47:15,87.031,1184.136,1500,9,0,353.624,204.857,-309.425
17:47:15,87.12,1184.34,1500,9,0,353.42,206.068,-309.431
17:47:15,87.212,1184.294,1500,9,0,353.466,206.242,-309.428
17:47:15,87.328,1181.615,1500,9,0,356.145,218.964,-309.265
17:47:15,87.433,1179.34,1500,9,0,358.42,239.828,-309.14
17:47:15,87.519,1180.369,1500,9,0,358.351,260.844,-309.146
17:47:15,87.608,1182.616,1500,9,0,356.104,282.915,-309.272
17:47:15,87.699,1171.844,1500,9,0,353.466,297.899,-309.426
17:47:15,87.791,1157.735,1500,9,0,353.425,298.072,-309.426
17:47:15,87.882,1143.563,1500,9,0,353.537,297.515,-309.422
17:47:15,87.975,1125.821,1500,9,0,356.519,279.438,-309.244
17:47:15,88.069,1081.804,1500,9,0,358.346,257.285,-309.138
17:47:15,88.163,1055.995,1500,9,0,357.935,236.19,-309.161
17:47:15,88.245,1031.097,1500,9,0,355.293,216.154,-309.312
17:47:15,88.339,994.375,1500,9,0,353.435,207.683,-309.431
17:47:15,88.428,955.815,1500,9,0,353.435,207.683,-309.431
17:47:15,88.528,917.876,1500,9,0,353.634,206.525,-309.422
17:47:15,88.619,855.462,1389,9,0,354.998,197.938,-309.38
17:47:15,88.709,769.449,911,9,0,356.561,186.27,-309.336
17:47:15,88.807,702.187,538,9,0,357.713,174.954,-309.31
17:47:15,88.901,645.422,400,9,0,358.438,164.006,-309.3
17:47:15,88.995,584.464,400,9,0,358.716,153.422,-309.296
17:47:15,89.091,565.54,400,9,0,358.48,141.89,-309.301
17:47:15,89.186,531.424,400,9,0,357.776,132.085,-309.32
17:47:15,89.275,486.391,400,9,0,356.719,123.438,-309.345
17:47:15,89.363,471.092,400,9,0,354.848,113.182,-309.391
17:47:15,89.463,447.983,400,9,0,353.557,107.725,-309.427
17:47:15,89.567,415.27,400,9,0,353.44,107.282,-309.43
17:47:15,89.653,399.961,400,9,0,353.479,106.992,-309.43
17:47:15,89.747,370.127,400,9,0,354.423,99.903,-309.419
17:47:15,89.843,341.549,303,9,0,355.401,91.135,-309.405
17:47:15,89.937,319.589,28,9,0,356.161,82.438,-309.393
17:47:15,90.022,238.846,0,9,0,356.654,74.928,-309.389
17:47:15,90.104,264.353,0,9,0,357.027,66.355,-309.383
17:47:15,90.212,241.194,0,9,0,357.186,56.767,-309.378
17:47:15,90.297,281.39,0,9,0,357.12,48.371,-309.381
17:47:15,90.405,305.333,0,9,0,356.807,38.991,-309.383
17:47:15,90.5,319.004,21,9,0,356.316,30.793,-309.391
17:47:15,90.608,326.054,109,9,0,355.516,21.645,-309.399
17:47:15,90.691,325.896,107,9,0,354.614,13.668,-309.41
17:47:15,90.783,331.816,181,9,0,353.614,6.425,-309.425
17:47:15,90.872,330.57,165,9,0,353.44,5.277,-309.426
17:47:15,90.956,328.18,136,9,0,353.44,5.277,-309.426
17:47:15,91.059,334.901,220,9,0,353.489,4.959,-309.427
17:47:15,91.151,316.785,0,9,0,353.855,2.492,-309.421
17:47:15,91.258,264.235,0,9,0,354.285,-1.48,-309.416
17:47:15,91.346,197.785,0,9,0,354.625,-4.944,-309.414
17:47:15,91.435,179.417,0,9,0,354.973,-6.163,-309.409
17:47:15,91.527,183.112,0,9,0,355.298,-9.371,-309.405
17:47:15,91.615,173.894,0,9,0,355.606,-12.576,-309.401
17:47:15,91.708,181.422,0,9,0,355.898,-15.652,-309.397
17:47:15,91.793,185.364,0,9,0,356.126,-17.212,-309.396
17:47:15,91.884,180.437,0,9,0,356.363,-20.402,-309.393
17:47:15,91.991,175.862,0,9,0,356.608,-23.212,-309.391
17:47:15,92.074,175.393,0,9,0,356.797,-26.39,-309.388
17:47:15,92.165,171.007,0,9,0,356.953,-29.805,-309.388
17:47:15,92.253,170.858,0,9,0,357.102,-32.972,-309.386
17:47:15,92.35,170.726,0,9,0,357.234,-35.888,-309.385
17:47:15,92.458,174.836,0,9,0,357.354,-38.303,-309.383
17:47:15,92.555,170.543,0,9,0,357.417,-41.823,-309.384
17:47:15,92.635,170.506,0,9,0,357.454,-43.218,-309.385
17:47:15,92.72,170.185,0,9,0,357.485,-46.362,-309.384
17:47:15,92.815,170.471,0,9,0,357.489,-49.75,-309.383
17:47:15,92.9,170.766,0,9,0,357.474,-52.889,-309.386
17:47:15,92.991,171.068,0,9,0,357.432,-54.025,-309.386
17:47:15,93.103,167.0,0,9,0,357.35,-58.531,-309.386
17:47:15,93.196,167.095,0,9,0,357.255,-61.655,-309.386
17:47:15,93.287,167.193,0,9,0,357.157,-63.031,-309.389
17:47:15,93.409,167.385,0,9,0,356.965,-67.151,-309.392
17:47:15,93.499,167.565,0,9,0,356.785,-70.143,-309.394
17:47:15,93.612,167.775,0,9,0,356.575,-73.008,-309.397
17:47:15,93.702,168.023,0,9,0,356.327,-77.746,-309.402
17:47:15,93.813,168.342,0,9,0,356.008,-80.101,-309.405
17:47:15,93.912,168.58,0,9,0,355.77,-83.59,-309.409
17:47:15,94.003,168.894,0,9,0,355.456,-86.573,-309.412
17:47:15,94.103,169.245,0,9,0,355.105,-89.429,-309.417
17:47:15,94.189,169.596,0,9,0,354.754,-92.539,-309.42
17:47:15,94.279,169.971,0,9,0,354.379,-95.648,-309.423
17:47:15,94.37,170.342,0,9,0,354.008,-97.007,-309.429
17:47:15,94.452,170.659,0,9,0,353.691,-100.732,-309.433
17:47:15,94.542,170.727,0,9,0,353.623,-100.327,-309.432
17:47:15,94.632,174.877,0,10,0,353.623,-100.327,-309.432
17:47:15,94.727,174.877,0,10,0,353.623,-100.327,-309.432
17:47:15,94.828,174.877,0,10,0,353.623,-100.327,-309.432
17:47:15,94.925,174.877,0,10,0,353.623,-100.327,-309.432
17:47:15,95.016,174.877,0,10,0,353.623,-100.327,-309.432
17:47:15,95.109,174.877,0,10,0,353.623,-100.327,-309.432
17:47:15,95.2,174.877,0,10,0,353.623,-100.327,-309.432
17:47:15,95.292,174.877,0,10,0,353.623,-100.327,-309.432
17:47:15,95.379,170.957,0,10,0,353.623,-100.327,-309.432
17:47:15,95.474,170.957,0,10,0,353.623,-100.327,-309.432
17:47:15,95.564,170.957,0,10,0,353.623,-100.327,-309.432
17:47:15,95.651,170.957,0,10,0,353.623,-100.327,-309.432
17:47:15,95.748,171.167,0,10,0,353.623,-100.327,-309.432
17:47:15,95.842,171.167,0,10,0,353.623,-100.327,-309.432
17:47:15,95.97,175.327,0,10,0,353.623,-100.327,-309.432
17:47:15,96.062,179.587,0,10,0,353.623,-100.327,-309.432
17:47:15,96.153,192.897,0,10,0,353.623,-100.327,-309.432
17:47:15,96.244,212.177,0,10,0,353.623,-100.327,-309.432
17:47:15,96.341,222.267,0,10,0,353.623,-100.327,-309.432
17:47:15,96.435,232.957,0,10,0,353.623,-100.327,-309.432
17:47:15,96.527,238.327,0,10,0,353.623,-100.327,-309.432
17:47:15,96.615,238.327,0,10,0,353.623,-100.327,-309.432
17:47:15,96.707,243.537,0,10,0,353.623,-100.327,-309.432
17:47:15,96.814,243.537,0,10,0,353.623,-100.327,-309.432
17:47:15,96.898,243.537,0,10,0,353.623,-100.327,-309.432
17:47:15,97.004,243.537,0,10,0,353.623,-100.327,-309.432
17:47:15,97.096,238.087,0,10,0,353.623,-100.327,-309.432
17:47:15,97.195,232.717,0,10,0,353.623,-100.327,-309.432
17:47:15,97.281,232.717,0,10,0,353.623,-100.327,-309.432
17:47:15,97.383,232.717,0,10,0,353.623,-100.327,-309.432
17:47:15,97.475,232.717,0,10,0,353.623,-100.327,-309.432
17:47:15,97.569,232.717,0,10,0,353.623,-100.327,-309.432
17:47:15,97.663,197.267,0,10,0,353.623,-100.327,-309.432
17:47:15,97.753,192.387,0,10,0,353.623,-100.327,-309.432
17:47:15,97.846,187.597,0,10,0,353.623,-100.327,-309.432
17:47:15,97.937,183.177,0,10,0,353.623,-100.327,-309.432
17:47:15,98.024,183.177,0,10,0,353.623,-100.327,-309.432
17:47:15,98.113,183.177,0,10,0,353.623,-100.327,-309.432
17:47:15,98.222,183.177,0,10,0,353.623,-100.327,-309.432
17:47:15,98.317,178.847,0,10,0,353.623,-100.327,-309.432
17:47:15,98.407,174.617,0,10,0,353.623,-100.327,-309.432
17:47:15,98.505,174.877,0,10,0,353.623,-100.327,-309.432
17:47:15,98.615,175.117,0,10,0,353.623,-100.327,-309.432
17:47:15,98.72,175.327,0,10,0,353.623,-100.327,-309.432
17:47:15,98.818,175.327,0,10,0,353.623,-100.327,-309.432
17:47:15,98.91,175.327,0,10,0,353.623,-100.327,-309.432
17:47:15,99.005,175.327,0,10,0,353.623,-100.327,-309.432
17:47:15,99.092,175.327,0,10,0,353.623,-100.327,-309.432
17:47:15,99.182,175.327,0,10,0,353.623,-100.327,-309.432
17:47:15,99.272,175.327,0,10,0,353.623,-100.327,-309.432
17:47:15,99.362,171.167,0,10,0,353.623,-100.327,-309.432
17:47:15,99.454,171.167,0,10,0,353.623,-100.327,-309.432
17:47:15,99.556,171.167,0,10,0,353.623,-100.327,-309.432
17:47:15,99.644,171.167,0,10,0,353.623,-100.327,-309.432
17:47:15,99.735,171.167,0,10,0,353.623,-100.327,-309.432
17:47:15,99.836,171.167,0,10,0,353.623,-100.327,-309.432
17:47:15,99.925,171.367,0,10,0,353.623,-100.327,-309.432
17:47:15,100.016,171.367,0,10,0,353.623,-100.327,-309.432
17:47:15,100.105,171.367,0,10,0,353.623,-100.327,-309.432
17:47:15,100.196,175.117,0,10,0,353.623,-100.327,-309.432
17:47:15,100.289,175.117,0,10,0,353.623,-100.327,-309.432
17:47:15,100.379,175.117,0,10,0,353.623,-100.327,-309.432
17:47:15,100.472,174.877,0,10,0,353.623,-100.327,-309.432
17:47:15,100.576,175.117,0,10,0,353.623,-100.327,-309.432
17:47:15,100.68,175.537,0,10,0,353.623,-100.327,-309.432
17:47:15,100.769,175.537,0,10,0,353.623,-100.327,-309.432
17:47:15,100.868,175.327,0,10,0,353.623,-100.327,-309.432
17:47:15,100.973,179.587,0,10,0,353.623,-100.327,-309.432
17:47:15,101.078,179.787,0,10,0,353.623,-100.327,-309.432
17:47:15,101.177,179.787,0,10,0,353.623,-100.327,-309.432
17:47:15,101.288,179.787,0,10,0,353.623,-100.327,-309.432
17:47:15,101.413,179.787,0,10,0,353.623,-100.327,-309.432
17:47:15,101.504,179.787,0,10,0,353.623,-100.327,-309.432
17:47:15,101.595,179.977,0,10,0,353.623,-100.327,-309.432
17:47:15,101.681,179.787,0,10,0,353.623,-100.327,-309.432
17:47:15,101.777,179.787,0,10,0,353.623,-100.327,-309.432
17:47:15,101.861,184.137,0,10,0,353.623,-100.327,-309.432
17:47:15,101.955,184.327,0,10,0,353.623,-100.327,-309.432
17:47:15,102.049,184.327,0,10,0,353.623,-100.327,-309.432
17:47:15,102.148,184.327,0,10,0,353.623,-100.327,-309.432
17:47:15,102.245,184.507,0,10,0,353.623,-100.327,-309.432
17:47:15,102.356,188.957,0,10,0,353.623,-100.327,-309.432
17:47:15,102.447,188.957,0,10,0,353.623,-100.327,-309.432
17:47:15,102.536,188.957,0,10,0,353.623,-100.327,-309.432
17:47:15,102.627,193.497,0,10,0,353.623,-100.327,-309.432
17:47:15,102.724,193.497,0,10,0,353.623,-100.327,-309.432
17:47:15,102.814,188.957,0,10,0,353.623,-100.327,-309.432
17:47:15,102.904,188.957,0,10,0,353.623,-100.327,-309.432
17:47:15,103.009,193.497,0,10,0,353.623,-100.327,-309.432
17:47:15,103.097,206.777,0,10,0,353.623,-100.327,-309.432
17:47:15,103.189,216.027,0,10,0,353.623,-100.327,-309.432
17:47:15,103.277,225.497,0,10,0,353.623,-100.327,-309.432
17:47:15,103.37,230.307,0,10,0,353.623,-100.327,-309.432
17:47:15,103.458,274.307,0,10,0,353.623,-100.327,-309.432
17:47:15,103.547,305.337,0,10,0,353.623,-100.327,-309.432
17:47:15,103.651,323.657,79,10,0,353.623,-100.327,-309.432
17:47:15,103.739,392.503,400,10,0,353.657,-100.121,-309.429
17:47:15,103.842,517.117,400,10,0,353.943,-102.303,-309.399
17:47:15,103.936,561.279,400,10,0,354.191,-104.745,-309.379
17:47:15,104.025,618.141,400,10,0,354.459,-106.952,-309.35
17:47:15,104.113,679.155,410,10,0,354.735,-107.072,-309.325
17:47:15,104.203,750.144,804,10,0,354.986,-109.263,-309.302
17:47:15,104.294,841.091,1309,10,0,355.229,-111.455,-309.281
17:47:15,104.387,913.636,1500,10,0,355.464,-113.642,-309.26
17:47:15,104.48,937.383,1500,10,0,355.687,-115.82,-309.241
17:47:15,104.568,1004.984,1500,10,0,355.876,-116.234,-309.223
17:47:15,104.655,1045.166,1500,10,0,356.074,-118.411,-309.205
17:47:15,104.746,1033.402,1500,10,0,356.268,-120.581,-309.185
17:47:15,104.841,1059.995,1500,10,0,356.455,-122.741,-309.169
17:47:15,104.927,1086.997,1500,10,0,356.623,-123.063,-309.158
17:47:15,105.018,1086.538,1500,10,0,356.802,-125.135,-309.144
17:47:15,105.109,1100.406,1500,10,0,356.944,-127.448,-309.13
17:47:15,105.2,1100.432,1500,10,0,357.098,-129.588,-309.119
17:47:15,105.299,1128.06,1500,10,0,357.25,-131.574,-309.107
17:47:15,105.388,1127.925,1500,10,0,357.385,-133.631,-309.097
17:47:15,105.477,1141.804,1500,10,0,357.516,-135.599,-309.088
17:47:15,105.581,1169.93,1500,10,0,357.61,-137.891,-309.082
17:47:15,105.668,1198.471,1500,10,0,357.709,-138.019,-309.073
17:47:15,105.768,1212.907,1500,10,0,357.813,-141.89,-309.07
17:47:15,105.858,1227.316,1500,10,0,357.894,-142.008,-309.067
17:47:15,105.95,1227.319,1500,10,0,357.961,-144.124,-309.061
17:47:15,106.044,1198.242,1500,10,0,358.018,-146.478,-309.062
17:47:15,106.15,1212.643,1500,10,0,358.077,-148.171,-309.059
17:47:15,106.253,1183.756,1500,10,0,358.124,-151.774,-309.06
17:47:15,106.357,1212.499,1500,10,0,358.151,-153.872,-309.063
17:47:15,106.464,1227.12,1500,10,0,358.16,-155.8,-309.064
17:47:15,106.553,1241.764,1500,10,0,358.166,-157.891,-309.069
17:47:15,106.64,1256.518,1500,10,0,358.162,-159.978,-309.075
17:47:15,106.733,1271.296,1500,10,0,358.144,-161.977,-309.082
17:47:15,106.822,1286.25,1500,10,0,358.12,-162.223,-309.086
17:47:15,106.915,1256.514,1500,10,0,358.086,-164.3,-309.095
17:47:15,107.024,1256.568,1500,10,0,358.032,-166.117,-309.105
17:47:15,107.112,1256.624,1500,10,0,357.976,-168.187,-309.116
17:47:15,107.204,1256.691,1500,10,0,357.909,-170.254,-309.129
17:47:15,107.295,1242.12,1500,10,0,357.81,-172.064,-309.141
17:47:15,107.395,1242.2,1500,10,0,357.73,-174.29,-309.156
17:47:15,107.485,1242.302,1500,10,0,357.628,-176.35,-309.168
17:47:15,107.588,1242.423,1500,10,0,357.507,-178.149,-309.189
17:47:15,107.676,1242.546,1500,10,0,357.384,-180.196,-309.207
17:47:15,107.766,1242.681,1500,10,0,357.249,-182.246,-309.222
17:47:15,107.857,1242.84,1500,10,0,357.09,-184.036,-309.247
17:47:15,107.958,1243.0,1500,10,0,356.93,-186.075,-309.264
17:47:15,108.064,1243.175,1500,10,0,356.755,-189.944,-309.291
17:47:15,108.154,1243.366,1500,10,0,356.564,-191.983,-309.31
17:47:15,108.244,1243.484,1500,10,0,356.376,-192.019,-309.334
17:47:15,108.341,1243.693,1500,10,0,356.167,-195.966,-309.36
17:47:15,108.429,1243.899,1500,10,0,355.961,-197.993,-309.388
17:47:15,108.521,1229.443,1500,10,0,355.767,-198.28,-309.41
17:47:15,108.619,1229.713,1500,10,0,355.497,-201.961,-309.445
17:47:15,108.744,1230.013,1500,10,0,355.197,-203.553,-309.478
17:47:15,108.83,1230.272,1500,10,0,354.938,-205.569,-309.51
17:47:15,108.924,1230.539,1500,10,0,354.671,-207.588,-309.542
17:47:15,109.026,1230.739,1500,10,0,354.471,-208.169,-309.564
17:47:15,109.112,1230.742,1500,10,0,354.468,-208.164,-309.564
17:47:15,109.203,1230.137,1500,10,0,355.073,-204.389,-309.496
17:47:15,109.291,1227.117,1500,10,0,358.093,-171.32,-309.117
17:47:15,109.384,1227.235,1500,10,0,357.975,-135.445,-309.044
17:47:15,109.476,1230.635,1500,10,0,354.575,-102.512,-309.322
17:47:15,109.567,1231.777,1500,10,0,353.433,-95.524,-309.427
17:47:15,109.663,1231.623,1500,10,0,353.587,-94.554,-309.425
17:47:15,109.756,1228.891,1500,10,0,356.319,-70.575,-309.402
17:47:15,109.848,1227.807,1500,10,0,357.403,-38.125,-309.394
17:47:15,109.938,1229.159,1500,10,0,356.051,-11.235,-309.406
17:47:15,110.033,1231.702,1500,10,0,353.508,10.422,-309.43
17:47:15,110.115,1231.769,1500,10,0,353.441,10.895,-309.43
17:47:15,110.208,1215.23,1500,10,0,355.42,27.524,-309.399
17:47:15,110.303,1213.844,1500,10,0,356.806,53.318,-309.381
17:47:15,110.395,1214.638,1500,10,0,356.012,82.756,-309.391
17:47:15,110.48,1217.121,1500,10,0,353.529,107.325,-309.429
17:47:15,110.571,1217.211,1500,10,0,353.439,108.074,-309.431
17:47:15,110.665,1217.138,1500,10,0,353.512,108.376,-309.428
17:47:15,110.758,1215.975,1500,10,0,354.675,113.367,-309.396
17:47:15,110.862,1214.214,1500,10,0,356.436,123.146,-309.35
17:47:15,110.951,1213.153,1500,10,0,357.497,131.745,-309.328
17:47:15,111.054,1212.386,1500,10,0,358.264,142.806,-309.311
17:47:15,111.143,1212.207,1500,10,0,358.443,152.969,-309.303
17:47:15,111.24,1212.539,1500,10,0,358.111,164.905,-309.307
17:47:15,111.332,1213.298,1500,10,0,357.352,175.853,-309.321
17:47:15,111.421,1214.307,1500,10,0,356.343,185.657,-309.342
17:47:15,111.516,1215.839,1500,10,0,354.811,197.258,-309.387
17:47:15,111.603,1217.088,1500,10,0,353.562,205.206,-309.426
17:47:15,111.696,1217.23,1500,10,0,353.42,206.068,-309.431
17:47:15,111.783,1216.994,1500,10,0,353.466,206.242,-309.428
17:47:15,111.88,1214.761,1500,10,0,355.699,216.434,-309.292
17:47:15,111.967,1212.197,1500,10,0,358.263,237.153,-309.147
17:47:15,112.058,1211.975,1500,10,0,358.485,258.05,-309.139
17:47:15,112.148,1213.682,1500,10,0,356.778,278.03,-309.234
17:47:15,112.24,1216.828,1500,10,0,353.632,297.092,-309.419
17:47:15,112.331,1217.035,1500,10,0,353.425,298.072,-309.426
17:47:15,112.416,1217.18,1500,10,0,353.47,297.852,-309.424
17:47:15,112.513,1214.131,1500,10,0,356.519,279.438,-309.244
17:47:15,112.612,1212.304,1500,10,0,358.346,257.285,-309.138
17:47:15,112.7,1212.587,1500,10,0,358.063,237.985,-309.151
17:47:15,112.788,1215.042,1500,10,0,355.608,217.833,-309.294
17:47:15,112.883,1217.218,1500,10,0,353.432,207.681,-309.427
17:47:15,112.97,1217.218,1500,10,0,353.432,207.673,-309.43
17:47:15,113.081,1216.722,1500,10,0,353.928,204.786,-309.416
17:47:15,113.167,1215.128,1500,10,0,355.522,194.354,-309.367
17:47:15,113.259,1213.795,1500,10,0,356.855,183.781,-309.332
17:47:15,113.353,1212.636,1500,10,0,358.014,171.11,-309.305
17:47:15,113.463,1212.003,1500,10,0,358.647,157.98,-309.296
17:47:15,113.556,1211.976,1500,10,0,358.674,147.593,-309.297
17:47:15,113.646,1212.36,1500,10,0,358.29,138.439,-309.307
17:47:15,113.748,1213.327,1500,10,0,357.323,127.933,-309.331
17:47:15,113.838,1214.719,1500,10,0,355.931,118.636,-309.363
17:47:15,113.927,1216.335,1500,10,0,354.315,110.839,-309.405
17:47:15,114.015,1217.205,1500,10,0,353.445,107.306,-309.427
17:47:15,114.107,1217.21,1500,10,0,353.44,107.282,-309.43
17:47:15,114.197,1217.165,1500,10,0,353.485,106.985,-309.43
17:47:15,114.289,1214.403,1500,10,0,356.247,81.23,-309.395
17:47:15,114.385,1213.508,1500,10,0,357.142,49.295,-309.379
17:47:15,114.482,1215.443,1500,10,0,355.207,18.643,-309.404
17:47:15,114.574,1217.21,1500,10,0,353.44,5.277,-309.426
17:47:15,114.664,1217.209,1500,10,0,353.441,5.257,-309.426
17:47:15,114.763,1215.087,1500,10,0,355.563,-11.038,-309.403
17:47:15,114.852,1213.203,1500,10,0,357.447,-43.854,-309.382
17:47:15,114.94,1213.944,1500,10,0,356.706,-72.95,-309.394
17:47:15,115.036,1216.718,1500,10,0,353.932,-98.443,-309.429
17:47:15,115.12,1217.027,1500,11,0,353.623,-100.327,-309.432
17:47:15,115.22,1216.711,1500,11,0,353.939,-102.349,-309.402
17:47:15,115.322,1213.331,1500,11,0,357.319,-132.546,-309.104
17:47:15,115.406,1212.787,1500,11,0,357.863,-171.302,-309.132
17:47:15,115.505,1215.615,1500,11,0,355.035,-204.314,-309.497
17:47:15,115.609,1216.182,1500,11,0,354.468,-208.164,-309.564
17:47:15,115.698,1216.133,1500,11,0,354.517,-208.486,-309.559
17:47:15,115.793,1212.911,1500,11,0,357.739,-178.918,-309.166
17:47:15,115.895,1212.397,1500,11,0,358.253,-141.257,-309.031
17:47:15,115.985,1215.397,1500,11,0,355.253,-107.874,-309.262
17:47:15,116.072,1217.217,1500,11,0,353.433,-95.524,-309.427
17:47:15,116.167,1217.181,1500,11,0,353.469,-95.802,-309.425
17:47:15,116.272,1214.331,1500,11,0,356.319,-70.575,-309.402
17:47:15,116.378,1213.322,1500,11,0,357.328,-34.217,-309.392
17:47:15,116.473,1215.402,1500,11,0,355.248,-3.242,-309.414
17:47:15,116.574,1217.218,1500,11,0,353.432,10.876,-309.429
17:47:15,116.666,1217.083,1500,11,0,353.567,11.817,-309.427
17:47:15,116.764,1214.52,1500,11,0,356.13,36.435,-309.391
17:47:15,116.865,1213.844,1500,11,0,356.806,63.901,-309.382
17:47:15,116.952,1215.665,1500,11,0,354.985,94.989,-309.409
17:47:15,117.043,1217.211,1500,11,0,353.439,108.074,-309.431
17:47:15,117.136,1217.2,1500,11,0,353.45,108.104,-309.429
17:47:15,117.245,1216.397,1500,11,0,354.253,111.44,-309.41
17:47:15,117.336,1214.714,1500,11,0,355.936,119.952,-309.366
17:47:15,117.432,1213.414,1500,11,0,357.236,129.256,-309.334
17:47:15,117.522,1212.639,1500,11,0,358.011,138.066,-309.315
17:47:15,117.608,1212.23,1500,11,0,358.42,148.507,-309.304
17:47:15,117.711,1212.38,1500,11,0,358.27,161.183,-309.303
17:47:15,117.819,1212.987,1500,11,0,357.663,171.999,-309.313
17:47:15,117.905,1214.019,1500,11,0,356.631,183.183,-309.339
17:47:15,118.012,1215.689,1500,11,0,354.961,196.241,-309.383
17:47:15,118.103,1216.956,1500,11,0,353.694,204.444,-309.423
17:47:15,118.2,1217.23,1500,11,0,353.42,206.068,-309.431
17:47:15,118.295,1217.229,1500,11,0,353.421,206.079,-309.432
17:47:15,118.408,1215.277,1500,11,0,355.373,214.772,-309.311
17:47:15,118.505,1212.387,1500,11,0,358.263,237.153,-309.147
17:47:15,118.591,1212.165,1500,11,0,358.485,258.05,-309.139
17:47:15,118.684,1214.127,1500,11,0,356.523,279.984,-309.249
17:47:15,118.787,1217.219,1500,11,0,353.431,298.037,-309.426
17:47:15,118.888,1217.225,1500,11,0,353.425,298.072,-309.426
17:47:15,118.979,1217.068,1500,11,0,353.582,297.268,-309.414
17:47:15,119.069,1213.885,1500,11,0,356.765,277.465,-309.229
17:47:15,119.167,1212.253,1500,11,0,358.397,255.405,-309.134
17:47:15,119.265,1212.937,1500,11,0,357.713,233.512,-309.17
17:47:15,119.353,1215.513,1500,11,0,355.137,215.339,-309.321
17:47:15,119.443,1217.215,1500,11,0,353.435,207.683,-309.431
17:47:15,119.531,1231.778,1500,11,0,353.432,207.673,-309.43
17:47:15,119.645,1231.125,1500,11,0,354.085,203.782,-309.407
17:47:15,119.739,1229.483,1500,11,0,355.727,192.826,-309.359
17:47:15,119.832,1228.094,1500,11,0,357.116,181.308,-309.323
17:47:15,119.919,1227.236,1500,11,0,357.974,171.587,-309.305
17:47:15,120.014,1226.643,1500,11,0,358.567,160.74,-309.295
17:47:15,120.11,1226.511,1500,11,0,358.699,148.935,-309.298
17:47:15,120.199,1226.895,1500,11,0,358.315,138.862,-309.306
17:47:15,120.305,1227.747,1500,11,0,357.463,129.165,-309.324
17:47:15,120.395,1229.076,1500,11,0,356.134,119.827,-309.358
17:47:15,120.486,1216.468,1500,11,0,354.182,110.273,-309.408
17:47:15,120.58,1217.205,1500,11,0,353.445,107.292,-309.43
17:47:15,120.671,1217.21,1500,11,0,353.44,107.282,-309.43
17:47:15,120.757,1231.657,1500,11,0,353.553,106.527,-309.429
17:47:15,120.852,1228.563,1500,11,0,356.437,78.409,-309.39
17:47:15,120.951,1213.372,1500,11,0,357.088,46.576,-309.381
17:47:15,121.049,1215.207,1500,11,0,354.923,16.197,-309.407
17:47:15,121.136,1187.41,1500,11,0,353.44,5.277,-309.426
17:47:15,121.232,1172.532,1500,11,0,353.478,5.006,-309.427
17:47:15,121.344,1141.45,1500,11,0,356.32,-20.962,-309.394
17:47:15,121.45,1126.977,1500,11,0,357.363,-58.751,-309.385
17:47:15,121.548,1101.566,1500,11,0,355.084,-89.25,-309.414
17:47:15,121.636,1062.157,1500,12,0,353.623,-100.327,-309.432
17:47:15,121.727,1022.459,1500,12,0,353.671,-100.032,-309.428
17:47:15,121.818,993.335,1500,12,0,356.565,-123.719,-309.164
17:47:15,121.905,915.68,1500,12,0,358.16,-158.023,-309.073
17:47:15,121.994,880.213,1500,12,0,356.567,-191.988,-309.31
17:47:15,122.079,810.842,1141,12,0,354.468,-208.164,-309.564
17:47:15,122.176,753.746,824,12,0,354.504,-208.41,-309.559
17:47:15,122.307,717.793,624,12,0,357.297,-184.837,-309.225
17:47:15,122.413,663.274,400,12,0,358.466,-158.333,-309.049
17:47:15,122.51,633.007,400,12,0,357.563,-129.916,-309.072
17:47:15,122.599,585.77,400,12,0,354.69,-103.77,-309.311
17:47:15,122.69,530.577,400,12,0,353.433,-95.524,-309.427
17:47:15,122.797,467.941,400,12,0,353.449,-95.647,-309.426
17:47:15,122.906,450.361,400,12,0,354.279,-89.473,-309.418
17:47:15,122.998,385.656,400,12,0,355.314,-81.923,-309.412
17:47:15,123.089,348.278,387,12,0,356.142,-72.376,-309.405
17:47:15,123.178,313.424,0,12,0,356.756,-64.82,-309.398
17:47:15,123.269,276.135,0,12,0,357.175,-55.249,-309.394
17:47:15,123.358,282.092,0,12,0,357.388,-46.021,-309.393
17:47:15,123.451,288.168,0,12,0,357.412,-39.313,-309.394
17:47:15,123.542,288.235,0,12,0,357.245,-31.672,-309.394
17:47:15,123.629,282.401,0,12,0,356.849,-22.356,-309.399
17:47:15,123.721,259.234,0,12,0,356.276,-14.641,-309.404
17:47:15,123.838,248.648,0,12,0,355.312,-4.666,-309.412
17:47:15,123.929,238.712,0,12,0,354.298,4.85,-309.42
17:47:15,124.034,267.878,0,12,0,353.442,10.872,-309.43
17:47:15,124.133,273.838,0,12,0,353.432,10.876,-309.429
17:47:15,124.233,298.468,0,13,0,353.432,10.876,-309.429
17:47:15,124.334,304.438,0,13,0,353.432,10.876,-309.429
17:47:15,124.423,303.698,0,13,0,353.432,10.876,-309.429
17:47:15,124.513,273.358,0,13,0,353.432,10.876,-309.429
17:47:15,124.604,291.898,0,13,0,353.432,10.876,-309.429
17:47:15,124.698,304.438,0,13,0,353.432,10.876,-309.429
17:47:15,124.788,292.048,0,13,0,353.432,10.876,-309.429
17:47:15,124.875,292.148,0,13,0,353.432,10.876,-309.429
17:47:15,124.967,298.468,0,13,0,353.432,10.876,-309.429
17:47:15,125.058,292.278,0,13,0,353.432,10.876,-309.429
17:47:15,125.146,292.298,0,13,0,353.432,10.876,-309.429
17:47:15,125.244,292.278,0,13,0,353.432,10.876,-309.429
17:47:15,125.346,279.918,0,13,0,353.432,10.876,-309.429
17:47:15,125.453,273.838,0,13,0,353.432,10.876,-309.429
17:47:15,125.543,256.098,0,13,0,353.432,10.876,-309.429
17:47:15,125.649,256.198,0,13,0,353.432,10.876,-309.429
17:47:15,125.77,250.528,0,13,0,353.432,10.876,-309.429
17:47:15,125.867,250.308,0,13,0,353.432,10.876,-309.429
17:47:15,125.957,217.588,0,13,0,353.432,10.876,-309.429
17:47:15,126.049,192.838,0,13,0,353.432,10.876,-309.429
17:47:15,126.146,188.318,0,13,0,353.432,10.876,-309.429
17:47:15,126.238,188.058,0,13,0,353.432,10.876,-309.429
17:47:15,126.328,187.488,0,13,0,353.432,10.876,-309.429
17:47:15,126.445,187.488,0,13,0,353.432,10.876,-309.429
17:47:15,126.545,186.828,0,13,0,353.432,10.876,-309.429
17:47:15,126.643,186.828,0,13,0,353.432,10.876,-309.429
17:47:15,126.732,186.478,0,13,0,353.432,10.876,-309.429
17:47:15,126.827,186.098,0,13,0,353.432,10.876,-309.429
17:47:15,126.927,186.098,0,13,0,353.432,10.876,-309.429
17:47:15,127.028,185.698,0,13,0,353.432,10.876,-309.429
17:47:15,127.128,185.698,0,13,0,353.432,10.876,-309.429
17:47:15,127.224,189.288,0,13,0,353.432,10.876,-309.429
17:47:15,127.319,189.288,0,13,0,353.432,10.876,-309.429
17:47:15,127.421,189.728,0,13,0,353.432,10.876,-309.429
17:47:15,127.544,190.558,0,13,0,353.432,10.876,-309.429
17:47:15,127.642,190.158,0,13,0,353.432,10.876,-309.429
17:47:15,127.737,197.938,0,13,0,353.432,10.876,-309.429
17:47:15,127.824,203.138,0,13,0,353.432,10.876,-309.429
17:47:15,127.918,230.498,0,13,0,353.432,10.876,-309.429
17:47:15,128.011,270.098,0,13,0,353.432,10.876,-309.429
17:47:15,128.107,307.258,0,13,0,353.432,10.876,-309.429
17:47:15,128.198,355.918,400,13,0,353.432,10.876,-309.429
17:47:15,128.293,414.31,400,13,0,353.73,9.962,-309.415
17:47:15,128.388,460.945,400,13,0,355.795,3.294,-309.323
17:47:15,128.479,528.676,400,13,0,358.134,-5.134,-309.225
17:47:15,128.571,590.533,400,13,0,360.277,-14.871,-309.132
17:47:15,128.672,658.895,400,13,0,362.225,-22.495,-309.052
17:47:15,128.76,741.501,756,13,0,363.979,-30.02,-310.979
17:47:15,128.849,762.185,871,13,0,365.605,-39.072,-310.915
17:47:15,128.942,825.404,1222,13,0,366.776,-47.537,-310.869
17:47:15,129.04,845.202,1332,13,0,368.078,-57.646,-310.823
17:47:15,129.128,905.007,1500,13,0,369.073,-66.035,-310.789
17:47:15,129.236,956.053,1500,13,0,369.847,-77.942,-310.768
17:47:15,129.33,979.709,1500,13,0,370.291,-86.941,-310.757
17:47:15,129.423,1020.349,1500,13,0,370.511,-95.873,-310.76
17:47:15,129.527,1021.936,1500,13,0,370.514,-104.743,-310.769
17:47:15,129.62,1035.486,1500,13,0,370.244,-114.362,-310.794
17:47:15,129.715,1049.354,1500,13,0,369.746,-123.13,-310.823
17:47:15,129.803,1093.807,1500,13,0,369.033,-133.849,-310.867
17:47:15,129.896,1122.301,1500,13,0,368.179,-141.351,-310.915
17:47:15,129.984,1151.552,1500,13,0,366.948,-151.6,-310.978
17:47:15,130.081,1165.499,1500,13,0,365.531,-160.231,-309.047
17:47:15,130.184,1196.07,1500,13,0,363.48,-172.808,-309.149
17:47:15,130.283,1210.602,1500,13,0,361.518,-181.411,-309.239
17:47:15,130.371,1214.802,1500,13,0,359.118,-191.196,-309.351
17:47:15,130.473,1231.52,1500,13,0,356.88,-200.612,-309.456
17:47:15,130.574,1246.484,1500,13,0,354.616,-208.643,-309.559
17:47:15,130.663,1261.26,1500,13,0,354.47,-208.162,-309.564
17:47:15,130.757,1263.094,1500,13,0,354.516,-208.48,-309.558
17:47:15,130.845,1275.262,1500,13,0,357.098,-183.911,-309.207
17:47:15,130.936,1274.369,1500,13,0,357.991,-146.39,-309.025
17:47:15,131.029,1293.414,1500,13,0,355.576,-111.887,-309.221
17:47:15,131.119,1295.557,1500,13,0,353.433,-95.524,-309.427
17:47:15,131.213,1310.511,1500,13,0,353.439,-95.589,-309.427
17:47:15,131.318,1306.408,1500,13,0,355.702,-77.69,-309.408
17:47:15,131.402,1304.707,1500,13,0,357.403,-45.295,-309.392
17:47:15,131.504,1306.059,1500,13,0,356.051,-11.235,-309.406
17:47:15,131.608,1308.67,1500,13,0,353.44,10.815,-309.429
17:47:15,131.7,1308.669,1500,13,0,353.441,10.895,-309.43
17:47:15,131.799,1307.059,1500,13,0,355.051,23.774,-309.406
17:47:15,131.889,1305.304,1500,13,0,356.806,53.318,-309.381
17:47:15,131.989,1306.502,1500,13,0,355.608,88.215,-309.4
17:47:15,132.094,1293.753,1500,13,0,353.437,108.052,-309.431
17:47:15,132.185,1293.751,1500,13,0,353.439,108.073,-309.431
17:47:15,132.318,1294.538,1500,13,0,354.452,112.354,-309.402
17:47:15,132.427,1292.554,1500,13,0,356.436,123.146,-309.35
17:47:15,132.558,1291.163,1500,13,0,357.827,135.52,-309.318
17:47:15,132.658,1290.602,1500,13,0,358.388,146.741,-309.305
17:47:15,132.751,1290.598,1500,13,0,358.392,157.049,-309.305
17:47:15,132.845,1291.036,1500,13,0,357.954,167.728,-309.311
17:47:15,132.959,1292.154,1500,13,0,356.836,181.21,-309.333
17:47:15,133.069,1293.955,1500,13,0,355.035,195.735,-309.381
17:47:15,133.203,1295.524,1500,13,0,353.466,205.807,-309.43
17:47:15,133.289,1295.57,1500,13,0,353.42,206.068,-309.431
17:47:15,133.382,1295.524,1500,13,0,353.466,206.242,-309.428
17:47:15,133.472,1292.701,1500,13,0,356.289,219.816,-309.257
17:47:15,133.573,1290.57,1500,13,0,358.42,239.828,-309.14
17:47:15,133.676,1290.934,1500,13,0,358.056,265.555,-309.164
17:47:15,133.777,1294.135,1500,13,0,354.855,290.588,-309.344
17:47:15,133.887,1295.565,1500,13,0,353.425,298.072,-309.426
17:47:15,133.975,1295.553,1500,13,0,353.437,298.024,-309.425
17:47:15,134.083,1293.163,1500,13,0,355.827,284.397,-309.282
17:47:15,134.176,1290.853,1500,13,0,358.137,262.005,-309.148
17:47:15,134.296,1292.937,1500,13,0,357.713,233.512,-309.17
17:47:15,134.397,1296.253,1500,13,0,354.397,211.81,-309.366
17:47:15,134.492,1297.215,1500,13,0,353.435,207.683,-309.431
17:47:15,134.587,1297.218,1500,13,0,353.432,207.673,-309.43
17:47:15,134.704,1296.24,1500,13,0,354.41,201.8,-309.4
17:47:15,134.802,1294.389,1500,13,0,356.261,188.777,-309.346
17:47:15,134.898,1293.148,1500,13,0,357.502,177.388,-309.316
17:47:15,135.005,1292.279,1500,13,0,358.371,165.412,-309.299
17:47:15,135.095,1291.947,1500,13,0,358.703,154.777,-309.297
17:47:15,135.201,1277.266,1500,13,0,358.504,142.328,-309.301
17:47:15,135.304,1278.075,1500,13,0,357.695,131.244,-309.322
17:47:15,135.4,1279.302,1500,13,0,356.468,121.827,-309.349
17:47:15,135.508,1281.455,1500,13,0,354.315,110.839,-309.405
17:47:15,135.621,1282.33,1500,13,0,353.44,107.282,-309.43
17:47:15,135.714,1282.33,1500,13,0,353.44,107.282,-309.43
17:47:15,135.826,1281.467,1500,13,0,354.303,100.886,-309.419
17:47:15,135.91,1279.081,1500,13,0,356.689,74.195,-309.389
17:47:15,136.005,1278.813,1500,13,0,356.957,42.509,-309.381
17:47:15,136.097,1281.242,1500,13,0,354.528,12.921,-309.414
17:47:15,136.191,1282.33,1500,13,0,353.44,5.277,-309.426
17:47:15,136.305,1281.597,1500,13,0,354.173,0.272,-309.417
17:47:15,136.4,1278.802,1500,13,0,356.968,-29.484,-309.386
17:47:15,136.495,1278.407,1500,13,0,357.363,-58.751,-309.385
17:47:15,136.595,1281.356,1500,13,0,354.414,-95.966,-309.421
17:47:15,136.692,1282.147,1500,14,0,353.623,-100.327,-309.432
17:47:15,136.795,1281.538,1500,14,0,354.232,-104.449,-309.371
17:47:15,136.911,1277.862,1500,14,0,357.908,-143.717,-309.066
17:47:15,137.012,1278.652,1500,14,0,357.118,-184.443,-309.242
17:47:15,137.101,1281.191,1500,14,0,354.579,-208.944,-309.553
17:47:15,137.195,1281.302,1500,14,0,354.468,-208.164,-309.564
17:47:15,137.29,1280.455,1500,14,0,355.315,-202.182,-309.469
17:47:15,137.384,1277.537,1500,14,0,358.233,-168.51,-309.098
17:47:15,137.484,1278.299,1500,14,0,357.471,-127.126,-309.078
17:47:15,137.581,1281.612,1500,14,0,354.158,-99.206,-309.361
17:47:15,137.669,1282.337,1500,14,0,353.433,-95.524,-309.427
17:47:15,137.77,1281.802,1500,14,0,353.968,-91.175,-309.423
17:47:15,137.858,1278.967,1500,14,0,356.803,-63.453,-309.4
17:47:15,137.952,1278.654,1500,14,0,357.116,-27.015,-309.396
17:47:15,138.063,1281.487,1500,14,0,354.283,4.992,-309.423
17:47:15,138.176,1282.338,1500,14,0,353.432,10.876,-309.429
17:47:15,138.291,1280.972,1500,14,0,354.798,21.403,-309.409
17:47:15,138.389,1279.125,1500,14,0,356.645,46.776,-309.385
17:47:15,138.481,1279.502,1500,14,0,356.268,78.682,-309.389
17:47:15,138.567,1282.137,1500,14,0,353.633,106.599,-309.428
17:47:15,138.67,1282.331,1500,14,0,353.439,108.074,-309.431
17:47:15,138.77,1282.122,1500,14,0,353.648,108.906,-309.426
17:47:15,138.863,1280.707,1500,14,0,355.063,115.235,-309.386
17:47:15,138.956,1264.468,1500,14,0,356.502,123.553,-309.35
17:47:15,139.044,1263.352,1500,14,0,357.618,132.997,-309.326
17:47:15,139.138,1262.706,1500,14,0,358.264,142.806,-309.311
17:47:15,139.222,1262.527,1500,14,0,358.443,152.969,-309.303
17:47:15,139.318,1262.815,1500,14,0,358.155,163.967,-309.306
17:47:15,139.408,1261.939,1500,14,0,357.431,174.888,-309.318
17:47:15,139.512,1263.205,1500,14,0,356.165,187.15,-309.347
17:47:15,139.614,1264.775,1500,14,0,354.595,198.723,-309.391
17:47:15,139.7,1265.873,1500,14,0,353.497,205.62,-309.428
17:47:15,139.79,1265.95,1500,14,0,353.42,206.068,-309.431
17:47:15,139.879,1280.709,1500,14,0,353.421,206.079,-309.432
17:47:15,139.984,1278.283,1500,14,0,355.847,217.275,-309.282
17:47:15,140.08,1275.867,1500,14,0,358.263,237.153,-309.147
17:47:15,140.165,1275.645,1500,14,0,358.485,258.05,-309.139
17:47:15,140.256,1292.467,1500,14,0,356.523,279.984,-309.249
17:47:15,140.347,1295.418,1500,14,0,353.572,297.365,-309.42
17:47:15,140.441,1295.565,1500,14,0,353.425,298.072,-309.426
17:47:15,140.531,1295.52,1500,14,0,353.47,297.852,-309.424
17:47:15,140.626,1292.881,1500,14,0,356.109,282.403,-309.265
17:47:15,140.736,1290.644,1500,14,0,358.346,257.285,-309.138
17:47:15,140.841,1291.191,1500,14,0,357.799,234.407,-309.169
17:47:15,140.928,1295.822,1500,14,0,354.828,213.81,-309.342
17:47:15,141.031,1297.215,1500,14,0,353.435,207.683,-309.431
17:47:15,141.119,1297.218,1500,14,0,353.432,207.673,-309.43
17:47:15,141.219,1294.905,1500,14,0,354.085,203.782,-309.407
17:47:15,141.308,1293.401,1500,14,0,355.589,193.841,-309.364
17:47:15,141.4,1291.979,1500,14,0,357.011,182.296,-309.327
17:47:15,141.485,1290.907,1500,14,0,358.083,170.148,-309.303
17:47:15,141.592,1290.343,1500,14,0,358.647,157.98,-309.296
17:47:15,141.688,1290.303,1500,14,0,358.687,148.487,-309.297
17:47:15,141.775,1290.7,1500,14,0,358.29,138.439,-309.307
17:47:15,141.867,1291.567,1500,14,0,357.423,128.754,-309.329
17:47:15,141.967,1293.135,1500,14,0,355.855,118.237,-309.364
17:47:15,142.066,1294.988,1500,14,0,354.002,109.519,-309.413
17:47:15,142.159,1295.55,1500,14,0,353.44,107.282,-309.43
17:47:15,142.252,1295.55,1500,14,0,353.44,107.282,-309.43
17:47:15,142.343,1295.39,1500,14,0,353.6,106.195,-309.429
17:47:15,142.433,1292.46,1500,14,0,356.53,76.999,-309.389
17:47:15,142.532,1291.874,1500,14,0,357.116,47.933,-309.38
17:47:15,142.622,1293.919,1500,14,0,355.071,17.399,-309.407
17:47:15,142.712,1295.55,1500,14,0,353.44,5.277,-309.426
17:47:15,142.806,1295.512,1500,14,0,353.478,5.006,-309.427
17:47:15,142.91,1278.161,1500,14,0,355.969,-15.005,-309.4
17:47:15,143.003,1276.645,1500,14,0,357.485,-47.745,-309.384
17:47:15,143.104,1277.955,1500,14,0,356.175,-78.032,-309.4
17:47:15,143.196,1265.691,1500,14,0,353.679,-100.688,-309.433
17:47:15,143.285,1267.338,1500,15,0,353.632,-100.258,-309.43
17:47:15,143.401,1264.715,1500,15,0,356.255,-120.757,-309.187
17:47:15,143.489,1262.801,1500,15,0,358.169,-155.176,-309.067
17:47:15,143.583,1264.551,1500,15,0,356.419,-192.419,-309.33
17:47:15,143.677,1266.502,1500,15,0,354.468,-208.164,-309.564
17:47:15,143.775,1266.502,1500,15,0,354.468,-208.164,-309.564
17:47:15,143.884,1265.786,1500,15,0,355.184,-203.245,-309.482
17:47:15,143.979,1262.808,1500,15,0,358.162,-170.916,-309.105
17:47:15,144.071,1263.092,1500,15,0,357.878,-134.994,-309.047
17:47:15,144.157,1266.547,1500,15,0,354.423,-101.489,-309.335
17:47:15,144.256,1267.537,1500,15,0,353.433,-95.524,-309.427
17:47:15,144.354,1267.181,1500,15,0,353.789,-93.912,-309.426
17:47:15,144.453,1264.095,1500,15,0,356.875,-62.833,-309.397
17:47:15,144.561,1263.854,1500,15,0,357.116,-27.015,-309.396
17:47:15,144.652,1266.794,1500,15,0,354.176,5.844,-309.425
17:47:15,144.751,1267.538,1500,15,0,353.432,10.876,-309.429
17:47:15,144.852,1267.289,1500,15,0,353.681,12.582,-309.427
17:47:15,144.936,1264.763,1500,15,0,356.207,37.717,-309.389
17:47:15,145.034,1264.164,1500,15,0,356.806,63.901,-309.382
17:47:15,145.118,1265.985,1500,15,0,354.985,94.989,-309.409
17:47:15,145.209,1267.531,1500,15,0,353.439,108.074,-309.431
17:47:15,145.308,1267.52,1500,15,0,353.45,108.104,-309.429
17:47:15,145.417,1266.518,1500,15,0,354.452,112.354,-309.402
17:47:15,145.521,1264.715,1500,15,0,356.255,121.945,-309.358
17:47:15,145.625,1263.279,1500,15,0,357.691,133.837,-309.321
17:47:15,145.728,1262.667,1500,15,0,358.303,143.675,-309.311
17:47:15,145.815,1262.53,1500,15,0,358.44,153.875,-309.304
17:47:15,145.92,1262.886,1500,15,0,358.084,165.373,-309.307
17:47:15,146.016,1263.796,1500,15,0,357.174,177.792,-309.325
17:47:15,146.109,1264.924,1500,15,0,356.046,188.154,-309.35
17:47:15,146.201,1266.518,1500,15,0,354.452,199.646,-309.398
17:47:15,146.299,1267.55,1500,15,0,353.42,206.053,-309.43
17:47:15,146.408,1267.55,1500,15,0,353.42,206.068,-309.431
17:47:15,146.504,1267.262,1500,15,0,353.708,207.226,-309.415
17:47:15,146.603,1263.914,1500,15,0,357.056,224.937,-309.214
17:47:15,146.723,1262.317,1500,15,0,358.653,250.666,-309.128
17:47:15,146.815,1263.521,1500,15,0,357.449,272.23,-309.196
17:47:15,146.935,1267.338,1500,15,0,353.632,297.092,-309.419
17:47:15,147.022,1267.5,1500,15,0,353.47,297.852,-309.424
17:47:15,147.173,1264.205,1500,15,0,356.765,277.465,-309.229
17:47:15,147.26,1262.573,1500,15,0,358.397,255.405,-309.134
17:47:15,147.359,1263.171,1500,15,0,357.799,234.407,-309.169
17:47:15,147.453,1265.994,1500,15,0,354.976,214.557,-309.332
17:47:15,147.551,1267.535,1500,15,0,353.435,207.683,-309.431
17:47:15,147.645,1267.518,1500,15,0,353.452,207.609,-309.432
17:47:15,147.761,1266.56,1500,15,0,354.41,201.8,-309.4
17:47:15,147.855,1263.303,1500,15,0,356.067,190.297,-309.348
17:47:15,147.956,1261.827,1500,15,0,357.543,176.898,-309.314
17:47:15,148.055,1261.029,1500,15,0,358.341,165.881,-309.299
17:47:15,148.158,1260.657,1500,15,0,358.713,152.968,-309.295
17:47:15,148.256,1260.866,1500,15,0,358.504,142.328,-309.301
17:47:15,148.369,1261.764,1500,15,0,357.606,130.414,-309.323
17:47:15,148.458,1263.031,1500,15,0,356.339,121.023,-309.351
17:47:15,148.569,1264.984,1500,15,0,354.386,111.137,-309.402
17:47:15,148.662,1265.908,1500,15,0,353.462,107.352,-309.43
17:47:15,148.754,1265.93,1500,15,0,353.44,107.282,-309.43
17:47:15,148.853,1265.398,1500,15,0,353.972,103.432,-309.422
17:47:15,148.967,1262.38,1500,15,0,356.99,67.207,-309.384
17:47:15,149.078,1263.181,1500,15,0,356.189,29.129,-309.39
17:47:15,149.192,1265.88,1500,15,0,353.49,5.553,-309.429
