13:34:09,0.868,100.392,0.0,0,0.0,353.426,-299.669,-308.575
13:34:09,1.109,107.094,0.0,0,0.0,353.426,-299.669,-308.575
13:34:09,1.197,97.384,0.0,0,0.0,353.426,-299.669,-308.575
13:34:09,1.287,105.931,0.0,0,0.0,353.426,-299.669,-308.575
13:34:09,1.376,105.931,0.0,0,0.0,353.426,-299.669,-308.575
13:34:09,1.467,94.824,0.0,0,0.0,353.426,-299.669,-308.575
13:34:09,1.554,94.824,0.0,0,0.0,353.426,-299.669,-308.575
13:34:09,1.647,96.158,0.0,0,0.0,353.426,-299.669,-308.575
13:34:09,1.762,97.384,0.0,0,0.0,353.426,-299.669,-308.575
13:34:09,1.85,96.158,0.0,0,0.0,353.426,-299.669,-308.575
13:34:09,1.943,87.887,0.0,0,0.0,353.426,-299.669,-308.575
13:34:09,2.034,115.928,0.0,0,0.0,353.426,-299.669,-308.575
13:34:09,2.122,114.716,0.0,0,0.0,353.426,-299.669,-308.575
13:34:09,2.224,123.747,0.0,0,0.0,353.426,-299.669,-308.575
13:34:09,2.317,122.358,0.0,0,0.0,353.426,-299.669,-308.575
13:34:09,2.409,111.935,0.0,0,0.0,353.426,-299.669,-308.575
13:34:09,2.505,103.264,0.0,0,0.0,353.426,-299.669,-308.575
13:34:09,2.604,122.358,0.0,0,0.0,353.426,-299.669,-308.575
13:34:09,2.693,122.358,0.0,0,0.0,353.426,-299.669,-308.575
13:34:09,2.791,122.358,0.0,0,0.0,353.426,-299.669,-308.575
13:34:09,2.887,131.585,0.0,0,0.0,353.426,-299.669,-308.575
13:34:09,2.987,123.747,0.0,0,0.0,353.426,-299.669,-308.575
13:34:09,3.083,133.035,0.0,0,0.0,353.426,-299.669,-308.575
13:34:09,3.179,123.75,0.0,0,0.021,353.423,-299.641,-308.575
13:34:09,4.109,123.75,0.0,0,0.021,353.423,-299.641,-308.575
13:34:09,4.202,98.503,0.0,0,0.021,353.423,-299.641,-308.575
13:34:09,4.298,98.503,0.0,0,0.021,353.423,-299.641,-308.575
13:34:09,4.394,126.152,0.0,0,0.021,353.423,-299.641,-308.575
13:34:09,4.498,126.152,0.0,0,0.021,353.423,-299.641,-308.575
13:34:09,4.579,81.547,0.0,0,0.0,353.423,-299.641,-308.575
13:34:09,4.689,85.587,0.0,0,0.0,353.423,-299.641,-308.575
13:34:09,4.783,85.617,0.0,0,0.0,353.423,-299.641,-308.575
13:34:09,4.887,80.597,0.0,0,0.0,353.423,-299.641,-308.575
13:34:09,4.985,80.247,0.0,0,0.0,353.423,-299.641,-308.575
13:34:09,5.092,79.767,0.0,0,0.0,353.423,-299.641,-308.575
13:34:09,5.216,87.177,0.0,0,0.0,353.423,-299.641,-308.575
13:34:09,5.315,115.087,0.0,0,0.0,353.423,-299.641,-308.575
13:34:09,5.406,180.177,0.0,0,0.0,353.423,-299.641,-308.575
13:34:09,5.503,175.917,0.0,0,0.0,353.423,-299.641,-308.575
13:34:09,5.596,207.697,0.0,0,0.0,353.423,-299.641,-308.575
13:34:09,5.687,223.087,0.0,0,0.0,353.423,-299.641,-308.575
13:34:09,5.779,233.877,0.0,0,0.0,353.423,-299.641,-308.575
13:34:09,5.874,223.247,0.0,0,0.0,353.423,-299.641,-308.575
13:34:09,5.983,218.277,0.0,0,0.0,353.423,-299.641,-308.575
13:34:09,6.087,239.477,0.0,0,0.0,353.423,-299.641,-308.575
13:34:09,6.185,256.207,0.0,0,0.0,353.423,-299.641,-308.575
13:34:09,6.288,261.967,0.0,0,0.0,353.423,-299.641,-308.575
13:34:09,6.4,267.937,0.0,0,0.0,353.423,-299.641,-308.575
13:34:09,6.5,262.097,0.0,0,0.0,353.423,-299.641,-308.575
13:34:09,6.611,250.647,0.0,0,0.0,353.423,-299.641,-308.575
13:34:09,6.714,245.027,0.0,0,0.0,353.423,-299.641,-308.575
13:34:09,6.811,245.027,0.0,0,0.0,353.423,-299.641,-308.575
13:34:09,6.915,245.067,0.0,0,0.0,353.423,-299.641,-308.575
13:34:09,7.016,245.067,0.0,0,0.0,353.423,-299.641,-308.575
13:34:09,7.118,245.027,0.0,0,0.0,353.423,-299.641,-308.575
13:34:09,7.269,244.957,0.0,0,0.0,353.423,-299.641,-308.575
13:34:09,7.383,250.607,0.0,0,0.0,353.423,-299.641,-308.575
13:34:09,7.487,250.607,0.0,0,0.0,353.423,-299.641,-308.575
13:34:09,7.584,250.607,0.0,0,0.0,353.423,-299.641,-308.575
13:34:09,7.697,250.647,0.0,0,0.0,353.423,-299.641,-308.575
13:34:09,7.81,256.327,0.0,0,0.0,353.423,-299.641,-308.575
13:34:09,7.909,256.327,0.0,0,0.0,353.423,-299.641,-308.575
13:34:09,8.004,250.657,0.0,0,0.0,353.423,-299.641,-308.575
13:34:09,8.109,250.657,0.0,0,0.0,353.423,-299.641,-308.575
13:34:09,8.214,250.657,0.0,0,0.0,353.423,-299.641,-308.575
13:34:09,8.321,245.077,0.0,0,0.0,353.423,-299.641,-308.575
13:34:09,8.417,245.077,0.0,0,0.0,353.423,-299.641,-308.575
13:34:09,8.516,250.657,0.0,0,0.0,353.423,-299.641,-308.575
13:34:09,8.625,245.077,0.0,0,0.0,353.423,-299.641,-308.575
13:34:09,8.734,250.657,0.0,0,0.0,353.423,-299.641,-308.575
13:34:09,8.842,245.077,0.0,0,0.0,353.423,-299.641,-308.575
13:34:09,8.94,245.077,0.0,0,0.0,353.423,-299.641,-308.575
13:34:09,9.043,245.077,0.0,0,0.0,353.423,-299.641,-308.575
13:34:09,9.144,245.067,0.0,0,0.0,353.423,-299.641,-308.575
13:34:09,9.277,245.077,0.0,0,0.0,353.423,-299.641,-308.575
13:34:09,9.383,250.657,0.0,0,0.0,353.423,-299.641,-308.575
13:34:09,9.484,250.657,0.0,0,0.0,353.423,-299.641,-308.575
13:34:09,9.582,256.327,0.0,0,0.0,353.423,-299.641,-308.575
13:34:09,9.685,256.327,0.0,0,0.0,353.423,-299.641,-308.575
13:34:09,9.788,250.647,0.0,0,0.0,353.423,-299.641,-308.575
13:34:09,9.887,256.327,0.0,0,0.0,353.423,-299.641,-308.575
13:34:09,9.989,256.327,0.0,0,0.0,353.423,-299.641,-308.575
13:34:09,10.088,256.327,0.0,0,0.0,353.423,-299.641,-308.575
13:34:09,10.186,256.317,0.0,0,0.0,353.423,-299.641,-308.575
13:34:09,10.299,256.317,0.0,0,0.0,353.423,-299.641,-308.575
13:34:09,10.402,256.327,0.0,0,0.0,353.423,-299.641,-308.575
13:34:09,10.497,256.317,0.0,0,0.0,353.423,-299.641,-308.575
13:34:09,10.608,262.087,0.0,0,0.0,353.423,-299.641,-308.575
13:34:09,10.715,262.087,0.0,0,0.0,353.423,-299.641,-308.575
13:34:09,10.816,262.087,0.0,0,0.0,353.423,-299.641,-308.575
13:34:09,10.916,262.087,0.0,0,0.0,353.423,-299.641,-308.575
13:34:09,11.022,256.277,0.0,0,0.0,353.423,-299.641,-308.575
13:34:09,11.123,256.277,0.0,0,0.0,353.423,-299.641,-308.575
13:34:09,11.224,256.277,0.0,0,0.0,353.423,-299.641,-308.575
13:34:09,11.337,250.607,0.0,0,0.0,353.423,-299.641,-308.575
13:34:09,11.454,256.277,0.0,0,0.0,353.423,-299.641,-308.575
13:34:09,11.573,250.537,0.0,0,0.0,353.423,-299.641,-308.575
13:34:09,11.676,244.867,0.0,0,0.0,353.423,-299.641,-308.575
13:34:09,11.775,233.997,0.0,0,0.0,353.423,-299.641,-308.575
13:34:09,11.876,233.997,0.0,0,0.0,353.423,-299.641,-308.575
13:34:09,11.983,233.997,0.0,0,0.0,353.423,-299.641,-308.575
13:34:09,12.086,239.477,0.0,0,0.0,353.423,-299.641,-308.575
13:34:09,12.19,244.957,0.0,0,0.0,353.423,-299.641,-308.575
13:34:09,12.292,250.607,0.0,0,0.0,353.423,-299.641,-308.575
13:34:09,12.395,256.207,0.0,0,0.0,353.423,-299.641,-308.575
13:34:09,12.508,256.207,0.0,0,0.0,353.423,-299.641,-308.575
13:34:09,12.615,256.207,0.0,0,0.0,353.423,-299.641,-308.575
13:34:09,12.722,256.207,0.0,0,0.0,353.423,-299.641,-308.575
13:34:09,12.824,256.277,0.0,0,0.0,353.423,-299.641,-308.575
13:34:09,12.939,250.607,0.0,0,0.0,353.423,-299.641,-308.575
13:34:09,13.058,256.207,0.0,0,0.0,353.423,-299.641,-308.575
13:34:09,13.181,239.377,0.0,0,0.0,353.423,-299.641,-308.575
13:34:09,13.29,233.377,0.0,0,0.0,353.423,-299.641,-308.575
13:34:09,13.41,218.467,0.0,0,0.0,353.423,-299.641,-308.575
13:34:09,13.526,213.447,0.0,0,0.0,353.423,-299.641,-308.575
13:34:09,13.668,213.447,0.0,0,0.0,353.423,-299.641,-308.575
13:34:09,13.76,213.257,0.0,0,0.0,353.423,-299.641,-308.575
13:34:09,13.872,238.747,0.0,0,0.0,353.423,-299.641,-308.575
13:34:09,13.981,238.007,0.0,0,0.0,353.423,-299.641,-308.575
13:34:09,14.092,267.587,0.0,0,0.0,353.423,-299.641,-308.575
13:34:09,14.197,267.717,0.0,0,0.0,353.423,-299.641,-308.575
13:34:09,14.308,250.537,0.0,0,0.0,353.423,-299.641,-308.575
13:34:09,14.417,245.027,0.0,0,0.0,353.423,-299.641,-308.575
13:34:09,14.54,239.537,0.0,0,0.0,353.423,-299.641,-308.575
13:34:09,14.666,239.597,0.0,0,0.0,353.423,-299.641,-308.575
13:34:09,14.773,239.587,0.0,0,0.0,353.423,-299.641,-308.575
13:34:09,14.874,245.077,0.0,0,0.0,353.423,-299.641,-308.575
13:34:09,14.98,256.327,0.0,0,0.0,353.423,-299.641,-308.575
13:34:09,15.09,262.087,0.0,0,0.0,353.423,-299.641,-308.575
13:34:09,15.198,279.887,0.0,0,0.0,353.423,-299.641,-308.575
13:34:09,15.309,292.247,0.0,0,0.0,353.423,-299.641,-308.575
13:34:09,15.434,286.057,0.0,0,0.0,353.423,-299.641,-308.575
13:34:09,15.54,286.057,0.0,0,0.0,353.423,-299.641,-308.575
13:34:09,15.663,273.767,0.0,0,0.0,353.423,-299.641,-308.575
13:34:09,15.789,256.207,0.0,0,0.0,353.423,-299.641,-308.575
13:34:09,15.893,244.227,0.0,0,0.0,353.423,-299.641,-308.575
13:34:09,16.006,238.287,0.0,0,0.0,353.423,-299.641,-308.575
13:34:09,16.116,238.527,0.0,0,0.0,353.423,-299.641,-308.575
13:34:09,16.226,285.317,0.0,0,0.0,353.423,-299.641,-308.575
13:34:09,16.35,338.327,26.2,0,0.0,353.423,-299.641,-308.575
13:34:09,16.453,359.409,40.0,0,0.0,353.601,-297.012,-308.53
13:34:09,16.563,358.462,40.0,0,0.0,354.608,-289.604,-308.265
13:34:09,16.659,410.303,40.0,0,28.688,355.367,-281.602,-308.05
13:34:09,16.762,409.535,40.0,0,28.688,356.025,-272.591,-309.846
13:34:09,16.86,425.059,40.0,0,28.688,356.491,-262.194,-309.67
13:34:09,16.981,416.923,40.0,0,28.688,356.707,-253.73,-309.54
13:34:09,17.082,409.043,40.0,0,86.549,356.687,-243.514,-309.455
13:34:09,17.196,409.308,40.0,0,86.549,356.452,-235.873,-309.422
13:34:09,17.305,409.753,40.0,0,86.549,355.977,-225.144,-309.429
13:34:09,17.407,434.284,40.0,0,86.549,355.406,-218.688,-309.469
13:34:09,17.505,443.262,40.0,0,86.549,354.628,-210.751,-309.548
13:34:09,17.606,443.421,40.0,0,86.549,354.469,-208.161,-309.566
13:34:09,17.7,443.31,40.0,0,58.119,354.55,-208.74,-309.554
13:34:09,17.799,442.203,40.0,0,58.119,355.687,-200.869,-309.431
13:34:09,17.899,424.667,40.0,0,58.119,356.943,-188.134,-309.282
13:34:09,17.999,423.705,40.0,0,58.119,357.845,-177.311,-309.167
13:34:09,18.106,415.03,40.0,0,58.119,358.42,-165.245,-309.08
13:34:09,18.217,422.956,40.0,0,101.342,358.594,-153.044,-309.036
13:34:09,18.333,423.191,40.0,0,101.342,358.359,-141.112,-309.028
13:34:09,18.475,423.867,40.0,0,101.342,357.683,-129.426,-309.068
13:34:09,18.58,432.999,40.0,0,101.342,356.621,-117.148,-309.146
13:34:09,18.681,434.221,40.0,0,101.013,355.399,-107.093,-309.253
13:34:09,18.783,443.932,40.0,0,101.013,353.868,-97.06,-309.391
13:34:09,18.885,444.367,40.0,0,101.013,353.433,-95.524,-309.427
13:34:09,19.001,443.934,40.0,0,101.013,353.746,-93.673,-309.423
13:34:09,19.106,434.581,40.0,0,101.013,354.929,-84.618,-309.414
13:34:09,19.211,433.505,40.0,0,60.309,356.005,-74.908,-309.404
13:34:09,19.318,432.843,40.0,0,60.309,356.667,-65.352,-309.401
13:34:09,19.422,432.32,40.0,0,60.309,357.19,-55.612,-309.396
13:34:09,19.528,432.102,40.0,0,60.309,357.408,-45.118,-309.393
13:34:09,19.628,424.178,40.0,0,60.309,357.372,-36.587,-309.395
13:34:09,19.729,424.525,40.0,0,89.911,357.085,-27.658,-309.397
13:34:09,19.829,425.062,40.0,0,89.911,356.578,-18.684,-309.402
13:34:09,19.929,433.876,40.0,0,89.911,355.834,-9.659,-309.409
13:34:09,20.037,426.93,40.0,0,89.911,354.68,2.007,-309.418
13:34:09,20.142,428.036,40.0,0,89.911,353.574,9.966,-309.428
13:34:09,20.251,428.178,40.0,0,67.926,353.432,10.881,-309.429
13:34:09,20.373,419.502,40.0,0,67.926,354.128,15.926,-309.418
13:34:09,20.476,418.529,40.0,0,67.926,355.101,24.242,-309.404
13:34:09,20.577,425.72,40.0,0,67.926,355.89,33.02,-309.393
13:34:09,20.681,417.264,40.0,0,67.926,356.386,40.89,-309.385
13:34:09,20.791,416.903,40.0,0,81.732,356.747,50.596,-309.381
13:34:09,20.891,424.8,40.0,0,81.732,356.84,59.73,-309.38
13:34:09,20.989,416.949,40.0,0,81.732,356.701,68.615,-309.383
13:34:09,21.09,417.339,40.0,0,81.732,356.311,77.954,-309.388
13:34:09,21.194,417.974,40.0,0,81.732,355.676,87.384,-309.398
13:34:09,21.298,418.81,40.0,0,91.373,354.82,96.532,-309.409
13:34:09,21.411,419.978,40.0,0,91.373,353.652,106.433,-309.425
13:34:09,21.51,412.321,40.0,0,91.373,353.439,108.074,-309.431
13:34:09,21.614,412.291,40.0,0,91.373,353.439,108.073,-309.431
13:34:09,21.735,412.095,40.0,0,91.373,353.665,108.967,-309.426
13:34:09,21.838,403.695,40.0,0,20.862,354.255,111.488,-309.409
13:34:09,21.948,403.066,40.0,0,20.862,354.884,114.368,-309.392
13:34:09,22.051,402.512,40.0,0,20.862,355.418,117.065,-309.378
13:34:09,22.157,394.317,40.0,0,20.862,355.903,119.802,-309.365
13:34:09,22.265,393.864,40.0,0,20.862,356.386,122.787,-309.354
13:34:09,22.366,393.507,40.0,0,26.8,356.743,125.261,-309.346
13:34:09,22.466,393.122,40.0,0,26.8,357.098,128.093,-309.336
13:34:09,22.566,392.844,40.0,0,26.8,357.406,130.839,-309.33
13:34:09,22.666,392.545,40.0,0,26.8,357.705,133.96,-309.324
13:34:09,22.776,392.287,40.0,0,26.8,357.933,136.887,-309.318
13:34:09,22.89,392.083,40.0,0,28.071,358.137,140.081,-309.314
13:34:09,23.002,391.874,40.0,0,28.071,358.286,143.424,-309.308
13:34:09,23.117,391.77,40.0,0,28.071,358.39,146.696,-309.306
13:34:09,23.225,391.722,40.0,0,28.071,358.438,149.763,-309.304
13:34:09,23.328,391.719,40.0,0,28.071,358.441,153.105,-309.302
13:34:09,23.44,391.775,40.0,0,29.885,358.385,157.216,-309.301
13:34:09,23.602,391.951,40.0,0,29.885,358.269,161.256,-309.303
13:34:09,23.71,392.086,40.0,0,29.885,358.134,164.486,-309.305
13:34:09,23.813,392.205,40.0,0,29.885,357.955,167.742,-309.311
13:34:09,23.911,392.418,40.0,0,29.885,357.742,170.901,-309.312
13:34:09,24.017,392.676,40.0,0,31.207,357.484,174.219,-309.316
13:34:09,24.128,393.05,40.0,0,31.207,357.17,177.837,-309.323
13:34:09,24.232,393.355,40.0,0,31.207,356.865,180.96,-309.333
13:34:09,24.329,393.716,40.0,0,31.207,356.504,184.249,-309.337
13:34:09,24.431,394.15,40.0,0,31.207,356.07,187.97,-309.349
13:34:09,24.541,394.651,40.0,0,32.9,355.569,191.852,-309.365
13:34:09,24.673,395.213,40.0,0,32.9,355.007,195.916,-309.378
13:34:09,24.792,395.806,40.0,0,32.9,354.414,199.884,-309.399
13:34:09,24.898,388.745,40.0,0,32.9,353.865,203.338,-309.413
13:34:09,25.009,396.783,40.0,0,29.673,353.437,206.01,-309.433
13:34:09,25.118,396.79,40.0,0,29.673,353.43,206.116,-309.429
13:34:09,25.247,403.389,40.0,0,29.673,354.541,210.788,-309.359
13:34:09,25.351,410.008,40.0,0,29.673,355.722,216.577,-309.289
13:34:09,25.451,416.861,40.0,0,29.673,356.769,222.91,-309.229
13:34:09,25.561,416.043,40.0,0,45.138,357.587,229.347,-309.183
13:34:09,25.682,407.587,40.0,0,45.138,358.143,235.422,-309.154
13:34:09,25.79,407.214,40.0,0,45.138,358.516,242.062,-309.135
13:34:09,25.894,407.071,40.0,0,45.138,358.659,248.81,-309.129
13:34:09,26.003,399.357,40.0,0,45.138,358.573,255.677,-309.136
13:34:09,26.117,392.014,40.0,0,59.865,358.206,263.389,-309.154
13:34:09,26.245,392.371,40.0,0,59.865,357.679,269.971,-309.185
13:34:09,26.363,393.26,40.0,0,59.865,356.79,277.943,-309.231
13:34:09,26.466,394.179,40.0,0,59.865,355.871,284.466,-309.286
13:34:09,26.568,395.238,40.0,0,59.865,354.812,290.81,-309.343
13:34:09,26.675,396.365,40.0,0,65.517,353.545,297.521,-309.424
13:34:09,26.779,396.305,40.0,0,65.517,353.425,298.072,-309.426
13:34:09,26.89,388.369,40.0,0,65.517,353.751,296.419,-309.405
13:34:09,27.004,387.157,40.0,0,65.517,355.143,288.72,-309.324
13:34:09,27.117,386.029,40.0,0,35.059,356.271,281.27,-309.258
13:34:09,27.229,385.189,40.0,0,35.059,357.111,274.45,-309.21
13:34:09,27.335,384.388,40.0,0,35.059,357.732,267.995,-309.175
13:34:09,27.435,383.946,40.0,0,35.059,358.174,261.367,-309.15
13:34:09,27.535,383.708,40.0,0,35.059,358.412,254.836,-309.136
13:34:09,27.635,383.667,40.0,0,35.059,358.453,248.652,-309.133
13:34:09,27.739,383.828,40.0,0,63.258,358.292,242.309,-309.142
13:34:09,27.841,384.193,40.0,0,63.258,357.927,236.06,-309.161
13:34:09,27.948,377.22,40.0,0,63.258,357.38,230.14,-309.19
13:34:09,28.053,385.602,40.0,0,63.258,356.518,223.385,-309.24
13:34:09,28.168,386.847,40.0,0,58.978,355.453,216.971,-309.305
13:34:09,28.283,388.156,40.0,0,58.978,354.144,210.661,-309.385
13:34:09,28.388,388.865,40.0,0,58.978,353.435,207.683,-309.431
13:34:09,28.504,388.865,40.0,0,58.978,353.435,207.668,-309.43
13:34:09,28.637,388.602,40.0,0,58.978,353.698,206.105,-309.42
13:34:09,28.744,387.885,40.0,0,22.205,354.415,201.72,-309.396
13:34:09,28.871,387.327,40.0,0,22.205,354.973,198.137,-309.382
13:34:09,28.984,394.363,40.0,0,22.205,355.547,194.171,-309.365
13:34:09,29.107,394.073,40.0,0,22.205,356.087,190.108,-309.35
13:34:09,29.228,393.631,40.0,0,33.874,356.619,185.825,-309.337
13:34:09,29.346,393.021,40.0,0,33.874,357.029,182.119,-309.325
13:34:09,29.451,392.496,40.0,0,33.874,357.414,178.314,-309.316
13:34:09,29.573,392.288,40.0,0,33.874,357.762,174.427,-309.311
13:34:09,29.685,384.537,40.0,0,33.874,358.013,171.096,-309.304
13:34:09,29.812,384.269,40.0,0,32.744,358.281,166.91,-309.3
13:34:09,29.925,383.659,40.0,0,32.744,358.461,163.4,-309.3
13:34:09,30.053,399.153,40.0,0,32.744,358.607,159.558,-309.296
13:34:09,30.157,422.932,40.0,0,32.744,358.678,156.373,-309.294
13:34:09,30.266,447.347,40.0,0,31.159,358.713,152.985,-309.296
13:34:09,30.379,455.413,40.0,0,31.159,358.707,149.634,-309.296
13:34:09,30.485,463.913,40.0,0,31.159,358.647,146.318,-309.3
13:34:09,30.606,472.356,40.0,0,31.159,358.524,142.922,-309.302
13:34:09,30.73,481.374,40.0,0,31.159,358.346,139.339,-309.305
13:34:09,30.851,481.616,40.0,0,29.141,358.104,135.813,-309.312
13:34:09,30.973,490.656,40.0,0,29.141,357.794,132.32,-309.317
13:34:09,31.102,490.785,40.0,0,29.141,357.435,128.878,-309.328
13:34:09,31.219,499.35,40.0,0,29.141,357.05,125.808,-309.335
13:34:09,31.336,499.829,40.0,0,27.86,356.571,122.459,-309.349
13:34:09,31.452,509.212,40.0,0,27.86,356.078,119.468,-309.359
13:34:09,31.566,518.737,40.0,0,27.86,355.533,116.518,-309.374
13:34:09,31.682,518.963,40.0,0,27.86,354.917,113.498,-309.389
13:34:09,31.788,519.613,40.0,0,27.86,354.267,110.618,-309.405
13:34:09,31.902,529.351,40.0,0,26.17,353.589,107.85,-309.426
13:34:09,32.037,529.5,40.0,0,26.17,353.44,107.282,-309.43
13:34:09,32.15,529.299,40.0,0,26.17,353.641,105.819,-309.427
13:34:09,32.26,537.274,40.0,0,26.17,354.826,96.464,-309.412
13:34:09,32.384,536.12,40.0,0,51.638,355.98,84.702,-309.396
13:34:09,32.489,544.642,40.0,0,51.638,356.708,73.805,-309.388
13:34:09,32.6,544.274,40.0,0,51.638,357.076,64.508,-309.382
13:34:09,32.709,544.16,40.0,0,51.638,357.19,53.839,-309.381
13:34:09,32.819,544.784,40.0,0,51.638,356.996,43.664,-309.381
13:34:09,32.929,554.621,40.0,0,90.845,356.509,33.632,-309.389
13:34:09,33.051,555.402,40.0,0,90.845,355.728,23.746,-309.397
13:34:09,33.171,556.596,40.0,0,90.845,354.534,12.979,-309.415
13:34:09,33.281,557.656,40.0,0,90.845,353.474,5.476,-309.428
13:34:09,33.391,557.69,40.0,0,90.845,353.44,5.277,-309.426
13:34:09,33.512,557.567,40.0,0,52.198,353.563,4.513,-309.425
13:34:09,33.623,565.742,40.0,0,52.198,354.838,-5.287,-309.409
13:34:09,33.734,564.208,40.0,0,52.198,355.932,-15.282,-309.399
13:34:09,33.849,563.469,40.0,0,52.198,356.671,-24.283,-309.391
13:34:09,33.958,572.44,40.0,0,84.295,357.23,-35.776,-309.385
13:34:09,34.078,572.181,40.0,0,84.295,357.489,-46.481,-309.384
13:34:09,34.189,572.261,40.0,0,84.295,357.409,-56.956,-309.384
13:34:09,34.298,582.696,40.0,0,84.295,357.044,-66.665,-309.391
13:34:09,34.417,573.84,40.0,0,84.295,356.28,-77.237,-309.401
13:34:09,34.548,584.686,40.0,0,94.83,355.054,-89.038,-309.415
13:34:09,34.674,595.76,40.0,0,94.83,353.71,-100.934,-309.431
13:34:09,34.792,586.117,40.0,1,94.83,353.623,-100.327,-309.432
13:34:09,34.91,585.747,40.0,1,94.83,353.993,-102.046,-309.398
13:34:09,35.041,574.314,40.0,1,49.614,355.806,-116.802,-309.229
13:34:09,35.178,573.109,40.0,1,49.614,357.011,-128.653,-309.126
13:34:09,35.289,572.35,40.0,1,49.614,357.77,-140.742,-309.069
13:34:09,35.4,581.606,40.0,1,49.614,358.134,-151.083,-309.06
13:34:09,35.511,581.633,40.0,1,106.19,358.107,-163.282,-309.092
13:34:09,35.632,582.122,40.0,1,106.19,357.618,-176.083,-309.173
13:34:09,35.752,583.1,40.0,1,106.19,356.64,-190.741,-309.304
13:34:09,35.875,594.25,40.0,1,106.19,355.22,-203.721,-309.477
13:34:09,35.994,595.002,40.0,1,106.19,354.468,-208.164,-309.564
13:34:09,36.113,594.493,40.0,1,74.1,354.977,-205.727,-309.504
13:34:09,36.226,593.017,40.0,1,74.1,356.453,-193.779,-309.331
13:34:09,36.346,591.852,40.0,1,74.1,357.618,-179.125,-309.183
13:34:09,36.462,591.215,40.0,1,74.1,358.255,-167.063,-309.093
13:34:09,36.585,590.978,40.0,1,105.232,358.492,-154.152,-309.037
13:34:09,36.7,591.165,40.0,1,105.232,358.305,-143.831,-309.026
13:34:09,36.812,591.817,40.0,1,105.232,357.653,-130.601,-309.063
13:34:09,36.934,592.871,40.0,1,105.232,356.599,-118.77,-309.145
13:34:09,37.057,594.399,40.0,1,105.232,355.071,-105.141,-309.277
13:34:09,37.181,595.904,40.0,1,101.451,353.566,-96.789,-309.418
13:34:09,37.297,596.037,40.0,1,101.451,353.433,-95.524,-309.427
13:34:09,37.442,595.339,40.0,1,101.451,354.131,-90.367,-309.42
13:34:09,37.6,593.702,40.0,1,53.97,355.768,-76.337,-309.405
13:34:09,37.717,592.852,40.0,1,53.97,356.618,-66.618,-309.401
13:34:09,37.839,592.254,40.0,1,53.97,357.216,-54.344,-309.397
13:34:09,37.955,592.049,40.0,1,53.97,357.421,-43.308,-309.395
13:34:09,38.081,592.2,40.0,1,53.97,357.27,-32.581,-309.394
13:34:09,38.217,593.168,40.0,1,86.757,356.702,-20.879,-309.401
13:34:09,38.339,594.072,40.0,1,86.757,355.798,-8.02,-309.408
13:34:09,38.475,595.473,40.0,1,86.757,354.397,4.14,-309.422
13:34:09,38.603,596.438,40.0,1,86.757,353.432,10.876,-309.429
13:34:09,38.722,596.365,40.0,1,65.975,353.505,11.33,-309.43
13:34:09,38.877,595.285,40.0,1,65.975,354.585,19.57,-309.413
13:34:09,39.001,604.046,40.0,1,65.975,355.634,29.964,-309.394
13:34:09,39.118,603.311,40.0,1,65.975,356.369,40.547,-309.385
13:34:09,39.243,612.845,40.0,1,76.647,356.745,50.247,-309.381
13:34:09,39.368,612.362,40.0,1,76.647,356.828,62.211,-309.382
13:34:09,39.492,612.639,40.0,1,76.647,356.551,72.914,-309.386
13:34:09,39.615,603.73,40.0,1,76.647,355.95,83.749,-309.396
13:34:09,39.735,604.668,40.0,1,91.76,355.012,94.697,-309.406
13:34:09,39.858,596.147,40.0,1,91.76,353.723,105.9,-309.426
13:34:09,39.988,606.241,40.0,1,91.76,353.439,108.074,-309.431
13:34:09,40.117,606.166,40.0,1,91.76,353.514,108.372,-309.428
13:34:09,40.242,605.47,40.0,1,25.749,354.21,111.281,-309.409
13:34:09,40.368,594.966,40.0,1,25.749,354.904,114.47,-309.39
13:34:09,40.517,594.242,40.0,1,25.749,355.628,118.222,-309.372
13:34:09,40.641,593.635,40.0,1,25.749,356.235,121.823,-309.356
13:34:09,40.768,593.157,40.0,1,26.727,356.713,125.047,-309.346
13:34:09,40.893,592.76,40.0,1,26.727,357.11,128.2,-309.334
13:34:09,41.014,592.366,40.0,1,26.727,357.504,131.842,-309.326
13:34:09,41.144,592.04,40.0,1,26.727,357.83,135.532,-309.319
13:34:09,41.286,591.766,40.0,1,27.731,358.104,139.619,-309.312
13:34:09,41.429,591.581,40.0,1,27.731,358.289,143.538,-309.307
13:34:09,41.559,591.47,40.0,1,27.731,358.4,147.398,-309.304
13:34:09,41.702,601.236,40.0,1,27.731,358.444,151.665,-309.302
13:34:09,41.826,601.251,40.0,1,29.362,358.429,155.033,-309.302
13:34:09,41.986,601.37,40.0,1,29.362,358.31,160.025,-309.302
13:34:09,42.124,601.546,40.0,1,29.362,358.134,164.486,-309.305
13:34:09,42.248,601.368,40.0,1,29.362,357.912,168.363,-309.308
13:34:09,42.376,601.638,40.0,1,31.773,357.642,172.303,-309.317
13:34:09,42.515,602.428,40.0,1,31.773,357.252,176.931,-309.324
13:34:09,42.646,602.849,40.0,1,31.773,356.831,181.227,-309.329
13:34:09,42.786,603.373,40.0,1,31.773,356.307,185.972,-309.346
13:34:09,42.918,603.88,40.0,1,33.038,355.8,190.108,-309.359
13:34:09,43.044,604.479,40.0,1,33.038,355.201,194.563,-309.376
13:34:09,43.175,605.159,40.0,1,33.038,354.521,199.204,-309.396
13:34:09,43.317,596.07,40.0,1,33.038,353.8,203.752,-309.418
13:34:09,43.442,596.775,40.0,1,28.434,353.425,206.048,-309.43
13:34:09,43.568,596.78,40.0,1,28.434,353.42,206.068,-309.431
13:34:09,43.701,596.312,40.0,1,28.434,353.888,207.95,-309.403
13:34:09,43.831,594.731,40.0,1,28.434,355.469,215.234,-309.305
13:34:09,43.969,593.368,40.0,1,36.009,356.832,223.367,-309.224
13:34:09,44.108,592.486,40.0,1,36.009,357.714,230.514,-309.179
13:34:09,44.236,591.873,40.0,1,36.009,358.327,238.252,-309.143
13:34:09,44.364,581.493,40.0,1,36.009,358.637,246.395,-309.128
13:34:09,44.499,581.514,40.0,1,59.207,358.616,253.949,-309.132
13:34:09,44.629,591.64,40.0,1,59.207,358.23,262.885,-309.152
13:34:09,44.768,592.314,40.0,1,59.207,357.556,271.244,-309.192
13:34:09,44.914,593.42,40.0,1,59.207,356.45,280.541,-309.254
13:34:09,45.046,584.941,40.0,1,64.719,355.189,288.69,-309.323
13:34:09,45.174,596.272,40.0,1,64.719,353.598,297.251,-309.418
13:34:09,45.302,596.445,40.0,1,64.719,353.425,298.072,-309.426
13:34:09,45.436,596.229,40.0,1,64.719,353.641,297.003,-309.415
13:34:09,45.559,594.641,40.0,1,10.149,355.229,288.188,-309.318
13:34:09,45.694,593.351,40.0,1,10.149,356.519,279.431,-309.243
13:34:09,45.826,592.391,40.0,1,10.149,357.479,270.816,-309.186
13:34:09,45.953,591.384,40.0,1,10.149,358.086,262.884,-309.152
13:34:09,46.093,591.039,40.0,1,64.876,358.431,253.842,-309.133
13:34:09,46.237,591.113,40.0,1,64.876,358.357,244.248,-309.137
13:34:09,46.378,591.526,40.0,1,64.876,357.944,236.298,-309.158
13:34:09,46.514,592.27,40.0,1,64.876,357.2,228.5,-309.2
13:34:09,46.645,593.669,40.0,1,58.999,356.201,221.311,-309.258
13:34:09,46.78,595.237,40.0,1,58.999,354.633,212.898,-309.354
13:34:09,46.916,596.765,40.0,1,58.999,353.435,207.683,-309.431
13:34:09,47.059,587.025,40.0,1,58.999,353.435,207.668,-309.43
13:34:09,47.205,576.902,40.0,1,27.158,353.928,204.786,-309.416
13:34:09,47.37,585.678,40.0,1,27.158,354.782,199.373,-309.386
13:34:09,47.512,584.952,40.0,1,27.158,355.508,194.44,-309.367
13:34:09,47.65,584.356,40.0,1,34.384,356.104,189.97,-309.348
13:34:09,47.781,593.507,40.0,1,34.384,356.693,185.16,-309.334
13:34:09,47.922,583.319,40.0,1,34.384,357.141,181.067,-309.323
13:34:09,48.055,573.235,40.0,1,34.384,357.595,176.368,-309.315
13:34:09,48.198,582.521,40.0,1,32.744,357.939,172.114,-309.305
13:34:09,48.343,572.816,40.0,1,32.744,358.274,167.163,-309.302
13:34:09,48.485,582.231,40.0,1,32.744,358.499,162.653,-309.297
13:34:09,48.644,572.446,40.0,1,32.744,358.644,158.088,-309.298
13:34:09,48.785,572.375,40.0,1,31.293,358.715,153.464,-309.294
13:34:09,48.943,572.391,40.0,1,31.293,358.699,148.8,-309.299
13:34:09,49.082,572.49,40.0,1,31.293,358.6,144.791,-309.3
13:34:09,49.225,572.668,40.0,1,29.272,358.422,140.608,-309.307
13:34:09,49.364,572.926,40.0,1,29.272,358.164,136.603,-309.309
13:34:09,49.51,573.247,40.0,1,29.272,357.843,132.77,-309.319
13:34:09,49.646,573.669,40.0,1,29.272,357.421,128.769,-309.326
13:34:09,49.791,574.16,40.0,1,28.124,356.93,124.943,-309.338
13:34:09,49.928,574.715,40.0,1,28.124,356.375,121.28,-309.349
13:34:09,50.069,575.38,40.0,1,28.124,355.71,117.461,-309.368
13:34:09,50.207,576.13,40.0,1,28.124,354.96,113.702,-309.389
13:34:09,50.348,576.97,40.0,1,26.341,354.12,110.007,-309.409
13:34:09,50.499,577.628,40.0,1,26.341,353.462,107.366,-309.427
13:34:09,50.641,577.504,40.0,1,26.341,353.586,106.251,-309.429
13:34:09,50.789,576.05,40.0,1,43.284,355.04,94.556,-309.41
13:34:09,50.94,574.66,40.0,1,43.284,356.43,78.674,-309.393
13:34:09,51.104,573.992,40.0,1,43.284,357.098,63.392,-309.381
13:34:09,51.255,573.675,40.0,1,43.284,357.155,50.188,-309.381
13:34:09,51.404,564.556,40.0,1,93.757,356.714,37.201,-309.383
13:34:09,51.54,556.57,40.0,1,93.757,355.85,25.149,-309.395
13:34:09,51.683,558.006,40.0,1,93.757,354.534,12.979,-309.415
13:34:09,51.826,578.1,40.0,1,65.718,353.44,5.277,-309.426
13:34:09,51.976,577.324,40.0,1,65.718,354.126,0.614,-309.42
13:34:09,52.124,708.554,57.3,1,65.718,355.686,-13.789,-309.4
13:34:09,52.276,843.815,132.5,1,65.718,356.835,-27.753,-309.387
13:34:09,52.442,914.695,150.0,1,87.562,357.435,-42.858,-309.385
13:34:09,52.589,963.819,150.0,1,87.562,357.431,-55.689,-309.384
13:34:09,52.749,1038.476,150.0,1,87.562,356.814,-70.613,-309.395
13:34:09,52.907,1077.015,150.0,1,90.931,355.545,-85.478,-309.41
13:34:09,53.072,1051.798,150.0,1,90.931,353.932,-98.424,-309.429
13:34:09,53.217,1040.307,150.0,2,90.931,353.623,-100.327,-309.432
13:34:09,53.365,1118.555,150.0,2,133.989,356.565,-123.719,-309.164
13:34:09,53.518,1133.033,150.0,2,133.989,357.447,-179.276,-309.194
13:34:09,53.669,1166.792,150.0,2,133.989,354.468,-208.164,-309.564
13:34:09,53.832,1166.27,150.0,2,133.989,356.2,-195.487,-309.364
13:34:09,53.985,1165.246,150.0,2,44.224,357.224,-124.174,-309.094
13:34:09,54.16,1184.327,150.0,2,44.224,353.433,-95.524,-309.427
13:34:09,54.321,1182.777,150.0,2,44.224,354.983,-83.022,-309.416
13:34:09,54.479,1139.184,150.0,2,224.902,357.116,-27.015,-309.396
13:34:09,54.62,1172.535,150.0,2,224.902,353.475,10.602,-309.43
13:34:09,54.756,1201.297,150.0,2,224.902,353.903,14.212,-309.42
13:34:09,54.915,1256.124,150.0,2,224.902,356.806,63.901,-309.382
13:34:09,55.054,1289.017,150.0,2,225.747,353.633,106.599,-309.428
13:34:09,55.201,1258.72,150.0,2,225.747,353.45,108.104,-309.429
13:34:09,55.332,1212.397,150.0,2,225.747,355.063,115.235,-309.386
13:34:09,55.467,1195.894,150.0,2,71.25,357.146,128.437,-309.336
13:34:09,55.596,1194.834,150.0,2,71.25,358.206,141.508,-309.312
13:34:09,55.737,1180.369,150.0,2,71.25,358.351,158.881,-309.302
13:34:09,55.88,1195.489,150.0,2,71.25,357.551,173.44,-309.316
13:34:09,56.008,1211.669,150.0,2,119.038,355.791,190.16,-309.357
13:34:09,56.135,1212.776,150.0,2,119.038,353.694,204.444,-309.423
13:34:09,56.272,1198.64,150.0,2,119.038,353.42,206.068,-309.431
13:34:09,56.418,1225.587,150.0,2,119.038,355.373,214.772,-309.311
13:34:09,56.553,1222.398,150.0,2,105.844,358.562,243.408,-309.133
13:34:09,56.685,1208.451,150.0,2,105.844,356.899,277.054,-309.227
13:34:09,56.834,1197.535,150.0,2,105.844,353.425,298.072,-309.426
13:34:09,56.971,1211.639,150.0,2,105.844,353.711,296.62,-309.406
13:34:09,57.107,1193.374,150.0,2,21.411,357.586,269.67,-309.181
13:34:09,57.238,1192.841,150.0,2,21.411,358.119,238.88,-309.15
13:34:09,57.37,1211.198,150.0,2,21.411,354.152,210.709,-309.383
13:34:09,57.503,1211.915,150.0,2,21.411,353.435,207.683,-309.431
13:34:09,57.646,1196.745,150.0,2,119.089,354.215,203.037,-309.405
13:34:09,57.786,1208.789,150.0,2,119.089,356.561,186.27,-309.336
13:34:09,57.92,1192.877,150.0,2,119.089,358.083,170.148,-309.303
13:34:09,58.059,1192.244,150.0,2,119.089,358.716,153.422,-309.296
13:34:09,58.204,1192.914,150.0,2,118.082,358.046,135.027,-309.313
13:34:09,58.36,1180.271,150.0,2,118.082,356.399,121.423,-309.35
13:34:09,58.498,1182.825,150.0,2,118.082,353.845,108.882,-309.417
13:34:09,58.642,1183.23,150.0,2,58.616,353.44,107.282,-309.43
13:34:09,58.784,1183.07,150.0,2,58.616,353.6,106.195,-309.429
13:34:09,58.937,1179.514,150.0,2,58.616,357.156,60.273,-309.381
13:34:09,59.075,1181.883,150.0,2,58.616,354.787,15.044,-309.408
13:34:09,59.215,1183.23,150.0,2,188.251,353.44,5.277,-309.426
13:34:09,59.381,1180.58,150.0,2,188.251,356.09,-17.661,-309.398
13:34:09,59.517,1180.723,150.0,2,188.251,357.037,-66.476,-309.392
13:34:09,59.656,1184.135,150.0,3,188.251,353.625,-100.331,-309.432
13:34:09,59.799,1198.121,150.0,3,201.845,353.939,-102.349,-309.402
13:34:09,59.965,1194.011,150.0,3,201.845,358.049,-147.038,-309.059
13:34:09,60.135,1197.434,150.0,3,201.845,354.626,-207.303,-309.545
13:34:09,60.271,1183.285,150.0,3,198.103,354.475,-208.185,-309.563
13:34:09,60.439,1179.527,150.0,3,198.103,358.233,-168.51,-309.098
13:34:09,60.583,1180.695,150.0,3,198.103,355.975,-112.254,-309.197
13:34:09,60.722,1183.237,150.0,3,198.103,353.433,-95.524,-309.427
13:34:09,60.868,1181.398,150.0,3,227.127,355.272,-81.599,-309.41
13:34:09,61.016,1179.554,150.0,3,227.127,357.116,-27.015,-309.396
13:34:09,61.167,1183.13,150.0,3,227.127,353.54,10.179,-309.428
13:34:09,61.31,1182.767,150.0,3,225.919,353.903,14.212,-309.42
13:34:09,61.45,1179.829,150.0,3,225.919,356.841,57.267,-309.379
13:34:09,61.596,1182.642,150.0,3,225.919,354.028,103.534,-309.424
13:34:09,61.752,1183.224,150.0,3,225.919,353.446,108.08,-309.432
13:34:09,61.9,1181.461,150.0,3,165.765,355.209,116.014,-309.382
13:34:09,62.05,1179.3,150.0,3,165.765,357.37,130.5,-309.331
13:34:09,62.195,1178.306,150.0,3,165.765,358.364,145.858,-309.305
13:34:09,62.336,1178.431,150.0,3,106.465,358.239,162.108,-309.304
13:34:09,62.486,1180.724,150.0,3,106.465,357.036,179.252,-309.328
13:34:09,62.632,1183.098,150.0,3,106.465,354.662,198.239,-309.39
13:34:09,62.78,1184.34,150.0,3,106.465,353.42,206.068,-309.431
13:34:09,62.939,1181.913,150.0,3,84.401,355.847,217.275,-309.282
13:34:09,63.094,1179.107,150.0,3,84.401,358.653,250.666,-309.128
13:34:09,63.249,1182.432,150.0,3,84.401,355.328,287.831,-309.314
13:34:09,63.402,1184.335,150.0,3,162.084,353.425,298.072,-309.426
13:34:09,63.547,1181.651,150.0,3,162.084,356.109,282.403,-309.265
13:34:09,63.695,1194.628,150.0,3,162.084,358.412,246.15,-309.136
13:34:09,63.865,1198.505,150.0,3,162.084,354.535,212.437,-309.358
13:34:09,64.011,1199.605,150.0,3,172.883,353.435,207.683,-309.431
13:34:09,64.159,1198.955,150.0,3,172.883,354.085,203.782,-309.407
13:34:09,64.311,1196.364,150.0,3,172.883,356.676,185.276,-309.332
13:34:09,64.461,1194.753,150.0,3,85.691,358.287,166.83,-309.3
13:34:09,64.617,1193.349,150.0,3,85.691,358.711,150.269,-309.298
13:34:09,64.765,1194.162,150.0,3,85.691,357.898,133.341,-309.315
13:34:09,64.914,1196.352,150.0,3,103.173,355.708,117.446,-309.367
13:34:09,65.067,1198.586,150.0,3,103.173,353.474,107.434,-309.426
13:34:09,65.22,1198.575,150.0,3,103.173,353.485,106.985,-309.43
13:34:09,65.391,1195.07,150.0,3,103.173,356.99,67.207,-309.384
13:34:09,65.549,1197.894,150.0,3,181.074,354.166,10.218,-309.419
13:34:09,65.711,1184.308,150.0,3,181.074,353.452,5.214,-309.427
13:34:09,65.89,1180.59,150.0,3,181.074,357.17,-33.409,-309.386
13:34:09,66.043,1181.967,150.0,3,199.794,355.793,-83.874,-309.407
13:34:09,66.201,1184.137,150.0,4,199.794,353.623,-100.327,-309.432
13:34:09,66.367,1180.552,150.0,4,199.794,357.208,-130.086,-309.109
13:34:09,66.528,1166.691,150.0,4,222.841,356.859,-187.206,-309.276
13:34:09,66.68,1169.082,150.0,4,222.841,354.468,-208.164,-309.564
13:34:09,66.832,1181.237,150.0,4,222.841,356.523,-192.483,-309.323
13:34:09,66.989,1180.073,150.0,4,210.868,357.687,-130.063,-309.061
13:34:09,67.167,1184.327,150.0,4,210.868,353.433,-95.524,-309.427
13:34:09,67.334,1181.441,150.0,4,210.868,356.319,-70.575,-309.402
13:34:09,67.491,1179.901,150.0,4,210.868,356.769,-21.795,-309.398
13:34:09,67.642,1183.238,150.0,4,206.447,353.432,10.876,-309.429
13:34:09,67.805,1195.909,150.0,4,206.447,355.051,23.774,-309.406
13:34:09,67.986,1194.855,150.0,4,206.447,356.105,81.399,-309.391
13:34:09,68.136,1197.521,150.0,4,183.605,353.439,108.074,-309.431
13:34:09,68.302,1197.01,150.0,4,183.605,353.95,110.164,-309.418
13:34:09,68.466,1194.35,150.0,4,183.605,356.61,124.359,-309.346
13:34:09,68.624,1192.754,150.0,4,76.572,358.206,141.508,-309.312
13:34:09,68.779,1192.641,150.0,4,76.572,358.319,159.795,-309.302
13:34:09,68.945,1193.833,150.0,4,76.572,357.127,178.273,-309.326
13:34:09,69.102,1196.508,150.0,4,111.485,354.452,199.646,-309.398
13:34:09,69.273,1197.54,150.0,4,111.485,353.42,206.068,-309.431
13:34:09,69.448,1195.261,150.0,4,111.485,355.699,216.434,-309.292
13:34:09,69.603,1192.307,150.0,4,137.128,358.653,250.666,-309.128
13:34:09,69.77,1197.046,150.0,4,137.128,355.014,289.71,-309.337
13:34:09,69.929,1198.629,150.0,4,137.128,353.431,298.059,-309.425
13:34:09,70.114,1208.719,150.0,4,137.128,357.751,267.749,-309.172
13:34:09,70.279,1208.919,150.0,4,74.386,357.551,231.74,-309.18
13:34:09,70.441,1211.915,150.0,4,74.386,353.435,207.683,-309.431
13:34:09,70.613,1211.716,150.0,4,74.386,353.634,206.525,-309.422
13:34:09,70.777,1209.089,150.0,4,90.01,356.261,188.777,-309.346
13:34:09,70.956,1207.116,150.0,4,90.01,358.234,167.772,-309.302
13:34:09,71.118,1206.651,150.0,4,90.01,358.699,148.935,-309.298
13:34:09,71.282,1206.395,150.0,4,113.891,357.695,131.244,-309.322
13:34:09,71.452,1223.613,150.0,4,113.891,354.927,113.548,-309.388
13:34:09,71.634,1225.1,150.0,4,113.891,353.44,107.282,-309.43
13:34:09,71.801,1224.353,150.0,4,77.398,354.187,101.811,-309.422
13:34:09,71.963,1207.185,150.0,4,77.398,356.905,41.159,-309.382
13:34:09,72.133,1210.65,150.0,4,77.398,353.44,5.277,-309.426
13:34:09,72.327,1208.527,150.0,4,209.865,355.563,-11.038,-309.403
13:34:09,72.501,1207.207,150.0,4,209.865,356.883,-69.717,-309.393
13:34:09,72.67,1210.467,150.0,5,209.865,353.623,-100.327,-309.432
13:34:09,72.842,1206.771,150.0,5,236.687,357.319,-132.546,-309.104
13:34:09,73.022,1207.033,150.0,5,236.687,355.667,-199.405,-309.424
13:34:09,73.205,1208.183,150.0,5,236.687,354.517,-208.486,-309.559
13:34:09,73.394,1204.272,150.0,5,11.755,358.428,-147.025,-309.026
13:34:09,73.564,1209.145,150.0,5,11.755,353.555,-96.872,-309.42
13:34:09,73.729,1209.113,150.0,5,11.755,353.587,-94.554,-309.425
13:34:09,73.894,1205.279,150.0,5,220.656,357.421,-41.398,-309.394
13:34:09,74.065,1210.441,150.0,5,220.656,353.649,9.503,-309.429
13:34:09,74.263,1194.669,150.0,5,220.656,355.051,23.774,-309.406
13:34:09,74.437,1208.078,150.0,5,224.142,356.012,82.756,-309.391
13:34:09,74.608,1196.281,150.0,5,224.142,353.439,108.074,-309.431
13:34:09,74.784,1195.115,150.0,5,224.142,354.605,113.023,-309.4
13:34:09,74.961,1193.59,150.0,5,78.743,357.37,130.5,-309.331
13:34:09,75.148,1192.521,150.0,5,78.743,358.439,150.279,-309.304
13:34:09,75.328,1207.65,150.0,5,78.743,357.7,171.526,-309.313
13:34:09,75.507,1195.571,150.0,5,116.182,355.389,193.188,-309.369
13:34:09,75.68,1198.631,150.0,5,116.182,353.429,206.043,-309.43
13:34:09,75.849,1198.594,150.0,5,116.182,353.466,206.242,-309.428
13:34:09,76.031,1193.689,150.0,5,85.714,358.371,238.933,-309.142
13:34:09,76.212,1195.537,150.0,5,85.714,356.523,279.984,-309.249
13:34:09,76.386,1198.635,150.0,5,85.714,353.425,298.072,-309.426
13:34:09,76.562,1194.961,150.0,5,60.044,357.099,274.527,-309.206
13:34:09,76.734,1194.125,150.0,5,60.044,357.935,236.19,-309.161
13:34:09,76.929,1198.625,150.0,5,60.044,353.435,207.683,-309.431
13:34:09,77.109,1212.542,150.0,5,126.985,353.928,204.786,-309.416
13:34:09,77.307,1209.675,150.0,5,126.985,356.795,184.276,-309.333
13:34:09,77.487,1193.58,150.0,5,126.985,358.48,163.07,-309.299
13:34:09,77.671,1193.62,150.0,5,116.301,358.44,141.023,-309.305
13:34:09,77.859,1195.464,150.0,5,116.301,356.596,122.629,-309.347
13:34:09,78.038,1184.179,150.0,5,72.947,353.581,107.824,-309.425
13:34:09,78.215,1198.575,150.0,5,72.947,353.485,106.985,-309.43
13:34:09,78.405,1180.578,150.0,5,72.947,357.182,52.028,-309.381
13:34:09,78.588,1184.27,150.0,5,188.883,353.49,5.553,-309.429
13:34:09,78.769,1181.842,150.0,5,188.883,354.828,-5.35,-309.409
13:34:09,78.955,1193.859,150.0,5,188.883,357.101,-65.862,-309.388
13:34:09,79.135,1183.047,150.0,6,202.637,353.623,-100.327,-309.432
13:34:09,79.315,1193.872,150.0,6,202.637,357.088,-129.62,-309.118
13:34:09,79.501,1195.002,150.0,6,202.637,355.958,-196.007,-309.387
13:34:09,79.681,1182.195,150.0,6,192.392,354.475,-208.185,-309.563
13:34:09,79.882,1192.473,150.0,6,192.392,358.487,-155.184,-309.037
13:34:09,80.074,1197.489,150.0,6,192.392,353.471,-95.284,-309.425
13:34:09,80.257,1195.164,150.0,6,226.962,354.556,-87.57,-309.418
13:34:09,80.446,1192.728,150.0,6,226.962,356.992,-25.731,-309.398
13:34:09,80.637,1196.288,150.0,6,226.962,353.432,10.876,-309.429
13:34:09,80.82,1193.233,150.0,6,221.719,356.487,42.878,-309.384
13:34:09,81.022,1210.062,150.0,6,221.719,354.028,103.534,-309.424
13:34:09,81.218,1210.64,150.0,6,144.403,353.45,108.104,-309.429
13:34:09,81.408,1208.088,150.0,6,144.403,356.002,120.345,-309.364
13:34:09,81.609,1191.578,150.0,6,144.403,358.142,140.211,-309.313
13:34:09,81.801,1205.851,150.0,6,108.888,358.239,162.108,-309.304
13:34:09,82.034,1208.369,150.0,6,108.888,355.721,190.663,-309.359
13:34:09,82.238,1197.54,150.0,6,108.888,353.42,206.068,-309.431
13:34:09,82.425,1196.364,150.0,6,70.617,354.596,211.043,-309.358
13:34:09,82.62,1192.31,150.0,6,70.617,358.65,251.577,-309.129
13:34:09,82.82,1197.328,150.0,6,173.502,353.632,297.092,-309.419
13:34:09,83.015,1197.172,150.0,6,173.502,353.788,296.214,-309.405
13:34:09,83.199,1192.541,150.0,6,173.502,358.419,254.472,-309.135
13:34:09,83.39,1196.563,150.0,6,172.692,354.397,211.81,-309.366
13:34:09,83.582,1197.525,150.0,6,172.692,353.435,207.683,-309.431
13:34:09,83.78,1196.032,150.0,6,172.692,354.928,198.451,-309.383
13:34:09,83.974,1194.086,150.0,6,64.466,357.974,171.587,-309.305
13:34:09,84.194,1193.373,150.0,6,64.466,358.687,148.04,-309.298
13:34:09,84.386,1194.835,150.0,6,108.704,357.225,127.106,-309.333
13:34:09,84.58,1198.002,150.0,6,108.704,354.058,109.76,-309.411
13:34:09,84.77,1198.575,150.0,6,108.704,353.485,106.985,-309.43
13:34:09,84.968,1194.868,150.0,6,150.903,357.192,53.397,-309.381
13:34:09,85.164,1184.32,150.0,6,150.903,353.44,5.277,-309.426
13:34:09,85.365,1182.061,150.0,6,150.903,355.699,-13.698,-309.4
13:34:09,85.556,1181.967,150.0,7,212.818,355.793,-83.874,-309.407
13:34:09,85.762,1169.754,150.0,7,212.818,353.796,-101.237,-309.413
13:34:09,85.971,1179.897,150.0,7,243.19,357.863,-171.302,-309.132
13:34:09,86.176,1183.292,150.0,7,243.19,354.468,-208.164,-309.564
13:34:09,86.379,1179.824,150.0,7,243.19,357.936,-174.123,-309.141
13:34:09,86.585,1183.602,150.0,7,167.098,354.158,-99.206,-309.361
13:34:09,86.789,1183.792,150.0,7,167.098,353.968,-91.175,-309.423
13:34:09,86.986,1180.585,150.0,7,214.815,357.175,-29.657,-309.394
13:34:09,87.188,1198.628,150.0,7,214.815,353.432,10.876,-309.429
13:34:09,87.406,1195.93,150.0,7,214.815,356.13,36.435,-309.391
13:34:09,87.603,1197.708,150.0,7,185.972,354.352,100.824,-309.417
13:34:09,87.8,1198.61,150.0,7,185.972,353.45,108.104,-309.429
13:34:09,88.01,1181.324,150.0,7,61.812,356.436,123.146,-309.35
13:34:09,88.213,1193.744,150.0,7,61.812,358.316,144.111,-309.31
13:34:09,88.422,1194.106,150.0,7,61.812,357.954,167.728,-309.311
