0.074,1500,0.013251369999999998,0.004758239999999997,-0.008848900000000048,0
0.085,1500,0.01525137,0.004758239999999997,-0.00984890000000005,0
0.096,1500,0.02325137,0.00875824,-0.005848900000000046,0
0.106,1500,0.02325137,0.004758239999999997,0.0011510999999999605,0
0.116,1500,0.01525137,0.005758239999999998,-0.003848900000000044,0
0.126,1500,0.013251369999999998,0.01175823999999999,-0.003848900000000044,0
0.136,1500,0.02125137,0.003758239999999996,-0.004848900000000045,0
0.146,1500,0.02825137,0.002758239999999995,0.0001510999999999596,0
0.156,1500,0.02525137,0.00775824,0.0031510999999999623,0
0.166,1500,0.02525137,0.006758239999999999,0.007151099999999966,0
0.176,1500,0.02925137,0.0017582399999999943,0.004151099999999963,0
0.187,1500,0.02125137,0.0017582399999999943,0.005151099999999964,0
0.196,1500,0.02225137,0.005758239999999998,0.0011510999999999605,0
0.206,1500,0.01525137,0.00775824,-0.00984890000000005,0
0.216,1500,0.01725137,0.009758240000000001,-0.004848900000000045,0
0.225,1500,0.01525137,0.005758239999999998,-0.004848900000000045,0
0.236,1500,0.02825137,0.005758239999999998,0.0031510999999999623,0
0.246,1500,0.01825137,0.006758239999999999,-0.0008489000000000413,0
0.256,1500,0.02325137,0.006758239999999999,-0.002848900000000043,0
0.266,1500,0.02725137,0.006758239999999999,0.0001510999999999596,0
0.276,1500,0.02725137,0.004758239999999997,0.0031510999999999623,0
0.286,1500,0.02425137,0.00875824,0.0001510999999999596,0
0.296,1500,0.02525137,0.006758239999999999,0.0011510999999999605,0
0.305,1500,0.01925137,0.003758239999999996,-0.0018489000000000422,0
0.316,1500,0.012251369999999998,0.004758239999999997,-0.004848900000000045,0
0.325,1500,0.02325137,0.006758239999999999,-0.006848900000000047,0
0.336,1500,0.01425137,0.002758239999999995,-0.005848900000000046,0
0.346,1500,0.01725137,0.004758239999999997,0.0011510999999999605,0
0.356,1500,0.01725137,0.010758240000000002,-0.007848900000000048,0
0.366,1500,0.01825137,0.00775824,-0.0008489000000000413,0
0.375,1500,0.02625137,0.002758239999999995,0.0001510999999999596,0
0.386,1500,0.02125137,0.003758239999999996,-0.003848900000000044,0
0.396,1500,0.03125137,0.006758239999999999,0.0011510999999999605,0
0.406,1500,0.02625137,0.002758239999999995,0.004151099999999963,0
0.416,1500,0.03225137,-0.00024176000000000752,0.004151099999999963,0
0.425,1500,0.011251369999999997,0.005758239999999998,-0.0018489000000000422,0
0.436,1500,0.02825137,0.005758239999999998,-0.004848900000000045,0
0.446,1500,0.011251369999999997,0.003758239999999996,-0.0008489000000000413,0
0.456,1500,0.01925137,0.006758239999999999,0.0011510999999999605,0
0.466,1500,0.01525137,0.002758239999999995,-0.003848900000000044,0
0.476,1500,0.02025137,0.009758240000000001,-0.004848900000000045,0
0.486,1500,0.02925137,0.004758239999999997,0.0001510999999999596,0
0.496,1500,0.02625137,0.003758239999999996,0.0021510999999999614,0
0.506,1500,0.03025137,0.004758239999999997,0.0031510999999999623,0
0.516,1500,0.02125137,0.00875824,-0.002848900000000043,0
0.526,1500,0.03225137,0.003758239999999996,0.0011510999999999605,0
0.536,1500,0.02125137,-0.00024176000000000752,0.0021510999999999614,0
0.546,1500,0.02925137,0.00875824,0.004151099999999963,0
0.556,1500,0.010251370000000003,0.010758240000000002,-0.003848900000000044,0
0.565,1500,0.02525137,0.002758239999999995,-0.0018489000000000422,0
0.575,1500,0.006251369999999999,0.0017582399999999943,-0.002848900000000043,0
0.587,1500,0.02025137,0.006758239999999999,-0.005848900000000046,0
0.596,1500,0.01425137,0.00875824,-0.012848900000000052,0
0.606,1500,0.02625137,0.005758239999999998,-0.003848900000000044,0.0
0.617,1500,0.02525137,0.00775824,-0.005848900000000046,0.0
0.626,1500,0.02525137,0.004758239999999997,0.0021510999999999614,0.0
0.636,1500,0.02725137,0.006758239999999999,0.0011510999999999605,0.0
0.646,1500,0.02525137,-0.00024176000000000752,0.007151099999999966,0.0
0.656,1500,0.02525137,0.003758239999999996,0.004151099999999963,0.0
0.666,1500,0.02625137,0.009758240000000001,0.0011510999999999605,0.0
0.676,1500,0.011251369999999997,0.003758239999999996,-0.003848900000000044,0.0
0.686,1500,0.02025137,0.002758239999999995,-0.003848900000000044,0.0
0.696,1500,0.010251370000000003,0.006758239999999999,-0.005848900000000046,0.0
0.706,1500,0.02025137,0.006758239999999999,-0.003848900000000044,0.0
0.716,1500,0.01525137,0.0017582399999999943,0.0001510999999999596,0.0
0.726,1500,0.02525137,0.005758239999999998,-0.003848900000000044,0.0
0.736,1500,0.02525137,0.004758239999999997,0.004151099999999963,0.0
0.747,1500,0.03325137,0.006758239999999999,-0.0008489000000000413,0.0
0.756,1500,0.01725137,0.010758240000000002,0.0001510999999999596,0.0
0.766,1500,0.03025137,0.003758239999999996,-0.002848900000000043,0.0
0.776,1500,0.01925137,0.004758239999999997,-0.003848900000000044,0.0
0.786,1500,0.02525137,0.009758240000000001,-0.0008489000000000413,0.0
0.796,1500,0.01925137,0.002758239999999995,0.0021510999999999614,0.0
0.806,1500,0.02425137,0.0007582399999999934,0.0001510999999999596,0.0
0.816,1500,0.013251369999999998,0.00775824,-0.002848900000000043,0.0
0.826,1500,0.010251370000000003,0.006758239999999999,-0.00984890000000005,0.0
0.836,1500,0.02825137,0.00875824,-0.002848900000000043,0.0
0.846,1500,0.02225137,0.0017582399999999943,0.0001510999999999596,0.0
0.856,1500,0.03125137,0.00775824,0.006151099999999965,0.0
0.866,1500,0.02525137,0.00875824,0.0031510999999999623,0.0
0.876,1500,0.02425137,0.0017582399999999943,-0.0008489000000000413,0.0
0.887,1500,0.02625137,0.00875824,0.006151099999999965,0.0
0.896,1500,0.02125137,0.005758239999999998,0.0011510999999999605,0.0
0.906,1500,0.02325137,0.00775824,0.0011510999999999605,0.0
0.916,1500,0.01825137,0.006758239999999999,-0.004848900000000045,0.0
0.926,1500,0.01925137,0.006758239999999999,-0.002848900000000043,0.0
0.937,1500,0.01825137,0.00775824,-0.002848900000000043,0.0
0.946,1500,0.01925137,0.006758239999999999,-0.002848900000000043,0.0
0.956,1500,0.02225137,0.004758239999999997,-0.0018489000000000422,0.0
0.966,1500,0.02825137,0.005758239999999998,-0.003848900000000044,0.0
0.977,1500,0.02525137,0.004758239999999997,-0.0008489000000000413,0.0
0.987,1500,0.02525137,0.002758239999999995,0.0021510999999999614,0.0
0.996,1500,0.02525137,0.004758239999999997,0.006151099999999965,0.0
1.006,1500,0.02525137,0.00775824,0.0001510999999999596,0.0
1.016,1500,0.02525137,0.004758239999999997,0.0011510999999999605,0.0
1.026,1500,0.01725137,0.003758239999999996,-0.0008489000000000413,0.0
1.036,1500,0.01925137,0.006758239999999999,-0.007848900000000048,0.0
1.046,1500,0.01425137,0.004758239999999997,-0.003848900000000044,0.0
1.056,1500,0.01925137,0.00875824,-0.0008489000000000413,0.0
1.066,1500,0.01825137,0.009758240000000001,-0.0008489000000000413,0.0
1.076,1500,0.02025137,0.006758239999999999,-0.005848900000000046,0.0
1.086,1500,0.02125137,0.018758239999999995,-0.002848900000000043,0.0
1.096,1500,0.06225137,0.05975823999999999,-0.007848900000000048,0.0
1.106,1500,0.06325137,0.07875824000000001,-0.01084890000000005,0.0
1.116,1500,0.07425137,0.08475823999999998,-0.014848900000000054,0.0
1.126,1500,0.09425137,0.10675824,-0.01084890000000005,13.81531247925581
1.136,1500,0.14425137,0.11975823999999999,-0.0018489000000000422,13.81531247925581
1.146,1500,0.12125137,0.12775824,-0.00984890000000005,13.81531247925581
1.156,1500,0.10025137,0.14775823999999999,-0.012848900000000052,13.81531247925581
1.166,1500,0.11625137,0.16375824,-0.003848900000000044,13.81531247925581
1.176,1500,0.11925137,0.18175824000000002,-0.02084890000000006,13.81531247925581
1.186,1500,0.09925137,0.14175824,-0.01084890000000005,13.81531247925581
1.196,1500,0.10625137,0.12475823999999999,0.009151099999999968,13.81531247925581
1.206,1500,0.17025137,0.10875824,0.0021510999999999614,13.81531247925581
1.216,1500,0.09425137,0.06975824,-0.024848900000000063,13.81531247925581
1.226,1500,0.07825137,0.09375823999999999,0.0031510999999999623,13.81531247925581
1.236,1500,0.042251369999999996,0.07075824,-0.026848900000000064,13.81531247925581
1.247,1500,0.010251370000000003,0.08275823999999998,0.020151099999999977,13.81531247925581
1.256,1500,-0.04674863,0.05575823999999999,-0.02284890000000006,13.81531247925581
1.266,1500,0.050251370000000004,-0.04224176,0.006151099999999965,13.81531247925581
1.276,1500,0.05425137,0.0007582399999999934,-0.003848900000000044,13.81531247925581
1.286,1500,-0.04674863,0.054758239999999986,-0.02084890000000006,13.81531247925581
1.296,1500,-0.041748629999999995,0.05775823999999999,-0.061848899999999984,13.81531247925581
1.306,1500,0.04325137,-0.011241760000000003,0.02315109999999987,13.81531247925581
1.316,1500,-0.007748629999999999,-0.04124176,0.03315109999999988,13.81531247925581
1.326,1500,0.03025137,0.02275824,0.0611510999999999,13.81531247925581
1.336,1500,0.01725137,0.07175824,-0.006848900000000047,13.81531247925581
1.346,1500,0.008251370000000001,0.015758239999999993,-0.019848900000000058,13.81531247925581
1.356,1500,0.08125137,-0.016241760000000008,0.014151099999999972,13.81531247925581
1.366,1500,0.03225137,0.006758239999999999,-0.037848900000000074,13.81531247925581
1.376,1500,-0.01774863,0.020758239999999997,0.028151099999999984,13.81531247925581
1.386,1500,-0.026748629999999995,-0.00024176000000000752,0.027151099999999873,13.81531247925581
1.396,1500,-0.052748630000000005,0.00875824,-0.04184890000000008,13.81531247925581
1.406,1500,-0.021748630000000005,-0.026241760000000003,-0.030848900000000068,13.81531247925581
1.416,1500,-0.03174863,-0.051241760000000004,0.05815110000000001,13.81531247925581
1.426,1500,-0.07474863,0.03675824,-0.049848899999999974,13.81531247925581
1.436,1500,0.012251369999999998,0.05775823999999999,-0.026848900000000064,13.81531247925581
1.446,1500,0.13425136999999998,0.04975824000000001,0.014151099999999972,13.81531247925581
1.456,1500,0.08625137,-0.031241760000000007,0.04915109999999989,13.81531247925581
1.466,1500,0.06525137,0.026758240000000003,-0.016848900000000055,13.81531247925581
1.476,1500,-0.012748629999999997,0.08575823999999999,-0.018848900000000057,13.81531247925581
1.486,1500,-0.10174862999999999,0.03575824,-0.017848900000000056,13.81531247925581
1.496,1500,0.05525137,-0.00724176,-0.011848900000000051,13.81531247925581
1.506,1500,0.12825137,0.05075823999999998,-0.04784890000000008,13.81531247925581
1.517,1500,0.08325136999999999,0.15075824,-0.008848900000000048,13.81531247925581
1.527,1500,-0.024748629999999994,0.13075824,-0.09184890000000001,13.81531247925581
1.537,1500,0.09225137,0.030758239999999992,0.01115109999999997,13.81531247925581
1.547,1500,0.09025137,0.09775824,0.26215109999999997,13.81531247925581
1.557,1500,-0.019748630000000003,0.13275824,-0.04784890000000008,13.81531247925581
1.567,1500,-0.04574863,0.11875823999999999,-0.03284890000000007,13.81531247925581
1.576,1500,0.06525137,-0.02424176,0.028151099999999984,13.81531247925581
1.586,1500,0.07025137000000001,0.06075823999999999,0.07415110000000003,13.81531247925581
1.596,1500,0.03425137,0.10375824,0.014151099999999972,13.81531247925581
1.606,1500,0.07925137,0.02475824,0.0611510999999999,13.81531247925581
1.617,1500,0.06625137,-0.053241760000000006,0.08215110000000003,13.81531247925581
1.626,1500,-0.07674863,-0.08224176,0.02215109999999998,13.81531247925581
1.636,1500,-0.041748629999999995,-0.07124176,-0.06984889999999999,13.81531247925581
1.646,1500,-0.23774862999999996,-0.14824176,-0.12884890000000004,223.76061267657056
1.656,1500,-0.00874863,-0.21024176,-0.051848899999999976,223.76061267657056
1.666,1500,-0.052748630000000005,-0.16224176,-0.05984889999999998,223.76061267657056
1.676,1500,-0.03974862999999999,-0.09424176000000001,-0.037848900000000074,223.76061267657056
1.686,1500,-0.041748629999999995,-0.10824176,-0.02184890000000006,223.76061267657056
1.697,1500,0.15125137,-0.07624176,0.041151099999999885,223.76061267657056
1.707,1500,-0.09374863000000001,-0.15624176,-0.04084890000000008,223.76061267657056
1.717,1500,-0.027748629999999996,-0.029241760000000006,0.1591511,223.76061267657056
1.727,1500,-0.18474863000000002,-0.08224176,0.014151099999999972,223.76061267657056
1.737,1500,-0.17074863,-0.025241760000000002,0.026151099999999983,223.76061267657056
1.746,1500,-0.051748630000000004,-0.012241760000000004,-0.037848900000000074,223.76061267657056
1.757,1500,0.005251369999999998,-0.01924176000000001,-0.10184890000000002,223.76061267657056
1.766,1500,-0.054748630000000006,-0.06824176000000001,-0.0798489,223.76061267657056
1.776,1500,-0.04574863,-0.03824176000000001,-0.038848900000000075,223.76061267657056
1.786,1500,-0.004748629999999997,-0.04224176,-0.06784889999999999,223.76061267657056
1.796,1500,-0.03574863,0.03575824,-0.0758489,223.76061267657056
1.806,1500,0.10825137,0.03875824,-0.0858489,223.76061267657056
1.816,1500,-0.07074863,-0.015241760000000007,-0.10384890000000002,223.76061267657056
1.827,1500,0.03925137,0.014758239999999992,-0.016848900000000055,223.76061267657056
1.837,1500,0.04125137,0.00775824,-0.014848900000000054,223.76061267657056
1.847,1500,-0.03474863,-0.01824176000000001,0.0421511,223.76061267657056
1.857,1500,-0.14374863,-0.044241760000000005,-0.02284890000000006,223.76061267657056
1.867,1500,0.03025137,0.045758240000000006,0.03215109999999999,223.76061267657056
1.877,1500,-0.04374863,0.015758239999999993,0.02215109999999998,223.76061267657056
1.887,1500,-0.17574863000000002,-0.06624176000000001,-0.2108489,223.76061267657056
1.896,1500,-0.20274862999999999,0.004758239999999997,0.0031510999999999623,223.76061267657056
1.907,1500,0.012251369999999998,-0.010241760000000003,-0.10784890000000003,223.76061267657056
1.917,1500,0.02525137,0.013758239999999991,-0.16084890000000007,223.76061267657056
1.927,1500,-0.03974862999999999,-0.00324176000000001,-0.08984890000000001,223.76061267657056
1.937,1500,0.06725137,0.03975824,0.0001510999999999596,223.76061267657056
1.946,1500,-0.002748630000000002,-0.04624176000000001,-0.11084890000000003,223.76061267657056
1.956,1500,0.04925137,-0.014241760000000006,-0.002848900000000043,223.76061267657056
1.966,1500,0.25025137,0.08475823999999998,-0.008848900000000048,223.76061267657056
1.977,1500,-0.028748629999999997,0.034758239999999996,-0.03184890000000007,223.76061267657056
1.987,1500,0.05425137,0.046758240000000006,0.14115109999999997,223.76061267657056
1.997,1500,0.042251369999999996,0.032758239999999994,0.11815110000000006,223.76061267657056
2.006,1500,0.10825137,0.06575824,0.03415109999999999,223.76061267657056
2.016,1500,-0.10074862999999999,0.02775823999999999,-0.003848900000000044,223.76061267657056
2.026,1500,0.10025137,0.043758240000000004,-0.04284890000000008,223.76061267657056
2.036,1500,0.08725137,0.02275824,-0.04484890000000008,223.76061267657056
2.047,1500,-0.042748629999999996,0.003758239999999996,-0.13884890000000005,223.76061267657056
2.056,1500,-0.07274863,0.018758239999999995,-0.039848900000000076,223.76061267657056
2.066,1500,-0.03274863,0.021758239999999998,-0.09484890000000001,223.76061267657056
2.077,1500,-0.0007486300000000001,0.06975824,0.0631510999999999,223.76061267657056
2.087,1500,0.01425137,0.05575823999999999,-0.039848900000000076,223.76061267657056
2.097,1500,0.01725137,0.08075824000000001,0.05415110000000001,223.76061267657056
2.107,1500,0.06725137,0.08675823999999999,-0.02384890000000006,223.76061267657056
2.117,1500,0.01725137,0.020758239999999997,0.03315109999999988,223.76061267657056
2.126,1500,-0.03174863,0.10075824,-0.011848900000000051,223.76061267657056
2.136,1500,-0.029748629999999998,0.054758239999999986,-0.11084890000000003,223.76061267657056
2.146,1500,0.04025137,0.10175824,0.08315109999999992,223.76061267657056
2.157,1500,0.07725137,0.08975823999999999,0.12215110000000007,223.76061267657056
2.166,1500,-0.053748630000000006,-0.030241760000000006,-0.037848900000000074,195.2068702891045
2.176,1500,-0.054748630000000006,-0.09524176000000001,-0.1928489,195.2068702891045
2.188,1500,0.0022513700000000025,0.01275823999999999,0.21615109999999993,195.2068702891045
2.196,1500,-0.12674862999999997,-0.18424176,-0.22384890000000002,195.2068702891045
2.207,1500,-0.057748629999999995,-0.12424176,-0.02084890000000006,195.2068702891045
2.217,1500,-0.06774863,-0.05524176,0.08415110000000003,195.2068702891045
2.226,1500,-0.12574862999999997,-0.14624176,0.018151099999999976,195.2068702891045
2.236,1500,0.08825137,-0.07924176000000001,0.09815110000000005,195.2068702891045
2.247,1500,-0.04974863,-0.13824176,0.010151099999999968,195.2068702891045
2.256,1500,-0.052748630000000005,-0.14724176,-0.039848900000000076,195.2068702891045
2.266,1500,-0.005748629999999998,-0.08724176,0.014151099999999972,195.2068702891045
2.277,1500,-0.06974863,-0.04124176,-0.008848900000000048,195.2068702891045
2.286,1500,-0.057748629999999995,-0.053241760000000006,-0.04184890000000008,195.2068702891045
2.296,1500,-0.01574863,-0.05724176,0.004151099999999963,195.2068702891045
2.307,1500,0.01725137,-0.03424176,0.0011510999999999605,195.2068702891045
2.317,1500,-0.003748630000000003,-0.01924176000000001,0.0021510999999999614,195.2068702891045
2.327,1500,-0.019748630000000003,0.019758239999999996,-0.018848900000000057,195.2068702891045
2.337,1500,0.01925137,0.02375824,-0.01084890000000005,195.2068702891045
2.347,1500,-0.0007486300000000001,0.0007582399999999934,-0.04684890000000008,195.2068702891045
2.357,1500,-0.004748629999999997,-0.006241759999999999,-0.028848900000000066,195.2068702891045
2.367,1500,-0.028748629999999997,-0.011241760000000003,0.030151099999999986,195.2068702891045
2.377,1500,0.010251370000000003,0.003758239999999996,-0.0018489000000000422,195.2068702891045
2.386,1500,0.03925137,0.030758239999999992,0.030151099999999986,195.2068702891045
2.396,1500,-0.03974862999999999,-0.00324176000000001,0.009151099999999968,195.2068702891045
2.407,1500,-0.001748630000000001,0.01175823999999999,-0.027848900000000065,195.2068702891045
2.416,1500,-0.003748630000000003,-0.010241760000000003,0.0021510999999999614,195.2068702891045
2.426,1500,-0.053748630000000006,0.006758239999999999,0.0481511,195.2068702891045
2.437,1500,-0.021748630000000005,0.02575824,-0.0018489000000000422,195.2068702891045
2.446,1500,-0.04874863,-0.012241760000000004,-0.004848900000000045,195.2068702891045
2.457,1500,-0.013748629999999998,-0.014241760000000006,0.02215109999999998,195.2068702891045
2.467,1500,0.05125137,0.02575824,0.052151100000000006,195.2068702891045
2.477,1500,0.02125137,-0.0022417600000000093,0.0021510999999999614,195.2068702891045
2.486,1500,0.02625137,0.014758239999999992,0.015151099999999862,195.2068702891045
2.497,1500,-0.09474862999999999,0.02775823999999999,-0.002848900000000043,195.2068702891045
2.506,1500,-0.06474863,0.009758240000000001,-0.026848900000000064,195.2068702891045
2.516,1500,-0.04574863,0.004758239999999997,0.005151099999999964,195.2068702891045
2.527,1500,-0.013748629999999998,0.018758239999999995,-0.0008489000000000413,195.2068702891045
2.536,1500,0.010251370000000003,0.00775824,0.007151099999999966,195.2068702891045
2.547,1500,0.01525137,0.01275823999999999,0.018151099999999976,195.2068702891045
2.557,1500,-0.01774863,0.03675824,-0.013848900000000053,195.2068702891045
2.566,1500,-0.05574862999999999,-0.0012417600000000084,-0.007848900000000048,195.2068702891045
2.577,1500,-0.04574863,-0.00824176,-0.008848900000000048,195.2068702891045
2.587,1500,0.02125137,0.017758239999999995,-0.011848900000000051,195.2068702891045
2.596,1500,0.012251369999999998,0.015758239999999993,0.0031510999999999623,195.2068702891045
2.607,1500,0.00725137,0.043758240000000004,-0.016848900000000055,195.2068702891045
2.617,1500,-0.001748630000000001,0.015758239999999993,0.01215109999999997,195.2068702891045
2.626,1500,0.06725137,0.017758239999999995,0.02315109999999987,195.2068702891045
2.637,1500,0.08425136999999999,0.06575824,-0.0008489000000000413,195.2068702891045
2.646,1500,0.00025137000000000076,0.05675823999999999,-0.002848900000000043,195.2068702891045
2.656,1500,0.035251370000000004,0.05975823999999999,-0.0018489000000000422,195.2068702891045
2.667,1500,0.050251370000000004,0.05675823999999999,-0.002848900000000043,195.2068702891045
2.677,1500,0.0032513700000000034,0.04875824000000001,-0.02184890000000006,195.2068702891045
2.686,1500,0.00025137000000000076,0.04975824000000001,-0.008848900000000048,195.2068702891045
2.697,1500,-0.024748629999999994,0.053758239999999985,0.01215109999999997,162.26168969843357
2.706,1500,0.06525137,0.06375824,-0.030848900000000068,162.26168969843357
2.716,1500,-0.029748629999999998,0.07575824,-0.007848900000000048,162.26168969843357
2.727,1500,0.02925137,0.08675823999999999,-0.002848900000000043,162.26168969843357
2.737,1500,-0.08574863,0.08275823999999998,-0.03284890000000007,162.26168969843357
2.747,1500,0.05225137,0.09175823999999999,-0.008848900000000048,162.26168969843357
2.757,1500,0.04125137,0.054758239999999986,0.019151099999999865,162.26168969843357
2.768,1500,0.08725137,0.019758239999999996,0.005151099999999964,162.26168969843357
2.776,1500,0.02225137,0.016758239999999994,-0.0008489000000000413,162.26168969843357
2.786,1500,-0.05974863,-0.05024176,0.004151099999999963,162.26168969843357
2.796,1500,0.009251370000000002,-0.09324176,0.029151099999999874,162.26168969843357
2.807,1500,-0.011748630000000003,-0.09524176000000001,-0.002848900000000043,162.26168969843357
2.817,1500,-0.04374863,-0.10824176,0.03715109999999988,162.26168969843357
2.827,1500,-0.08574863,-0.12424176,-0.015848900000000055,162.26168969843357
2.837,1500,-0.028748629999999997,-0.10224176,0.013151099999999971,162.26168969843357
2.847,1500,-0.018748630000000002,-0.08924176,0.019151099999999865,162.26168969843357
2.857,1500,-0.11174863,-0.10724176,0.04515109999999989,162.26168969843357
2.866,1500,-0.07474863,-0.08824176,-0.002848900000000043,162.26168969843357
2.876,1500,-0.002748630000000002,-0.07024176,0.018151099999999976,162.26168969843357
2.888,1500,-0.009748630000000001,-0.06724176000000001,-0.0008489000000000413,162.26168969843357
2.897,1500,-0.10374863,-0.059241760000000004,-0.011848900000000051,162.26168969843357
2.907,1500,0.01625137,-0.025241760000000002,0.027151099999999873,162.26168969843357
2.917,1500,-0.07874863,-0.03824176000000001,-0.008848900000000048,162.26168969843357
2.927,1500,0.011251369999999997,-0.004241760000000011,0.014151099999999972,162.26168969843357
2.937,1500,0.02225137,0.01175823999999999,-0.003848900000000044,162.26168969843357
2.947,1500,-0.051748630000000004,-0.020241759999999998,-0.012848900000000052,162.26168969843357
2.957,1500,-0.14174863,-0.05524176,-0.12084890000000004,162.26168969843357
2.966,1500,-0.022748630000000006,0.0007582399999999934,-0.029848900000000067,162.26168969843357
2.977,1500,0.09025137,0.004758239999999997,0.02215109999999998,162.26168969843357
2.987,1500,0.01925137,0.010758240000000002,-0.03284890000000007,162.26168969843357
2.997,1500,0.03825137,0.07075824,0.06015110000000001,162.26168969843357
3.007,1500,-0.05074863,-0.006241759999999999,-0.03284890000000007,162.26168969843357
3.017,1500,-0.003748630000000003,0.006758239999999999,-0.006848900000000047,162.26168969843357
3.027,1500,-0.04574863,-0.0012417600000000084,0.016151099999999974,162.26168969843357
3.037,1500,-0.026748629999999995,-0.013241760000000005,0.005151099999999964,162.26168969843357
3.047,1500,-0.023748630000000007,0.02275824,-0.029848900000000067,162.26168969843357
3.057,1500,0.010251370000000003,0.033758239999999995,-0.05984889999999998,162.26168969843357
3.067,1500,0.02025137,-0.014241760000000006,-0.007848900000000048,162.26168969843357
3.076,1500,0.00725137,0.00775824,-0.02084890000000006,162.26168969843357
3.087,1500,-0.0007486300000000001,0.017758239999999995,-0.0018489000000000422,162.26168969843357
3.097,1500,-0.06474863,-0.00824176,0.015151099999999862,162.26168969843357
3.107,1500,-0.037748630000000005,0.021758239999999998,0.029151099999999874,162.26168969843357
3.117,1500,-0.040748629999999994,0.014758239999999992,-0.03484890000000007,162.26168969843357
3.126,1500,-0.057748629999999995,-0.011241760000000003,0.01215109999999997,162.26168969843357
3.137,1500,0.05525137,-0.009241760000000002,-0.02284890000000006,162.26168969843357
3.147,1500,0.06725137,-0.012241760000000004,-0.019848900000000058,162.26168969843357
3.158,1500,-0.08374863,0.015758239999999993,0.031151099999999876,162.26168969843357
3.168,1500,-0.06174863,0.02975823999999999,-0.027848900000000065,162.26168969843357
3.177,1500,0.011251369999999997,0.02775823999999999,-0.02184890000000006,162.26168969843357
3.187,1500,-0.014748629999999999,0.017758239999999995,-0.013848900000000053,162.26168969843357
3.197,1500,0.004251369999999997,0.009758240000000001,0.031151099999999876,162.26168969843357
3.208,1500,0.02325137,0.005758239999999998,0.004151099999999963,139.34561558725537
3.218,1500,-0.037748630000000005,0.018758239999999995,0.030151099999999986,139.34561558725537
3.227,1500,-0.06174863,0.02375824,0.014151099999999972,139.34561558725537
3.237,1500,-0.054748630000000006,0.015758239999999993,0.016151099999999974,139.34561558725537
3.247,1500,-0.11174863,-0.020241759999999998,-0.05484889999999998,139.34561558725537
3.257,1500,0.04525137,0.015758239999999993,0.013151099999999971,139.34561558725537
3.267,1500,-0.06174863,0.006758239999999999,-0.02384890000000006,139.34561558725537
3.277,1500,0.02725137,0.019758239999999996,-0.017848900000000056,139.34561558725537
3.286,1500,0.07025137000000001,0.006758239999999999,-0.03184890000000007,139.34561558725537
3.297,1500,-0.08874863000000001,-0.08624176,-0.15584890000000007,139.34561558725537
3.307,1500,-0.04574863,0.02275824,0.04715109999999989,139.34561558725537
3.317,1500,0.23225137,0.09875824,0.0611510999999999,139.34561558725537
3.327,1500,-0.054748630000000006,-0.015241760000000007,0.026151099999999983,139.34561558725537
3.336,1500,0.12625137,0.04975824000000001,0.02315109999999987,139.34561558725537
3.347,1500,0.10525137,0.02975823999999999,0.006151099999999965,139.34561558725537
3.357,1500,-0.10774863,0.053758239999999985,0.14515109999999998,139.34561558725537
3.367,1500,-0.12674862999999997,0.06875824,0.15115109999999998,139.34561558725537
3.378,1500,0.009251370000000002,0.021758239999999998,0.08115109999999992,139.34561558725537
3.388,1500,-0.0007486300000000001,-0.027241760000000004,0.03215109999999999,139.34561558725537
3.397,1500,-0.22674863,-0.030241760000000006,-0.15984890000000007,139.34561558725537
3.407,1500,-0.14174863,-0.030241760000000006,-0.03484890000000007,139.34561558725537
3.418,1500,-0.10174862999999999,-0.006241759999999999,0.08315109999999992,139.34561558725537
3.428,1500,0.04025137,-0.027241760000000004,0.040151099999999995,139.34561558725537
3.437,1500,0.005251369999999998,-0.07124176,0.014151099999999972,139.34561558725537
3.447,1500,-0.12974862999999998,-0.04724176000000001,0.05815110000000001,139.34561558725537
3.457,1500,-0.04374863,-0.11224176,-0.07084889999999999,139.34561558725537
3.467,1500,0.20125136999999998,-0.12624176,0.040151099999999995,139.34561558725537
3.477,1500,0.010251370000000003,-0.11124176000000001,0.014151099999999972,139.34561558725537
3.486,1500,0.011251369999999997,-0.15024176,-0.05484889999999998,139.34561558725537
3.497,1500,-0.08774863000000001,-0.11024176000000001,-0.002848900000000043,139.34561558725537
3.507,1500,-0.09074863000000001,-0.09424176000000001,-0.0758489,139.34561558725537
3.516,1500,0.12725137,-0.06924176,-0.011848900000000051,139.34561558725537
3.527,1500,-0.0067486299999999985,-0.04024176,0.04915109999999989,139.34561558725537
3.537,1500,-0.15974863,-0.06424176000000001,-0.002848900000000043,139.34561558725537
3.547,1500,-0.0067486299999999985,-0.028241760000000005,0.02315109999999987,139.34561558725537
3.557,1500,0.02825137,-0.011241760000000003,0.013151099999999971,139.34561558725537
3.567,1500,0.0032513700000000034,-0.04124176,-0.03284890000000007,139.34561558725537
3.578,1500,-0.058748629999999996,-0.014241760000000006,0.005151099999999964,139.34561558725537
3.587,1500,0.02425137,0.01275823999999999,0.03815109999999999,139.34561558725537
3.597,1500,0.050251370000000004,0.01175823999999999,0.05415110000000001,139.34561558725537
3.607,1500,0.03725137,-0.009241760000000002,0.0001510999999999596,139.34561558725537
3.617,1500,0.07925137,0.09375823999999999,0.20715110000000003,139.34561558725537
3.628,1500,-0.021748630000000005,0.00775824,0.020151099999999977,139.34561558725537
3.638,1500,0.15625137,0.09875824,0.1851511,139.34561558725537
3.647,1500,0.07825137,-0.0012417600000000084,0.01215109999999997,139.34561558725537
3.658,1500,-0.11874863000000001,-0.07224176,-0.14684890000000006,139.34561558725537
3.668,1500,-0.09974862999999999,-0.03324176,-0.04784890000000008,139.34561558725537
3.678,1500,-0.08474863,-0.06424176000000001,-0.17884889999999998,139.34561558725537
3.688,1500,-0.03274863,-0.0022417600000000093,0.006151099999999965,139.34561558725537
3.698,1500,-0.09274863000000001,-0.025241760000000002,-0.03484890000000007,139.34561558725537
3.708,1500,0.00025137000000000076,0.002758239999999995,0.005151099999999964,139.34561558725537
3.718,1500,-0.06874863,-0.03424176,-0.0728489,139.34561558725537
3.728,1500,0.07625137,-0.010241760000000003,-0.004848900000000045,84.91214764053126
3.738,1500,-0.01674863,0.002758239999999995,0.014151099999999972,84.91214764053126
3.748,1500,0.07325137,0.010758240000000002,0.004151099999999963,84.91214764053126
3.758,1500,-0.00874863,-0.012241760000000004,-0.02184890000000006,84.91214764053126
3.768,1500,0.09525137,-0.004241760000000011,-0.037848900000000074,84.91214764053126
3.778,1500,0.02025137,-0.06924176,-0.11084890000000003,84.91214764053126
3.788,1500,-0.16574863,-0.04924176,-0.037848900000000074,84.91214764053126
3.798,1500,-0.09374863000000001,-0.00824176,-0.012848900000000052,84.91214764053126
3.808,1500,-0.22074863,-0.07424176,-0.05784889999999998,84.91214764053126
3.817,1500,0.057251369999999996,0.015758239999999993,0.0611510999999999,84.91214764053126
3.827,1500,0.0032513700000000034,-0.0022417600000000093,0.08115109999999992,84.91214764053126
3.837,1500,-0.04374863,-0.004241760000000011,0.0011510999999999605,84.91214764053126
3.847,1500,0.04725137,0.026758240000000003,0.04515109999999989,84.91214764053126
3.857,1500,-0.06174863,-0.014241760000000006,0.004151099999999963,84.91214764053126
3.867,1500,0.07425137,0.04175824,0.0481511,84.91214764053126
3.877,1500,-0.056748629999999994,-0.044241760000000005,-0.0808489,84.91214764053126
3.887,1500,-0.040748629999999994,-0.053241760000000006,-0.12184890000000004,84.91214764053126
3.897,1500,0.03425137,-0.030241760000000006,-0.038848900000000075,84.91214764053126
3.907,1500,-0.08374863,-0.04724176000000001,-0.0758489,84.91214764053126
3.917,1500,0.03325137,0.010758240000000002,0.0421511,84.91214764053126
3.927,1500,-0.11574863,-0.09024176,-0.0868489,84.91214764053126
3.937,1500,0.011251369999999997,0.026758240000000003,0.08715109999999993,84.91214764053126
3.947,1500,-0.058748629999999996,-0.011241760000000003,0.062151100000000015,84.91214764053126
3.957,1500,0.006251369999999999,-0.004241760000000011,0.03215109999999999,84.91214764053126
3.967,1500,0.10225137000000001,0.07475824,0.1981510999999999,84.91214764053126
3.978,1500,0.05225137,-0.01824176000000001,-0.005848900000000046,84.91214764053126
3.988,1500,0.03725137,0.01275823999999999,0.027151099999999873,84.91214764053126
3.998,1500,0.005251369999999998,-0.037241760000000006,-0.030848900000000068,84.91214764053126
4.008,1500,-0.04874863,-0.037241760000000006,-0.03584890000000007,84.91214764053126
4.017,1500,0.06925137,-0.004241760000000011,0.021151099999999867,84.91214764053126
4.027,1500,-0.06074863,-0.006241759999999999,0.008151099999999967,84.91214764053126
4.037,1500,0.06225137,0.013758239999999991,0.04315109999999989,84.91214764053126
4.047,1500,-0.037748630000000005,0.020758239999999997,0.07315109999999991,84.91214764053126
4.057,1500,0.11625137,-0.028241760000000005,0.027151099999999873,84.91214764053126
4.067,1500,-0.027748629999999996,-0.00724176,0.03215109999999999,84.91214764053126
4.077,1500,0.06825137,0.00875824,-0.015848900000000055,84.91214764053126
4.087,1500,-0.03274863,-0.012241760000000004,-0.02184890000000006,84.91214764053126
4.097,1500,0.08425136999999999,0.00775824,-0.027848900000000065,84.91214764053126
4.107,1500,0.06225137,0.0017582399999999943,-0.00984890000000005,84.91214764053126
4.117,1500,0.13625136999999998,0.03575824,-0.037848900000000074,84.91214764053126
4.127,1500,-0.05974863,-0.07424176,-0.0858489,84.91214764053126
4.137,1500,-0.04574863,-0.004241760000000011,0.008151099999999967,84.91214764053126
4.147,1500,-0.028748629999999997,-0.009241760000000002,-0.0018489000000000422,84.91214764053126
4.157,1500,-0.10474863,-0.011241760000000003,0.030151099999999986,84.91214764053126
4.167,1500,-0.04874863,-0.006241759999999999,0.016151099999999974,84.91214764053126
4.177,1500,-0.03374863,0.0007582399999999934,0.09415110000000004,84.91214764053126
4.187,1500,0.06925137,0.017758239999999995,0.0481511,84.91214764053126
4.197,1500,0.06225137,0.02975823999999999,0.08615110000000004,84.91214764053126
4.207,1500,-0.09274863000000001,-0.03924176000000001,-0.04584890000000008,84.91214764053126
4.217,1500,0.035251370000000004,-0.02124176,-0.0718489,84.91214764053126
4.227,1500,-0.026748629999999995,-0.03424176,-0.04884889999999997,84.91214764053126
4.237,1500,-0.04774863,-0.052241760000000005,-0.0828489,41.058726989960995
4.247,1500,0.06225137,-0.027241760000000004,-0.027848900000000065,41.058726989960995
4.258,1500,0.04625137,-0.025241760000000002,-0.050848899999999975,41.058726989960995
4.268,1500,-0.037748630000000005,-0.01724176000000001,0.021151099999999867,41.058726989960995
4.277,1500,-0.06074863,0.01275823999999999,0.04515109999999989,41.058726989960995
4.287,1500,-0.023748630000000007,-0.014241760000000006,-0.018848900000000057,41.058726989960995
4.298,1500,0.01725137,-0.016241760000000008,0.0011510999999999605,41.058726989960995
4.307,1500,-0.037748630000000005,-0.02324176,0.017151099999999864,41.058726989960995
4.318,1500,0.0032513700000000034,-0.07724176,-0.13484890000000005,41.058726989960995
4.327,1500,0.06625137,-0.01824176000000001,-0.013848900000000053,41.058726989960995
4.337,1500,-0.11074863,-0.051241760000000004,-0.0808489,41.058726989960995
4.347,1500,0.02925137,-0.027241760000000004,0.0021510999999999614,41.058726989960995
4.357,1500,-0.010748630000000002,-0.02324176,0.018151099999999976,41.058726989960995
4.367,1500,0.08525136999999999,-0.02324176,0.041151099999999885,41.058726989960995
4.377,1500,-0.01674863,0.002758239999999995,0.0421511,41.058726989960995
4.388,1500,0.10225137000000001,-0.005241759999999998,0.009151099999999968,41.058726989960995
4.397,1500,-0.029748629999999998,0.00775824,0.019151099999999865,41.058726989960995
4.407,1500,0.04025137,0.014758239999999992,0.016151099999999974,41.058726989960995
4.417,1500,-0.12474863000000001,-0.052241760000000005,-0.12084890000000004,41.058726989960995
4.427,1500,-0.05574862999999999,-0.027241760000000004,-0.0748489,41.058726989960995
4.437,1500,0.05825137,-0.02424176,-0.05784889999999998,41.058726989960995
4.447,1500,-0.29074863,-0.11724176,-0.0808489,41.058726989960995
4.457,1500,0.03025137,0.02775823999999999,0.08615110000000004,41.058726989960995
4.467,1500,-0.24874862999999997,-0.12824176,-0.024848900000000063,41.058726989960995
4.478,1500,0.01725137,0.046758240000000006,0.14815109999999987,41.058726989960995
4.488,1500,-0.25374863,-0.11024176000000001,-0.0798489,41.058726989960995
4.497,1500,-0.014748629999999999,0.034758239999999996,0.08315109999999992,41.058726989960995
4.508,1500,0.08625137,0.03775824,0.10215110000000005,41.058726989960995
4.517,1500,-0.001748630000000001,-0.03324176,-0.02184890000000006,41.058726989960995
4.527,1500,0.26325137,0.07175824,0.11615110000000006,41.058726989960995
4.538,1500,0.01725137,-0.027241760000000004,-0.03684890000000007,41.058726989960995
4.547,1500,0.03225137,-0.025241760000000002,-0.04484890000000008,41.058726989960995
4.558,1500,0.0022513700000000025,-0.02324176,-0.027848900000000065,41.058726989960995
4.567,1500,-0.13374862999999998,-0.027241760000000004,0.030151099999999986,41.058726989960995
4.577,1500,-0.04474863,-0.028241760000000005,0.03415109999999999,41.058726989960995
4.587,1500,-0.06774863,-0.020241759999999998,0.06015110000000001,41.058726989960995
4.597,1500,-0.01774863,-0.00724176,0.02215109999999998,41.058726989960995
4.608,1500,0.008251370000000001,0.005758239999999998,0.09415110000000004,41.058726989960995
4.618,1500,0.004251369999999997,-0.026241760000000003,0.02515109999999987,41.058726989960995
4.628,1500,-0.07774863,0.0007582399999999934,0.028151099999999984,41.058726989960995
4.638,1500,0.07525137,0.01175823999999999,0.03415109999999999,41.058726989960995
4.647,1500,-0.04974863,-0.07224176,-0.11084890000000003,41.058726989960995
4.657,1500,0.04325137,-0.009241760000000002,0.016151099999999974,41.058726989960995
4.667,1500,-0.023748630000000007,-0.025241760000000002,-0.016848900000000055,41.058726989960995
4.678,1500,0.02225137,-0.035241760000000004,0.02415109999999998,41.058726989960995
4.688,1500,-0.003748630000000003,0.06275823999999999,0.1741510999999999,41.058726989960995
4.698,1500,0.24625137000000002,0.044758240000000005,0.07315109999999991,41.058726989960995
4.708,1500,0.03425137,-0.028241760000000005,-0.005848900000000046,41.058726989960995
4.718,1500,0.28525137,0.05975823999999999,0.029151099999999874,41.058726989960995
4.728,1500,-0.10874863,-0.13024176,-0.2168489,41.058726989960995
4.738,1500,-0.15374863,0.002758239999999995,-0.016848900000000055,41.058726989960995
4.748,1500,0.00725137,-0.005241759999999998,-0.04284890000000008,41.058726989960995
4.757,1500,-0.18374863000000002,-0.08624176,-0.013848900000000053,41.058726989960995
4.768,1500,0.11125137,0.02375824,0.06415110000000002,45.45993600424625
4.777,1500,0.22125137,0.10675824,0.1701510999999999,45.45993600424625
4.787,1500,0.01525137,-0.030241760000000006,-0.012848900000000052,45.45993600424625
4.798,1500,0.03125137,-0.03924176000000001,-0.10884890000000003,45.45993600424625
4.807,1500,-0.00874863,-0.0012417600000000084,-0.004848900000000045,45.45993600424625
4.818,1500,-0.018748630000000002,0.005758239999999998,-0.004848900000000045,45.45993600424625
4.828,1500,0.14625137,0.0017582399999999943,0.026151099999999983,45.45993600424625
4.837,1500,-0.042748629999999996,-0.0022417600000000093,0.020151099999999977,45.45993600424625
4.848,1500,0.02025137,0.021758239999999998,-0.03184890000000007,45.45993600424625
4.857,1500,-0.07874863,-0.04024176,-0.10284890000000002,45.45993600424625
4.867,1500,0.011251369999999997,0.054758239999999986,0.1681510999999999,45.45993600424625
4.878,1500,0.03225137,0.01275823999999999,0.031151099999999876,45.45993600424625
4.887,1500,-0.10874863,-0.058241760000000004,-0.04384890000000008,45.45993600424625
4.897,1500,0.12225137,0.03175823999999999,0.08115109999999992,45.45993600424625
4.908,1500,-0.16974863,-0.025241760000000002,-0.06384889999999999,45.45993600424625
4.917,1500,0.05625137,0.026758240000000003,-0.04284890000000008,45.45993600424625
4.928,1500,-0.023748630000000007,-0.07224176,-0.16284890000000007,45.45993600424625
4.938,1500,-0.051748630000000004,-0.03824176000000001,-0.11284890000000003,45.45993600424625
4.947,1500,0.03325137,0.02275824,0.06015110000000001,45.45993600424625
4.957,1500,-0.052748630000000005,-0.00824176,0.026151099999999983,45.45993600424625
4.967,1500,-0.14174863,-0.06524176000000001,-0.02284890000000006,45.45993600424625
4.978,1500,0.03125137,0.020758239999999997,0.08115109999999992,45.45993600424625
4.988,1500,0.07925137,0.08875823999999999,0.13915109999999997,45.45993600424625
4.997,1500,0.004251369999999997,-0.00824176,-0.10484890000000002,45.45993600424625
5.008,1500,0.11025137,-0.07324176,-0.13584890000000005,45.45993600424625
5.018,1500,-0.18574863000000003,-0.043241760000000004,0.0021510999999999614,45.45993600424625
5.027,1500,0.12825137,0.08775823999999999,0.028151099999999984,45.45993600424625
5.038,1500,-0.0007486300000000001,-0.05624176,-0.16684890000000008,45.45993600424625
5.047,1500,-0.13774862999999998,-0.00824176,0.040151099999999995,45.45993600424625
5.057,1500,0.05825137,0.06675824,0.09715109999999993,45.45993600424625
5.068,1500,-0.007748629999999999,-0.07224176,-0.10084890000000002,45.45993600424625
5.077,1500,-0.001748630000000001,0.12875824,0.15015109999999987,45.45993600424625
5.087,1500,-0.25674863,-0.11424176,-0.3238489,45.45993600424625
5.098,1500,0.02625137,-0.0022417600000000093,-0.2158489,45.45993600424625
5.107,1500,0.32925137,0.003758239999999996,-0.10384890000000002,45.45993600424625
5.118,1500,0.06425137,0.006758239999999999,-0.03284890000000007,45.45993600424625
5.128,1500,0.15625137,0.002758239999999995,-0.13684890000000005,45.45993600424625
5.137,1500,0.10925137,0.04175824,-0.15384890000000007,45.45993600424625
5.148,1500,0.07325137,-0.06924176,-0.06784889999999999,45.45993600424625
5.158,1500,-0.05074863,-0.08024176000000001,-0.1958489,45.45993600424625
5.167,1500,-0.18274863000000002,-0.10724176,-0.3028489,45.45993600424625
5.178,1500,-0.28674863,-0.05624176,-0.0018489000000000422,45.45993600424625
5.187,1500,0.21325137,0.013758239999999991,0.10515109999999994,45.45993600424625
5.197,1500,0.07925137,0.03975824,0.13715109999999997,45.45993600424625
5.208,1500,-0.09374863000000001,-0.10324176,-0.22784890000000002,45.45993600424625
5.217,1500,-0.17874863000000002,-0.043241760000000004,-0.10584890000000002,45.45993600424625
5.228,1500,0.21325137,0.053758239999999985,0.11515109999999995,45.45993600424625
5.238,1500,-0.17074863,-0.07724176,-0.11384890000000003,45.45993600424625
5.248,1500,0.10325137000000001,-0.0012417600000000084,0.02515109999999987,45.45993600424625
5.258,1500,-0.20674863,0.01275823999999999,0.10715109999999994,45.45993600424625
5.268,1500,0.02325137,-0.035241760000000004,-0.17784889999999998,45.45993600424625
5.279,1500,-0.07574863,-0.0012417600000000084,0.007151099999999966,45.45993600424625
5.288,1500,-0.005748629999999998,-0.058241760000000004,-0.16784890000000008,104.49741632976394
5.298,1500,0.06625137,0.06975824,0.11015110000000006,104.49741632976394
5.308,1500,-0.20374863,-0.08224176,0.027151099999999873,104.49741632976394
5.318,1500,-0.05074863,0.08775823999999999,0.0461511,104.49741632976394
5.328,1500,0.17225137000000001,-0.029241760000000006,0.009151099999999968,104.49741632976394
5.338,1500,0.18125137000000002,0.005758239999999998,0.08715109999999993,104.49741632976394
5.347,1500,0.04425137,0.0017582399999999943,-0.025848900000000063,104.49741632976394
5.357,1500,0.03425137,-0.06524176000000001,-0.12084890000000004,104.49741632976394
5.368,1500,0.00025137000000000076,0.19275823999999997,0.33415110000000003,104.49741632976394
5.378,1500,-0.32074863,-0.24324176,-0.3198489,104.49741632976394
5.388,1500,0.65225137,0.23275824,0.3161511,104.49741632976394
5.398,1500,0.07025137000000001,-0.04124176,0.11915109999999995,104.49741632976394
5.408,1500,-0.49174863,-0.16924176000000002,-0.22784890000000002,104.49741632976394
5.418,1500,0.28825137,0.09875824,0.0651510999999999,104.49741632976394
5.428,1500,0.09125137,-0.09224176,-0.06584889999999999,104.49741632976394
5.438,1500,-0.08474863,0.08875823999999999,0.2551511000000001,104.49741632976394
5.448,1500,-0.054748630000000006,-0.08224176,-0.2048489,104.49741632976394
5.458,1500,-0.16674863,-0.10424176,-0.2918489000000001,104.49741632976394
5.468,1500,0.04425137,0.07675824,0.3081511,104.49741632976394
5.478,1500,-0.009748630000000001,-0.09524176000000001,-0.002848900000000043,104.49741632976394
5.488,1500,0.09425137,-0.029241760000000006,0.06815110000000002,104.49741632976394
5.497,1500,-0.21074863,-0.19424175999999999,-0.16384890000000008,104.49741632976394
5.507,1500,0.05125137,-0.06524176000000001,-0.0778489,104.49741632976394
5.518,1500,-0.052748630000000005,-0.08024176000000001,-0.03584890000000007,104.49741632976394
5.528,1500,-0.20774863,-0.12924176,-0.10484890000000002,104.49741632976394
5.538,1500,0.07525137,-0.027241760000000004,-0.026848900000000064,104.49741632976394
5.548,1500,0.04125137,-0.009241760000000002,0.08015110000000003,104.49741632976394
5.558,1500,-0.004748629999999997,-0.02224176,0.0011510999999999605,104.49741632976394
5.568,1500,-0.16374863,-0.07824176000000001,-0.061848899999999984,104.49741632976394
5.578,1500,0.03125137,-0.010241760000000003,-0.003848900000000044,104.49741632976394
5.588,1500,-0.09074863000000001,-0.07324176,-0.11084890000000003,104.49741632976394
5.598,1500,0.08625137,-0.010241760000000003,0.02215109999999998,104.49741632976394
5.608,1500,0.05525137,0.00775824,0.027151099999999873,104.49741632976394
5.619,1500,-0.024748629999999994,-0.031241760000000007,0.021151099999999867,104.49741632976394
5.628,1500,-0.13474862999999998,-0.07024176,-0.050848899999999975,104.49741632976394
5.638,1500,0.06225137,-0.00824176,0.03715109999999988,104.49741632976394
5.648,1500,-0.057748629999999995,-0.07024176,-0.04284890000000008,104.49741632976394
5.658,1500,0.00725137,-0.036241760000000005,-0.037848900000000074,104.49741632976394
5.668,1500,-0.04374863,-0.03324176,0.004151099999999963,104.49741632976394
5.678,1500,0.050251370000000004,-0.01724176000000001,0.0461511,104.49741632976394
5.688,1500,0.04525137,-0.06924176,-0.011848900000000051,104.49741632976394
5.698,1500,-0.05974863,-0.06924176,-0.003848900000000044,104.49741632976394
5.708,1500,0.04625137,-0.00824176,0.11115109999999995,104.49741632976394
5.718,1500,-0.06474863,-0.06924176,-0.014848900000000054,104.49741632976394
5.728,1500,-0.009748630000000001,-0.03824176000000001,-0.004848900000000045,104.49741632976394
5.738,1500,-0.05074863,-0.06924176,-0.05484889999999998,104.49741632976394
5.748,1500,-0.027748629999999996,-0.07124176,0.004151099999999963,104.49741632976394
5.758,1500,-0.022748630000000006,-0.06824176000000001,0.009151099999999968,104.49741632976394
5.768,1500,-0.05574862999999999,-0.06924176,-0.0008489000000000413,104.49741632976394
5.778,1500,-0.025748629999999995,-0.07524176,-0.012848900000000052,104.49741632976394
5.787,1500,-0.04974863,-0.05624176,-0.005848900000000046,104.49741632976394
5.798,1500,-0.06074863,-0.05424176000000001,-0.002848900000000043,104.49741632976394
5.807,1500,-0.03974862999999999,-0.04724176000000001,-0.0018489000000000422,95.81843340571733
5.818,1500,0.0032513700000000034,-0.03924176000000001,0.014151099999999972,95.81843340571733
5.828,1500,-0.010748630000000002,-0.04924176,0.0021510999999999614,95.81843340571733
5.838,1500,-0.013748629999999998,-0.061241760000000006,-0.016848900000000055,95.81843340571733
5.848,1500,-0.026748629999999995,-0.06724176000000001,0.0001510999999999596,95.81843340571733
5.858,1500,-0.03374863,-0.08124176000000001,0.0021510999999999614,95.81843340571733
5.868,1500,-0.010748630000000002,-0.08224176,0.007151099999999966,95.81843340571733
5.878,1500,-0.03574863,-0.015241760000000007,-0.002848900000000043,95.81843340571733
5.888,1500,-0.018748630000000002,-0.12624176,0.009151099999999968,95.81843340571733
5.898,1500,-0.06374863,-0.15624176,0.06015110000000001,95.81843340571733
5.908,1500,-0.06774863,-0.17224176000000002,0.004151099999999963,95.81843340571733
5.918,1500,-0.01674863,-0.18124176,0.04515109999999989,95.81843340571733
5.928,1500,-0.029748629999999998,-0.11124176000000001,0.026151099999999983,95.81843340571733
5.938,1500,-0.057748629999999995,-0.05724176,-0.01084890000000005,95.81843340571733
5.948,1500,0.02125137,-0.10524176,-0.03184890000000007,95.81843340571733
5.958,1500,-0.009748630000000001,-0.06624176000000001,-0.014848900000000054,95.81843340571733
5.968,1500,-0.08374863,-0.06624176000000001,0.0011510999999999605,95.81843340571733
5.978,1500,0.00025137000000000076,-0.08324176,-0.04284890000000008,95.81843340571733
5.987,1500,-0.04574863,-0.016241760000000008,0.01215109999999997,95.81843340571733
5.998,1500,0.0012513700000000016,-0.045241760000000006,-0.05684889999999998,95.81843340571733
6.008,1500,0.01425137,-0.028241760000000005,-0.016848900000000055,95.81843340571733
6.018,1500,-0.07274863,-0.012241760000000004,-0.025848900000000063,95.81843340571733
6.028,1500,-0.0007486300000000001,-0.028241760000000005,-0.008848900000000048,95.81843340571733
6.037,1500,0.04125137,0.002758239999999995,0.02515109999999987,95.81843340571733
6.048,1500,0.02825137,0.01175823999999999,0.052151100000000006,95.81843340571733
6.058,1500,-0.056748629999999994,-0.029241760000000006,-0.00984890000000005,95.81843340571733
6.068,1500,-0.028748629999999997,-0.013241760000000005,0.0011510999999999605,95.81843340571733
6.078,1500,-0.01774863,0.032758239999999994,0.021151099999999867,95.81843340571733
6.088,1500,0.057251369999999996,0.03575824,-0.004848900000000045,95.81843340571733
6.099,1500,-0.00874863,0.026758240000000003,0.031151099999999876,95.81843340571733
6.109,1500,-0.06374863,-0.03324176,-0.02384890000000006,95.81843340571733
6.119,1500,0.05325137,-0.0022417600000000093,-0.037848900000000074,95.81843340571733
6.128,1500,-0.08174863,-0.025241760000000002,-0.014848900000000054,95.81843340571733
6.138,1500,-0.07174863,-0.03424176,-0.01084890000000005,95.81843340571733
6.148,1500,0.10425137000000001,0.002758239999999995,0.031151099999999876,95.81843340571733
6.158,1500,0.035251370000000004,-0.011241760000000003,-0.00984890000000005,95.81843340571733
6.168,1500,0.14525137,0.02775823999999999,0.0651510999999999,95.81843340571733
6.178,1500,-0.037748630000000005,-0.01824176000000001,0.0001510999999999596,95.81843340571733
6.188,1500,0.08725137,0.00875824,0.021151099999999867,95.81843340571733
6.198,1500,-0.09574862999999999,-0.015241760000000007,0.010151099999999968,95.81843340571733
6.208,1500,0.06125137,0.04275824,0.01215109999999997,95.81843340571733
6.218,1500,0.14225137,0.052758239999999984,0.08715109999999993,95.81843340571733
6.228,1500,-0.07974863,-0.045241760000000006,-0.008848900000000048,95.81843340571733
6.238,1500,-0.12774862999999997,-0.03824176000000001,-0.0808489,95.81843340571733
6.248,1500,0.004251369999999997,-0.052241760000000005,-0.06384889999999999,95.81843340571733
6.258,1500,-0.09274863000000001,-0.08524176,0.0001510999999999596,95.81843340571733
6.268,1500,0.01725137,-0.016241760000000008,-0.03684890000000007,95.81843340571733
6.279,1500,-0.01574863,-0.03424176,-0.037848900000000074,95.81843340571733
6.289,1500,0.013251369999999998,-0.01724176000000001,-0.02284890000000006,95.81843340571733
6.298,1500,-0.014748629999999999,-0.013241760000000005,-0.026848900000000064,95.81843340571733
6.308,1500,0.04125137,-0.02224176,-0.027848900000000065,95.81843340571733
6.318,1500,-0.053748630000000006,-0.036241760000000005,0.018151099999999976,95.81843340571733
6.328,1500,0.013251369999999998,-0.05024176,-0.006848900000000047,95.81843340571733
6.338,1500,-0.16474863,-0.03924176000000001,0.02515109999999987,112.94633060964597
6.348,1500,-0.04474863,-0.009241760000000002,-0.003848900000000044,112.94633060964597
6.358,1500,-0.10474863,-0.01724176000000001,0.04715109999999989,112.94633060964597
6.369,1500,-0.01574863,-0.00324176000000001,-0.025848900000000063,112.94633060964597
6.379,1500,-0.012748629999999997,-0.005241759999999998,0.0571510999999999,112.94633060964597
6.389,1500,-0.09574862999999999,-0.04024176,-0.11384890000000003,112.94633060964597
6.398,1500,-0.10274863,0.0007582399999999934,-0.03284890000000007,112.94633060964597
6.408,1500,-0.005748629999999998,-0.06224176000000001,-0.09184890000000001,112.94633060964597
6.418,1500,0.07425137,-0.04824176,-0.0788489,112.94633060964597
6.428,1500,0.03625137,-0.08824176,-0.12684890000000004,112.94633060964597
6.438,1500,-0.27074863,-0.07124176,-0.04084890000000008,112.94633060964597
6.448,1500,0.03825137,0.015758239999999993,-0.06784889999999999,112.94633060964597
6.459,1500,0.10625137,0.01275823999999999,0.09015110000000004,112.94633060964597
6.469,1500,0.12125137,0.002758239999999995,0.01215109999999997,112.94633060964597
6.479,1500,-0.21874863,-0.13224176,-0.12584890000000004,112.94633060964597
6.488,1500,0.26725137,0.12075823999999999,0.1791511,112.94633060964597
6.498,1500,-0.15574863,-0.02224176,-0.04884889999999997,112.94633060964597
6.508,1500,0.08625137,0.06975824,0.005151099999999964,112.94633060964597
6.518,1500,0.03425137,0.11675823999999999,0.08115109999999992,112.94633060964597
6.528,1500,0.01425137,0.09075823999999999,0.03315109999999988,112.94633060964597
6.539,1500,0.12325137,0.12775824,0.010151099999999968,112.94633060964597
6.549,1500,0.04325137,0.09875824,0.0011510999999999605,112.94633060964597
6.559,1500,0.05625137,0.07275824,-0.04784890000000008,112.94633060964597
6.568,1500,0.04325137,0.06775824,0.0021510999999999614,112.94633060964597
6.579,1500,-0.07874863,0.03175823999999999,-0.03384890000000007,112.94633060964597
6.589,1500,0.10125137000000001,0.005758239999999998,-0.029848900000000067,112.94633060964597
6.599,1500,0.23325137,0.10575824,0.07615110000000003,112.94633060964597
6.609,1500,0.09125137,0.00775824,-0.03184890000000007,112.94633060964597
6.619,1500,-0.17774863000000002,-0.052241760000000005,-0.11184890000000003,112.94633060964597
6.629,1500,0.06225137,0.013758239999999991,-0.02084890000000006,112.94633060964597
6.639,1500,-0.11574863,-0.00824176,0.05415110000000001,112.94633060964597
6.649,1500,-0.057748629999999995,0.004758239999999997,0.013151099999999971,112.94633060964597
6.659,1500,0.15725137,0.04175824,0.07215110000000002,112.94633060964597
6.669,1500,0.02725137,-0.006241759999999999,0.02215109999999998,112.94633060964597
6.678,1500,0.05225137,0.014758239999999992,0.050151100000000004,112.94633060964597
6.689,1500,-0.022748630000000006,-0.02324176,-0.01084890000000005,112.94633060964597
6.698,1500,0.07425137,-0.006241759999999999,-0.03584890000000007,112.94633060964597
6.708,1500,-0.010748630000000002,-0.005241759999999998,0.005151099999999964,112.94633060964597
6.718,1500,0.012251369999999998,-0.036241760000000005,-0.05384889999999998,112.94633060964597
6.728,1500,0.011251369999999997,-0.00724176,0.0001510999999999596,112.94633060964597
6.738,1500,-0.04874863,-0.03224176,-0.0018489000000000422,112.94633060964597
6.748,1500,-0.023748630000000007,-0.015241760000000007,0.0001510999999999596,112.94633060964597
6.758,1500,-0.03174863,-0.028241760000000005,-0.04484890000000008,112.94633060964597
6.768,1500,-0.020748630000000004,-0.0022417600000000093,-0.00984890000000005,112.94633060964597
6.778,1500,-0.05974863,-0.005241759999999998,-0.02184890000000006,112.94633060964597
6.789,1500,0.03425137,0.006758239999999999,0.021151099999999867,112.94633060964597
6.799,1500,0.02525137,0.009758240000000001,0.04515109999999989,112.94633060964597
6.809,1500,-0.08874863000000001,-0.0012417600000000084,-0.017848900000000056,112.94633060964597
6.819,1500,-0.0067486299999999985,-0.04924176,-0.09684890000000002,112.94633060964597
6.829,1500,0.02125137,0.032758239999999994,0.029151099999999874,112.94633060964597
6.839,1500,0.04825137,-0.04024176,-0.051848899999999976,112.94633060964597
6.849,1500,-0.19974862999999998,-0.08224176,0.010151099999999968,112.94633060964597
6.859,1500,0.04625137,0.03175823999999999,0.09715109999999993,73.13889621500505
6.869,1500,-0.01674863,-0.036241760000000005,0.028151099999999984,73.13889621500505
6.878,1500,0.008251370000000001,0.030758239999999992,0.10315109999999994,73.13889621500505
6.888,1500,0.010251370000000003,-0.0012417600000000084,0.0551510999999999,73.13889621500505
6.898,1500,0.02325137,0.013758239999999991,0.07715109999999992,73.13889621500505
6.909,1500,0.10825137,0.030758239999999992,0.09315109999999993,73.13889621500505
6.919,1500,-0.002748630000000002,0.03175823999999999,0.06615110000000002,73.13889621500505
6.929,1500,0.14525137,0.03875824,0.0021510999999999614,73.13889621500505
6.939,1500,0.03225137,-0.01724176000000001,-0.003848900000000044,73.13889621500505
6.948,1500,0.04925137,-0.00824176,0.0011510999999999605,73.13889621500505
6.959,1500,-0.022748630000000006,-0.01924176000000001,-0.004848900000000045,73.13889621500505
6.969,1500,-0.11674863,-0.03924176000000001,-0.02284890000000006,73.13889621500505
6.978,1500,0.013251369999999998,0.0007582399999999934,0.02215109999999998,73.13889621500505
6.988,1500,-0.06574863,-0.04024176,-0.03684890000000007,73.13889621500505
6.999,1500,0.012251369999999998,-0.01724176000000001,0.0001510999999999596,73.13889621500505
7.008,1500,0.011251369999999997,0.005758239999999998,0.040151099999999995,73.13889621500505
7.019,1500,-0.029748629999999998,-0.02324176,-0.0008489000000000413,73.13889621500505
7.028,1500,0.06925137,0.021758239999999998,0.04315109999999989,73.13889621500505
7.038,1500,0.01725137,-0.02124176,-0.002848900000000043,73.13889621500505
7.049,1500,-0.03074863,-0.02324176,-0.04084890000000008,73.13889621500505
7.058,1500,-0.038748630000000006,-0.005241759999999998,0.0021510999999999614,73.13889621500505
7.069,1500,0.035251370000000004,-0.026241760000000003,-0.03284890000000007,73.13889621500505
7.078,1500,0.03625137,-0.006241759999999999,0.01215109999999997,73.13889621500505
7.089,1500,-0.019748630000000003,-0.02224176,0.017151099999999864,73.13889621500505
7.098,1500,-0.001748630000000001,-0.006241759999999999,0.019151099999999865,73.13889621500505
7.108,1500,0.05625137,-0.00024176000000000752,0.028151099999999984,73.13889621500505
7.119,1500,-0.026748629999999995,-0.027241760000000004,-0.002848900000000043,73.13889621500505
7.129,1500,-0.028748629999999997,0.04175824,0.13315109999999997,73.13889621500505
7.139,1500,-0.011748630000000003,0.019758239999999996,0.031151099999999876,73.13889621500505
7.149,1500,0.00025137000000000076,-0.031241760000000007,-0.05984889999999998,73.13889621500505
7.158,1500,-0.08674863000000001,0.009758240000000001,-0.02284890000000006,73.13889621500505
7.168,1500,0.0032513700000000034,-0.061241760000000006,-0.12184890000000004,73.13889621500505
7.178,1500,-0.058748629999999996,-0.0012417600000000084,-0.0018489000000000422,73.13889621500505
7.189,1500,0.04025137,-0.02424176,-0.05984889999999998,73.13889621500505
7.199,1500,-0.23974862999999996,-0.06924176,0.0011510999999999605,73.13889621500505
7.209,1500,0.01425137,0.020758239999999997,0.08215110000000003,73.13889621500505
7.219,1500,0.006251369999999999,-0.02424176,0.004151099999999963,73.13889621500505
7.229,1500,0.02425137,-0.013241760000000005,0.020151099999999977,73.13889621500505
7.239,1500,0.06325137,0.0017582399999999943,0.01115109999999997,73.13889621500505
7.249,1500,0.01625137,-0.014241760000000006,0.007151099999999966,73.13889621500505
7.259,1500,0.035251370000000004,0.002758239999999995,0.01215109999999997,73.13889621500505
7.269,1500,-0.01574863,-0.031241760000000007,-0.04384890000000008,73.13889621500505
7.279,1500,-0.06174863,-0.052241760000000005,-0.02384890000000006,73.13889621500505
7.288,1500,0.011251369999999997,-0.00724176,0.004151099999999963,73.13889621500505
7.299,1500,-0.037748630000000005,-0.04024176,-0.03384890000000007,73.13889621500505
7.308,1500,0.0022513700000000025,0.003758239999999996,0.02415109999999998,73.13889621500505
7.318,1500,-0.06074863,-0.036241760000000005,-0.029848900000000067,73.13889621500505
7.329,1500,-0.0067486299999999985,-0.006241759999999999,0.01215109999999997,73.13889621500505
7.338,1500,-0.01674863,-0.04124176,0.01115109999999997,73.13889621500505
7.349,1500,0.02025137,-0.0012417600000000084,0.03515109999999988,73.13889621500505
7.358,1500,0.011251369999999997,-0.013241760000000005,0.009151099999999968,73.13889621500505
7.369,1500,0.04025137,-0.01724176000000001,-0.00984890000000005,73.13889621500505
7.379,1500,0.08325136999999999,-0.00824176,-0.03684890000000007,45.67825728929219
7.389,1500,0.02425137,-0.03424176,-0.04684890000000008,45.67825728929219
7.398,1500,0.05225137,-0.045241760000000006,-0.0798489,45.67825728929219
7.408,1500,-0.038748630000000006,-0.01924176000000001,-0.002848900000000043,45.67825728929219
7.418,1500,-0.018748630000000002,-0.030241760000000006,-0.028848900000000066,45.67825728929219
7.429,1500,-0.037748630000000005,-0.009241760000000002,0.018151099999999976,45.67825728929219
7.438,1500,-0.019748630000000003,-0.006241759999999999,0.028151099999999984,45.67825728929219
7.449,1500,0.07525137,-0.00824176,0.010151099999999968,45.67825728929219
7.458,1500,-0.009748630000000001,0.006758239999999999,0.0461511,45.67825728929219
7.469,1500,-0.038748630000000006,-0.01824176000000001,-0.00984890000000005,45.67825728929219
7.479,1500,0.02325137,-0.015241760000000007,0.028151099999999984,45.67825728929219
7.488,1500,-0.054748630000000006,-0.014241760000000006,-0.02184890000000006,45.67825728929219
7.499,1500,-0.01674863,-0.028241760000000005,-0.03584890000000007,45.67825728929219
7.509,1500,-0.025748629999999995,-0.02424176,-0.024848900000000063,45.67825728929219
7.518,1500,0.05625137,0.009758240000000001,0.03315109999999988,45.67825728929219
7.529,1500,-0.12174863000000001,-0.05424176000000001,-0.019848900000000058,45.67825728929219
7.538,1500,-0.0007486300000000001,0.01175823999999999,0.0551510999999999,45.67825728929219
7.549,1500,0.05625137,-0.00824176,0.06615110000000002,45.67825728929219
7.559,1500,0.0022513700000000025,-0.009241760000000002,0.0421511,45.67825728929219
7.569,1500,0.06625137,0.01175823999999999,0.052151100000000006,45.67825728929219
7.579,1500,-0.042748629999999996,-0.037241760000000006,-0.003848900000000044,45.67825728929219
7.588,1500,0.11125137,0.005758239999999998,-0.03684890000000007,45.67825728929219
7.599,1500,-0.007748629999999999,-0.030241760000000006,-0.026848900000000064,45.67825728929219
7.608,1500,-0.051748630000000004,-0.04124176,-0.06484889999999999,45.67825728929219
7.619,1500,-0.004748629999999997,-0.027241760000000004,-0.008848900000000048,45.67825728929219
7.628,1500,-0.06174863,-0.04124176,-0.029848900000000067,45.67825728929219
7.639,1500,-0.04974863,0.0007582399999999934,0.03715109999999988,45.67825728929219
7.649,1500,0.10125137000000001,0.021758239999999998,0.08315109999999992,45.67825728929219
7.658,1500,0.06025137,-0.025241760000000002,-0.02284890000000006,45.67825728929219
7.669,1500,-0.007748629999999999,0.03975824,0.14715109999999998,45.67825728929219
7.678,1500,-0.024748629999999994,-0.027241760000000004,0.03215109999999999,45.67825728929219
7.689,1500,0.07425137,-0.00324176000000001,0.0031510999999999623,45.67825728929219
7.698,1500,-0.020748630000000004,-0.025241760000000002,0.0001510999999999596,45.67825728929219
7.709,1500,0.17625137000000002,-0.011241760000000003,-0.04684890000000008,45.67825728929219
7.719,1500,0.09525137,-0.04224176,-0.04684890000000008,45.67825728929219
7.729,1500,0.07525137,-0.04224176,-0.0788489,45.67825728929219
7.739,1500,-0.014748629999999999,-0.051241760000000004,-0.039848900000000076,45.67825728929219
7.749,1500,-0.03274863,-0.06224176000000001,-0.03684890000000007,45.67825728929219
7.759,1500,-0.01574863,-0.02124176,-0.006848900000000047,45.67825728929219
7.769,1500,0.07325137,0.013758239999999991,0.0651510999999999,45.67825728929219
7.779,1500,0.02325137,-0.035241760000000004,-0.011848900000000051,45.67825728929219
7.789,1500,0.006251369999999999,-0.03324176,-0.018848900000000057,45.67825728929219
7.8,1500,-0.10074862999999999,-0.00824176,-0.008848900000000048,45.67825728929219
7.81,1500,0.02725137,-0.04024176,-0.05584889999999998,45.67825728929219
7.82,1500,0.02825137,-0.009241760000000002,0.0611510999999999,45.67825728929219
7.829,1500,-0.057748629999999995,-0.020241759999999998,0.029151099999999874,45.67825728929219
7.839,1500,0.02925137,0.004758239999999997,0.03915109999999988,45.67825728929219
7.849,1500,0.013251369999999998,-0.027241760000000004,-0.03284890000000007,45.67825728929219
7.859,1500,-0.004748629999999997,-0.053241760000000006,-0.05684889999999998,45.67825728929219
7.869,1500,-0.04674863,-0.04124176,-0.030848900000000068,45.67825728929219
7.879,1500,-0.004748629999999997,-0.00324176000000001,0.0651510999999999,45.67825728929219
7.889,1500,0.01825137,-0.026241760000000003,0.030151099999999986,45.67825728929219
7.899,1500,-0.007748629999999999,-0.05524176,-0.05584889999999998,50.016840729296156
7.91,1500,0.11325137,-0.009241760000000002,0.02215109999999998,50.016840729296156
7.919,1500,-0.04474863,0.006758239999999999,0.08615110000000004,50.016840729296156
7.93,1500,-0.10574863,-0.051241760000000004,-0.025848900000000063,50.016840729296156
7.939,1500,0.03025137,-0.08024176000000001,-0.0828489,50.016840729296156
7.949,1500,0.009251370000000002,0.005758239999999998,0.07615110000000003,50.016840729296156
7.959,1500,0.05525137,0.00875824,0.06015110000000001,50.016840729296156
7.969,1500,-0.025748629999999995,-0.08024176000000001,-0.10884890000000003,50.016840729296156
7.978,1500,-0.03974862999999999,-0.029241760000000006,0.03415109999999999,50.016840729296156
7.989,1500,0.08625137,-0.010241760000000003,0.027151099999999873,50.016840729296156
7.999,1500,-0.03374863,-0.04824176,-0.004848900000000045,50.016840729296156
8.009,1500,0.02025137,-0.00324176000000001,0.0551510999999999,50.016840729296156
8.019,1500,0.013251369999999998,-0.05524176,-0.002848900000000043,50.016840729296156
8.029,1500,0.02725137,-0.04924176,0.0031510999999999623,50.016840729296156
8.039,1500,0.02225137,-0.027241760000000004,0.0011510999999999605,50.016840729296156
8.049,1500,-0.037748630000000005,-0.013241760000000005,0.004151099999999963,50.016840729296156
8.059,1500,-0.04374863,-0.03824176000000001,-0.003848900000000044,50.016840729296156
8.069,1500,0.02525137,-0.02124176,0.013151099999999971,50.016840729296156
8.079,1500,0.05625137,-0.043241760000000004,0.010151099999999968,50.016840729296156
8.089,1500,0.05325137,-0.02124176,0.026151099999999983,50.016840729296156
8.099,1500,-0.06274863,-0.011241760000000003,-0.07084889999999999,50.016840729296156
8.109,1500,-0.06174863,-0.061241760000000006,-0.09784890000000002,50.016840729296156
8.119,1500,0.012251369999999998,-0.053241760000000006,-0.0828489,50.016840729296156
8.129,1500,0.05125137,-0.03924176000000001,-0.025848900000000063,50.016840729296156
8.139,1500,0.08025137,-0.016241760000000008,0.029151099999999874,50.016840729296156
8.149,1500,0.07325137,-0.009241760000000002,0.010151099999999968,50.016840729296156
8.16,1500,0.00725137,-0.027241760000000004,0.01215109999999997,50.016840729296156
8.17,1500,0.09825137,-0.06624176000000001,-0.09684890000000002,50.016840729296156
8.179,1500,-0.07974863,-0.00824176,0.052151100000000006,50.016840729296156
8.189,1500,-0.05574862999999999,-0.03824176000000001,0.03315109999999988,50.016840729296156
8.199,1500,0.06125137,-0.05624176,-0.07084889999999999,50.016840729296156
8.209,1500,-0.07374863,-0.036241760000000005,0.020151099999999977,50.016840729296156
8.219,1500,0.01725137,-0.061241760000000006,0.041151099999999885,50.016840729296156
8.229,1500,-0.001748630000000001,-0.05724176,-0.051848899999999976,50.016840729296156
8.239,1500,-0.12274863000000001,-0.025241760000000002,0.02515109999999987,50.016840729296156
8.249,1500,0.03725137,-0.043241760000000004,0.02415109999999998,50.016840729296156
8.26,1500,-0.029748629999999998,-0.043241760000000004,-0.037848900000000074,50.016840729296156
8.27,1500,-0.037748630000000005,-0.03424176,-0.017848900000000056,50.016840729296156
8.279,1500,0.0022513700000000025,-0.05024176,0.0031510999999999623,50.016840729296156
8.289,1500,0.011251369999999997,-0.06924176,-0.01084890000000005,50.016840729296156
8.299,1500,0.07125137000000001,0.08475823999999998,0.1941510999999999,50.016840729296156
8.309,1500,-0.43974863,-0.07224176,-0.050848899999999975,50.016840729296156
8.319,1500,0.14325137,0.013758239999999991,0.014151099999999972,50.016840729296156
8.329,1500,0.03825137,-0.09224176,-0.2168489,50.016840729296156
8.339,1500,0.07725137,0.017758239999999995,0.0461511,50.016840729296156
8.349,1500,0.13625136999999998,0.00875824,0.0651510999999999,50.016840729296156
8.359,1500,0.29025137,0.026758240000000003,0.12715109999999996,50.016840729296156
8.369,1500,-0.013748629999999998,-0.035241760000000004,0.19715110000000002,50.016840729296156
8.379,1500,-0.26574863,-0.08224176,-0.007848900000000048,50.016840729296156
8.39,1500,0.09625137,0.02275824,0.04515109999999989,50.016840729296156
8.4,1500,0.08725137,-0.043241760000000004,-0.05784889999999998,50.016840729296156
8.41,1500,-0.003748630000000003,-0.05724176,-0.13684890000000005,50.016840729296156
8.42,1500,0.15525137,0.02275824,-0.061848899999999984,126.69609055304225
8.43,1500,-0.03274863,-0.07424176,-0.14784890000000006,126.69609055304225
8.439,1500,0.013251369999999998,-0.04724176000000001,-0.05784889999999998,126.69609055304225
8.449,1500,0.11225137,-0.014241760000000006,-0.060848899999999984,126.69609055304225
8.459,1500,-0.06074863,-0.028241760000000005,-0.030848900000000068,126.69609055304225
8.469,1500,-0.08474863,-0.013241760000000005,-0.0868489,126.69609055304225
8.478,1500,-0.14574863,-0.025241760000000002,-0.0828489,126.69609055304225
8.489,1500,-0.06174863,-0.01824176000000001,-0.05984889999999998,126.69609055304225
8.499,1500,-0.16374863,0.030758239999999992,-0.013848900000000053,126.69609055304225
8.509,1500,0.04425137,0.002758239999999995,-0.04684890000000008,126.69609055304225
8.519,1500,0.050251370000000004,0.02575824,-0.037848900000000074,126.69609055304225
8.529,1500,-0.16874863,0.009758240000000001,-0.037848900000000074,126.69609055304225
8.539,1500,-0.12074863000000001,0.03675824,0.0001510999999999596,126.69609055304225
8.549,1500,-0.037748630000000005,-0.00824176,-0.0778489,126.69609055304225
8.559,1500,0.07425137,0.00875824,0.008151099999999967,126.69609055304225
8.569,1500,0.01725137,0.004758239999999997,-0.006848900000000047,126.69609055304225
8.579,1500,-0.057748629999999995,0.020758239999999997,0.030151099999999986,126.69609055304225
8.589,1500,0.05925137,0.010758240000000002,0.014151099999999972,126.69609055304225
8.599,1500,0.012251369999999998,-0.03324176,-0.04384890000000008,126.69609055304225
8.609,1500,0.08725137,-0.02124176,0.01115109999999997,126.69609055304225
8.619,1500,0.06925137,0.013758239999999991,0.007151099999999966,126.69609055304225
8.629,1500,-0.023748630000000007,0.02375824,-0.03184890000000007,126.69609055304225
8.639,1500,-0.17674863000000002,-0.07024176,-0.0798489,126.69609055304225
8.65,1500,-0.06074863,-0.016241760000000008,0.007151099999999966,126.69609055304225
8.66,1500,-0.08974863000000001,-0.03424176,0.013151099999999971,126.69609055304225
8.67,1500,0.16425137,-0.00824176,0.12515109999999996,126.69609055304225
8.679,1500,-0.0007486300000000001,-0.060241760000000005,-0.018848900000000057,126.69609055304225
8.689,1500,-0.08074863,-0.029241760000000006,-0.0018489000000000422,126.69609055304225
8.699,1500,-0.011748630000000003,-0.08524176,-0.0768489,126.69609055304225
8.709,1500,-0.03474863,-0.031241760000000007,0.006151099999999965,126.69609055304225
8.719,1500,-0.04374863,-0.08224176,-0.0018489000000000422,126.69609055304225
8.729,1500,-0.026748629999999995,-0.06724176000000001,0.01215109999999997,126.69609055304225
8.739,1500,-0.027748629999999996,-0.05724176,-0.015848900000000055,126.69609055304225
8.749,1500,0.008251370000000001,-0.04924176,0.021151099999999867,126.69609055304225
8.759,1500,-0.013748629999999998,-0.043241760000000004,0.004151099999999963,126.69609055304225
8.77,1500,0.03725137,-0.03424176,0.01115109999999997,126.69609055304225
8.78,1500,-0.009748630000000001,-0.08024176000000001,-0.006848900000000047,126.69609055304225
8.79,1500,-0.16774863,-0.08824176,0.016151099999999974,126.69609055304225
8.8,1500,-0.04674863,-0.04824176,0.029151099999999874,126.69609055304225
8.81,1500,-0.03074863,-0.044241760000000005,0.010151099999999968,126.69609055304225
8.82,1500,-0.06874863,-0.036241760000000005,-0.02384890000000006,126.69609055304225
8.83,1500,-0.10174862999999999,-0.012241760000000004,-0.007848900000000048,126.69609055304225
8.84,1500,-0.08074863,0.021758239999999998,0.010151099999999968,126.69609055304225
8.849,1500,0.0012513700000000016,0.018758239999999995,0.02515109999999987,126.69609055304225
8.859,1500,-0.0007486300000000001,0.03175823999999999,-0.006848900000000047,126.69609055304225
8.869,1500,0.0022513700000000025,0.03975824,-0.011848900000000051,126.69609055304225
8.879,1500,0.08125137,0.02475824,-0.002848900000000043,126.69609055304225
8.889,1500,-0.01574863,0.06575824,0.0011510999999999605,126.69609055304225
8.899,1500,0.08425136999999999,0.10175824,-0.0018489000000000422,126.69609055304225
8.909,1500,0.09325137,0.11175824000000001,0.013151099999999971,126.69609055304225
8.919,1500,0.14825137,0.15175824,-0.003848900000000044,126.69609055304225
8.929,1500,0.07625137,0.13575824,-0.029848900000000067,126.69609055304225
8.939,1500,0.04825137,0.11075824000000001,0.0011510999999999605,187.24917840726255
8.949,1500,0.07425137,0.06475824,0.0011510999999999605,187.24917840726255
8.959,1500,0.08725137,0.04075824,0.01215109999999997,187.24917840726255
8.969,1500,0.04125137,0.034758239999999996,0.009151099999999968,187.24917840726255
8.979,1500,0.013251369999999998,-0.0022417600000000093,0.0001510999999999596,187.24917840726255
8.989,1500,-0.057748629999999995,0.030758239999999992,0.01115109999999997,187.24917840726255
8.999,1500,0.0032513700000000034,0.00775824,0.018151099999999976,187.24917840726255
9.009,1500,0.01425137,0.013758239999999991,0.030151099999999986,187.24917840726255
9.019,1500,0.12725137,0.06075823999999999,0.026151099999999983,187.24917840726255
9.03,1500,-0.06074863,-0.036241760000000005,-0.06784889999999999,187.24917840726255
9.04,1500,-0.01574863,0.015758239999999993,0.014151099999999972,187.24917840726255
9.05,1500,-0.022748630000000006,0.00775824,-0.016848900000000055,187.24917840726255
9.06,1500,-0.023748630000000007,-0.0012417600000000084,-0.027848900000000065,187.24917840726255
9.07,1500,0.00025137000000000076,0.045758240000000006,0.0031510999999999623,187.24917840726255
9.08,1500,0.02025137,0.026758240000000003,0.0001510999999999596,187.24917840726255
9.09,1500,0.010251370000000003,-0.010241760000000003,0.0031510999999999623,187.24917840726255
9.1,1500,-0.01774863,-0.0012417600000000084,0.004151099999999963,187.24917840726255
9.11,1500,-0.012748629999999997,0.003758239999999996,-0.006848900000000047,187.24917840726255
9.12,1500,-0.038748630000000006,-0.0012417600000000084,-0.00984890000000005,187.24917840726255
9.13,1500,-0.021748630000000005,0.016758239999999994,0.0611510999999999,187.24917840726255
9.14,1500,-0.04574863,-0.02124176,0.004151099999999963,187.24917840726255
9.149,1500,-0.04474863,-0.011241760000000003,0.0011510999999999605,187.24917840726255
9.159,1500,-0.0067486299999999985,0.030758239999999992,0.0031510999999999623,187.24917840726255
9.169,1500,-0.04474863,-0.035241760000000004,-0.06384889999999999,187.24917840726255
9.179,1500,0.0012513700000000016,0.0017582399999999943,-0.02384890000000006,187.24917840726255
9.19,1500,0.006251369999999999,0.02575824,0.005151099999999964,187.24917840726255
9.2,1500,-0.09474862999999999,-0.029241760000000006,0.007151099999999966,187.24917840726255
9.21,1500,0.03725137,-0.016241760000000008,0.013151099999999971,187.24917840726255
9.22,1500,-0.013748629999999998,-0.025241760000000002,0.0011510999999999605,187.24917840726255
9.23,1500,0.08925137,-0.00324176000000001,0.007151099999999966,187.24917840726255
9.24,1500,-0.03274863,0.00875824,-0.0008489000000000413,187.24917840726255
9.249,1500,-0.06674863,-0.053241760000000006,0.004151099999999963,187.24917840726255
9.259,1500,-0.10974863,-0.09424176000000001,-0.0788489,187.24917840726255
9.27,1500,-0.010748630000000002,-0.015241760000000007,0.027151099999999873,187.24917840726255
9.28,1500,-0.052748630000000005,-0.07724176,-0.0018489000000000422,187.24917840726255
9.29,1500,0.006251369999999999,0.021758239999999998,0.19715110000000002,187.24917840726255
9.299,1500,-0.058748629999999996,-0.07724176,-0.015848900000000055,187.24917840726255
9.309,1500,-0.10474863,-0.12724176,-0.13184890000000005,187.24917840726255
9.32,1500,-0.10574863,-0.07524176,-0.04084890000000008,187.24917840726255
9.329,1500,-0.17374863000000002,-0.08324176,0.062151100000000015,187.24917840726255
9.339,1500,0.10625137,-0.03824176000000001,0.13715109999999997,187.24917840726255
9.35,1500,0.02125137,-0.014241760000000006,0.1801510999999999,187.24917840726255
9.359,1500,0.18225137000000002,-0.03324176,-0.09184890000000001,187.24917840726255
9.369,1500,0.13825136999999998,-0.010241760000000003,-0.11384890000000003,187.24917840726255
9.38,1500,-0.13674862999999998,-0.11424176,-0.07084889999999999,187.24917840726255
9.39,1500,-0.34074863,-0.15224176,-0.1998489,187.24917840726255
9.4,1500,-0.22074863,-0.12124176,-0.12084890000000004,187.24917840726255
9.41,1500,0.07225137,0.046758240000000006,0.15015109999999987,187.24917840726255
9.42,1500,-0.34874863,-0.12324176,-0.10384890000000002,187.24917840726255
9.429,1500,0.050251370000000004,0.15775824,0.06715109999999991,187.24917840726255
9.439,1500,0.27425137,0.06375824,-0.04284890000000008,187.24917840726255
9.45,1500,0.11825137,0.04175824,0.08215110000000003,187.24917840726255
9.459,1500,-0.12974862999999998,0.04075824,-0.09184890000000001,187.24917840726255
9.47,1500,-0.14074862999999999,0.019758239999999996,-0.15084890000000006,188.08831262773808
9.479,1500,0.07625137,0.13375824,0.1611511,188.08831262773808
9.489,1500,0.07725137,0.07975824000000001,-0.12884890000000004,188.08831262773808
9.5,1500,0.11025137,0.10275824,-0.008848900000000048,188.08831262773808
9.509,1500,0.22325137,0.20575823999999998,0.03715109999999988,188.08831262773808
9.519,1500,0.08825137,0.06175823999999999,-0.039848900000000076,188.08831262773808
9.53,1500,-0.07374863,0.08175823999999998,0.013151099999999971,188.08831262773808
9.539,1500,-0.009748630000000001,0.04275824,0.12315109999999996,188.08831262773808
9.55,1500,-0.04974863,-0.01924176000000001,0.07615110000000003,188.08831262773808
9.559,1500,-0.003748630000000003,0.030758239999999992,0.021151099999999867,188.08831262773808
9.569,1500,0.02825137,0.07675824,0.12615110000000007,188.08831262773808
9.58,1500,-0.04374863,0.07975824000000001,0.19715110000000002,188.08831262773808
9.589,1500,-0.16074863,-0.011241760000000003,0.0631510999999999,188.08831262773808
9.599,1500,0.04125137,0.021758239999999998,0.13215110000000008,188.08831262773808
9.61,1500,0.09125137,0.06575824,0.1631511,188.08831262773808
9.62,1500,-0.19074862999999997,-0.08424176,-0.14384890000000006,188.08831262773808
9.63,1500,-0.08474863,-0.025241760000000002,-0.00984890000000005,188.08831262773808
9.64,1500,-0.10674863,-0.009241760000000002,-0.11984890000000004,188.08831262773808
9.65,1500,-0.06774863,0.00775824,-0.004848900000000045,188.08831262773808
9.66,1500,-0.07774863,-0.04224176,-0.11484890000000003,188.08831262773808
9.67,1500,-0.23174863,-0.01824176000000001,-0.09884890000000002,188.08831262773808
9.68,1500,-0.07974863,0.013758239999999991,-0.00984890000000005,188.08831262773808
9.69,1500,-0.09874862999999999,-0.058241760000000004,-0.2148489,188.08831262773808
9.7,1500,0.02725137,-0.09424176000000001,-0.17084890000000008,188.08831262773808
9.71,1500,0.12025137,0.05575823999999999,-0.10384890000000002,188.08831262773808
9.72,1500,0.02525137,0.015758239999999993,-0.037848900000000074,188.08831262773808
9.73,1500,-0.024748629999999994,-0.02124176,-0.04784890000000008,188.08831262773808
9.74,1500,0.02625137,0.05975823999999999,-0.08884890000000001,188.08831262773808
9.75,1500,-0.011748630000000003,0.02875823999999999,-0.09284890000000001,188.08831262773808
9.76,1500,-0.005748629999999998,-0.010241760000000003,-0.01084890000000005,188.08831262773808
9.77,1500,-0.06474863,0.009758240000000001,0.02315109999999987,188.08831262773808
9.78,1500,-0.04374863,-0.02424176,-0.017848900000000056,188.08831262773808
9.79,1500,0.13325136999999998,0.04075824,-0.050848899999999975,188.08831262773808
9.8,1500,0.02525137,-0.06524176000000001,-0.18184889999999998,188.08831262773808
9.81,1500,0.13225136999999998,-0.009241760000000002,-0.0858489,188.08831262773808
9.82,1500,0.29325137,0.15175824,0.20815109999999992,188.08831262773808
9.83,1500,0.32625137000000004,0.046758240000000006,0.0551510999999999,188.08831262773808
9.84,1500,0.19125136999999998,0.06775824,0.11015110000000006,188.08831262773808
9.85,1500,0.07325137,0.14275824,0.3141511,188.08831262773808
9.86,1500,-0.20574863,-0.028241760000000005,0.1921510999999999,188.08831262773808
9.871,1500,0.13325136999999998,0.00775824,0.26015109999999997,188.08831262773808
9.88,1500,-0.09474862999999999,0.04875824000000001,0.1701510999999999,188.08831262773808
9.891,1500,-0.15274863,-0.08124176000000001,-0.17784889999999998,188.08831262773808
9.9,1500,-0.21374863,-0.01724176000000001,-0.04184890000000008,188.08831262773808
9.909,1500,0.02525137,0.00775824,-0.02184890000000006,188.08831262773808
9.919,1500,-0.058748629999999996,0.020758239999999997,-0.06984889999999999,188.08831262773808
9.929,1500,0.08025137,0.05875823999999999,-0.09884890000000002,188.08831262773808
9.939,1500,0.21525137,0.11575823999999998,-0.003848900000000044,188.08831262773808
9.95,1500,0.03925137,0.10975824,0.07015110000000002,188.08831262773808
9.959,1500,0.03125137,0.08475823999999998,-0.16684890000000008,188.08831262773808
9.97,1500,0.08425136999999999,0.14775823999999999,-0.0868489,188.08831262773808
9.979,1500,0.08925137,0.14175824,0.08215110000000003,188.08831262773808
9.99,1500,0.07425137,0.12175823999999999,0.016151099999999974,140.39622595620224
9.999,1500,0.10425137000000001,0.14775823999999999,-0.03484890000000007,140.39622595620224
10.01,1500,0.09225137,0.13475824,-0.04684890000000008,140.39622595620224
10.02,1500,0.07925137,0.10475824,-0.008848900000000048,140.39622595620224
10.029,1500,0.04125137,0.08075824000000001,-0.006848900000000047,140.39622595620224
10.04,1500,0.06325137,0.07775824,-0.00984890000000005,140.39622595620224
10.05,1500,0.050251370000000004,0.05875823999999999,-0.012848900000000052,140.39622595620224
10.06,1500,0.02525137,0.02975823999999999,-0.004848900000000045,140.39622595620224
10.07,1500,0.013251369999999998,0.02275824,-0.004848900000000045,140.39622595620224
10.08,1500,0.013251369999999998,0.02875823999999999,0.0001510999999999596,140.39622595620224
10.09,1500,-0.001748630000000001,0.018758239999999995,-0.002848900000000043,140.39622595620224
10.1,1500,-0.009748630000000001,0.005758239999999998,0.0011510999999999605,140.39622595620224
10.11,1500,0.01525137,0.01175823999999999,0.0011510999999999605,140.39622595620224
10.12,1500,0.004251369999999997,0.013758239999999991,0.006151099999999965,140.39622595620224
10.13,1500,-0.003748630000000003,0.0007582399999999934,-0.0008489000000000413,140.39622595620224
10.14,1500,0.008251370000000001,0.0007582399999999934,-0.003848900000000044,140.39622595620224
10.15,1500,0.00025137000000000076,0.009758240000000001,-0.005848900000000046,140.39622595620224
10.16,1500,0.005251369999999998,0.003758239999999996,-0.0008489000000000413,140.39622595620224
10.169,1500,0.006251369999999999,-0.004241760000000011,0.0021510999999999614,140.39622595620224
10.18,1500,0.010251370000000003,0.004758239999999997,0.004151099999999963,140.39622595620224
10.189,1500,0.00025137000000000076,-0.00024176000000000752,-0.002848900000000043,140.39622595620224
10.2,1500,0.0022513700000000025,0.0017582399999999943,-0.0018489000000000422,140.39622595620224
10.209,1500,0.008251370000000001,-0.00024176000000000752,-0.0018489000000000422,140.39622595620224
10.22,1500,-0.0007486300000000001,0.003758239999999996,0.0011510999999999605,140.39622595620224
10.23,1500,0.0032513700000000034,0.005758239999999998,-0.0018489000000000422,140.39622595620224
10.239,1500,0.00725137,0.00775824,-0.004848900000000045,140.39622595620224
10.25,1500,0.0032513700000000034,0.004758239999999997,-0.0018489000000000422,140.39622595620224
10.26,1500,0.00025137000000000076,0.002758239999999995,0.0031510999999999623,140.39622595620224
10.27,1500,0.004251369999999997,0.0017582399999999943,-0.002848900000000043,140.39622595620224
10.28,1500,0.0022513700000000025,0.0017582399999999943,-0.004848900000000045,140.39622595620224
10.29,1500,-0.0007486300000000001,0.006758239999999999,0.004151099999999963,140.39622595620224
10.3,1500,0.004251369999999997,0.002758239999999995,-0.002848900000000043,140.39622595620224
10.31,1500,0.005251369999999998,0.004758239999999997,-0.002848900000000043,140.39622595620224
10.32,1500,0.0032513700000000034,-0.0022417600000000093,-0.004848900000000045,140.39622595620224
10.33,1500,-0.0007486300000000001,0.004758239999999997,-0.006848900000000047,140.39622595620224
10.34,1500,0.004251369999999997,0.006758239999999999,-0.0008489000000000413,140.39622595620224
10.35,1500,0.0032513700000000034,0.003758239999999996,-0.002848900000000043,140.39622595620224
10.36,1500,0.004251369999999997,0.0007582399999999934,-0.0008489000000000413,140.39622595620224
10.369,1500,0.0022513700000000025,0.00875824,0.0021510999999999614,140.39622595620224
10.38,1500,0.00025137000000000076,0.002758239999999995,0.0001510999999999596,140.39622595620224
10.389,1500,0.006251369999999999,-0.0022417600000000093,-0.0018489000000000422,140.39622595620224
10.4,1500,-0.0007486300000000001,0.0017582399999999943,-0.003848900000000044,140.39622595620224
10.409,1500,-0.0007486300000000001,0.006758239999999999,0.005151099999999964,140.39622595620224
10.42,1500,-0.001748630000000001,0.0007582399999999934,0.0001510999999999596,140.39622595620224
10.43,1500,0.00025137000000000076,0.0017582399999999943,-0.003848900000000044,140.39622595620224
10.44,1500,0.0022513700000000025,0.002758239999999995,-0.004848900000000045,140.39622595620224
10.45,1500,0.00025137000000000076,0.00775824,-0.0018489000000000422,140.39622595620224
10.46,1500,0.0012513700000000016,0.0007582399999999934,-0.005848900000000046,140.39622595620224
10.47,1500,0.006251369999999999,0.006758239999999999,-0.002848900000000043,140.39622595620224
10.48,1500,0.005251369999999998,0.002758239999999995,-0.002848900000000043,140.39622595620224
10.49,1500,-0.004748629999999997,0.0017582399999999943,-0.0008489000000000413,140.39622595620224
10.5,1500,-0.0007486300000000001,0.003758239999999996,0.005151099999999964,140.39622595620224
10.51,1500,0.0012513700000000016,0.005758239999999998,0.004151099999999963,0.0
10.52,1500,0.0022513700000000025,0.0017582399999999943,0.0021510999999999614,0.0
10.53,1500,0.0032513700000000034,-0.00024176000000000752,-0.002848900000000043,0.0
10.54,1500,0.00025137000000000076,0.005758239999999998,0.0011510999999999605,0.0
10.55,1500,0.010251370000000003,0.0007582399999999934,0.0001510999999999596,0.0
10.56,1500,0.0012513700000000016,0.0017582399999999943,-0.004848900000000045,0.0
10.57,1500,0.0032513700000000034,0.01175823999999999,-0.004848900000000045,0.0
10.58,1500,0.0032513700000000034,0.003758239999999996,0.0031510999999999623,0.0
10.59,1500,0.00025137000000000076,-0.0012417600000000084,0.0001510999999999596,0.0
10.6,1500,0.0032513700000000034,0.004758239999999997,-0.002848900000000043,0.0
10.61,1500,0.0012513700000000016,0.003758239999999996,0.0001510999999999596,0.0
10.62,1500,-0.003748630000000003,0.0017582399999999943,0.004151099999999963,0.0
10.63,1500,-0.001748630000000001,0.004758239999999997,-0.002848900000000043,0.0
10.64,1500,0.006251369999999999,0.002758239999999995,-0.0018489000000000422,0.0
10.651,1500,-0.0007486300000000001,0.002758239999999995,-0.003848900000000044,0.0
10.661,1500,0.0032513700000000034,0.003758239999999996,-0.0008489000000000413,0.0
10.671,1500,0.004251369999999997,0.002758239999999995,0.0001510999999999596,0.0
10.68,1500,0.0012513700000000016,0.003758239999999996,0.0011510999999999605,0.0
10.69,1500,-0.0007486300000000001,0.002758239999999995,0.0001510999999999596,0.0
10.7,1500,0.0032513700000000034,0.002758239999999995,-0.002848900000000043,0.0
10.71,1500,0.00025137000000000076,0.0017582399999999943,0.0001510999999999596,0.0
10.721,1500,-0.0007486300000000001,0.0007582399999999934,-0.0008489000000000413,0.0
10.73,1500,-0.0007486300000000001,0.00875824,-0.0008489000000000413,0.0
10.741,1500,0.0022513700000000025,0.0007582399999999934,-0.004848900000000045,0.0
10.751,1500,0.0032513700000000034,0.0017582399999999943,0.0001510999999999596,0.0
10.761,1500,-0.001748630000000001,0.004758239999999997,0.0011510999999999605,0.0
10.771,1500,0.00725137,0.005758239999999998,-0.0018489000000000422,0.0
10.78,1500,0.005251369999999998,0.003758239999999996,0.0011510999999999605,0.0
10.791,1500,0.006251369999999999,0.0007582399999999934,0.0031510999999999623,0.0
10.8,1500,0.0012513700000000016,0.00875824,-0.004848900000000045,0.0
10.81,1500,-0.0007486300000000001,0.0017582399999999943,-0.002848900000000043,0.0
10.82,1500,0.0022513700000000025,-0.0012417600000000084,0.006151099999999965,0.0
10.83,1500,-0.002748630000000002,0.00775824,-0.0008489000000000413,0.0
10.84,1500,-0.002748630000000002,0.006758239999999999,-0.003848900000000044,0.0
10.85,1500,-0.004748629999999997,0.002758239999999995,0.0001510999999999596,0.0
10.86,1500,-0.002748630000000002,0.0007582399999999934,-0.0008489000000000413,0.0
10.87,1500,0.008251370000000001,0.005758239999999998,-0.0018489000000000422,0.0
10.88,1500,0.00025137000000000076,0.003758239999999996,-0.007848900000000048,0.0
10.89,1500,0.006251369999999999,0.002758239999999995,-0.002848900000000043,0.0
10.9,1500,0.00725137,-0.00024176000000000752,0.004151099999999963,0.0
10.91,1500,0.006251369999999999,0.004758239999999997,0.0021510999999999614,0.0
10.92,1500,-0.001748630000000001,0.005758239999999998,-0.005848900000000046,0.0
10.93,1500,0.006251369999999999,0.003758239999999996,-0.005848900000000046,0.0
10.94,1500,0.0032513700000000034,-0.0012417600000000084,0.004151099999999963,0.0
10.95,1500,-0.004748629999999997,0.003758239999999996,0.0021510999999999614,0.0
10.96,1500,-0.005748629999999998,0.004758239999999997,-0.008848900000000048,0.0
10.97,1500,0.0022513700000000025,0.004758239999999997,0.004151099999999963,0.0
10.98,1500,-0.0007486300000000001,0.0007582399999999934,-0.003848900000000044,0.0
10.99,1500,0.0032513700000000034,-0.00024176000000000752,-0.002848900000000043,0.0
11.0,1500,0.0032513700000000034,0.003758239999999996,-0.007848900000000048,0.0
11.01,1500,0.00725137,0.002758239999999995,-0.004848900000000045,0.0
11.02,1500,0.008251370000000001,0.0007582399999999934,-0.003848900000000044,0.0
11.03,1500,0.0032513700000000034,0.005758239999999998,-0.0008489000000000413,0.0
11.04,1500,-0.0007486300000000001,0.006758239999999999,0.0011510999999999605,0.0
11.05,1500,0.0032513700000000034,0.003758239999999996,0.0001510999999999596,0.0
11.06,1500,-0.004748629999999997,0.002758239999999995,0.0031510999999999623,0.0
11.07,1500,-0.001748630000000001,0.005758239999999998,-0.0008489000000000413,0.0
11.08,1500,-0.001748630000000001,0.005758239999999998,-0.0008489000000000413,0.0
11.09,1500,0.004251369999999997,0.0017582399999999943,0.0001510999999999596,0.0
11.1,1500,0.0022513700000000025,-0.00024176000000000752,-0.0018489000000000422,0.0
11.11,1500,0.0032513700000000034,0.005758239999999998,-0.004848900000000045,0.0
11.12,1500,0.005251369999999998,0.0007582399999999934,-0.0018489000000000422,0.0
11.13,1500,0.008251370000000001,0.0017582399999999943,0.0001510999999999596,0.0
11.141,1500,0.009251370000000002,0.0017582399999999943,-0.0018489000000000422,0.0
11.151,1500,0.00025137000000000076,0.0017582399999999943,-0.004848900000000045,0.0
11.161,1500,-0.001748630000000001,0.004758239999999997,-0.0018489000000000422,0.0
11.171,1500,0.0012513700000000016,0.0017582399999999943,0.0021510999999999614,0.0
11.181,1500,-0.001748630000000001,0.003758239999999996,0.004151099999999963,0.0
11.191,1500,-0.001748630000000001,0.003758239999999996,0.0011510999999999605,0.0
11.201,1500,-0.001748630000000001,0.00775824,-0.0008489000000000413,0.0
11.211,1500,-0.001748630000000001,-0.00024176000000000752,-0.0008489000000000413,0.0
11.221,1500,-0.001748630000000001,0.002758239999999995,-0.0018489000000000422,0.0
11.231,1500,0.006251369999999999,0.004758239999999997,-0.005848900000000046,0.0
11.24,1500,0.013251369999999998,0.006758239999999999,-0.0008489000000000413,0.0
11.251,1500,0.004251369999999997,0.004758239999999997,-0.003848900000000044,0.0
11.261,1500,0.008251370000000001,-0.00024176000000000752,0.0011510999999999605,0.0
11.271,1500,0.0032513700000000034,0.004758239999999997,-0.003848900000000044,0.0
11.281,1500,0.009251370000000002,0.003758239999999996,-0.0008489000000000413,0.0
11.291,1500,0.005251369999999998,0.002758239999999995,0.0001510999999999596,0.0
11.3,1500,0.0012513700000000016,-0.00024176000000000752,0.0011510999999999605,0.0
11.31,1500,-0.0067486299999999985,0.004758239999999997,-0.003848900000000044,0.0
11.321,1500,-0.0007486300000000001,0.002758239999999995,0.0031510999999999623,0.0
11.33,1500,-0.002748630000000002,0.006758239999999999,-0.0018489000000000422,0.0
11.34,1500,0.00025137000000000076,0.0007582399999999934,0.0031510999999999623,0.0
11.35,1500,0.006251369999999999,0.003758239999999996,0.0001510999999999596,0.0
11.36,1500,0.005251369999999998,0.006758239999999999,0.0011510999999999605,0.0
11.37,1500,0.011251369999999997,0.002758239999999995,-0.0008489000000000413,0.0
11.38,1500,0.0032513700000000034,0.002758239999999995,-0.0008489000000000413,0.0
11.39,1500,0.004251369999999997,0.006758239999999999,-0.002848900000000043,0.0
11.401,1500,0.0032513700000000034,0.002758239999999995,0.0011510999999999605,0.0
11.411,1500,0.0022513700000000025,0.00875824,-0.006848900000000047,0.0
11.421,1500,0.00025137000000000076,0.002758239999999995,0.0001510999999999596,0.0
11.431,1500,-0.0007486300000000001,0.0017582399999999943,0.006151099999999965,0.0
11.441,1500,-0.004748629999999997,0.005758239999999998,0.0021510999999999614,0.0
11.45,1500,-0.002748630000000002,0.002758239999999995,-0.002848900000000043,0.0
11.46,1500,0.00025137000000000076,0.002758239999999995,0.0001510999999999596,0.0
11.47,1500,0.005251369999999998,0.004758239999999997,0.0001510999999999596,0.0
11.48,1500,0.0032513700000000034,0.003758239999999996,0.0001510999999999596,0.0
11.49,1500,0.00725137,0.0007582399999999934,-0.0008489000000000413,0.0
11.501,1500,0.00725137,0.0017582399999999943,0.0001510999999999596,0.0
11.511,1500,0.0012513700000000016,0.005758239999999998,-0.002848900000000043,0.0
11.521,1500,0.0022513700000000025,0.004758239999999997,-0.004848900000000045,0.0
11.531,1500,0.00025137000000000076,0.0017582399999999943,0.004151099999999963,0.0
11.541,1500,0.00025137000000000076,-0.0022417600000000093,0.0021510999999999614,0.0
11.55,1500,0.0012513700000000016,0.003758239999999996,-0.0018489000000000422,0.0
11.56,1500,-0.001748630000000001,0.004758239999999997,-0.008848900000000048,0.0
11.57,1500,-0.0007486300000000001,0.005758239999999998,0.0021510999999999614,0.0
11.58,1500,0.004251369999999997,0.003758239999999996,-0.0008489000000000413,0.0
11.59,1500,0.0032513700000000034,0.002758239999999995,0.0031510999999999623,0.0
11.6,1500,0.008251370000000001,0.0007582399999999934,-0.008848900000000048,0.0
11.61,1500,0.011251369999999997,0.003758239999999996,0.0001510999999999596,0.0
11.621,1500,-0.0007486300000000001,0.005758239999999998,-0.0018489000000000422,0.0
11.631,1500,0.004251369999999997,-0.00024176000000000752,0.0001510999999999596,0.0
11.64,1500,0.0012513700000000016,0.005758239999999998,-0.0018489000000000422,0.0
11.65,1500,-0.0007486300000000001,0.003758239999999996,-0.002848900000000043,0.0
11.66,1500,-0.003748630000000003,0.002758239999999995,0.005151099999999964,0.0
11.67,1500,0.0012513700000000016,0.002758239999999995,0.0021510999999999614,0.0
11.68,1500,0.00025137000000000076,0.00775824,-0.002848900000000043,0.0
11.69,1500,0.0032513700000000034,0.002758239999999995,-0.0008489000000000413,0.0
11.701,1500,0.00025137000000000076,-0.00024176000000000752,0.0011510999999999605,0.0
11.711,1500,0.0012513700000000016,0.004758239999999997,-0.0018489000000000422,0.0
11.721,1500,0.0032513700000000034,0.005758239999999998,-0.0008489000000000413,0.0
11.731,1500,0.0032513700000000034,0.0007582399999999934,-0.003848900000000044,0.0
11.741,1500,0.0032513700000000034,0.003758239999999996,-0.004848900000000045,0.0
11.75,1500,0.004251369999999997,0.004758239999999997,0.0001510999999999596,0.0
11.761,1500,0.0022513700000000025,-0.00324176000000001,0.0021510999999999614,0.0
11.771,1500,0.0012513700000000016,0.004758239999999997,-0.002848900000000043,0.0
11.781,1500,0.0022513700000000025,0.00775824,-0.002848900000000043,0.0
11.791,1500,-0.0007486300000000001,0.003758239999999996,-0.0018489000000000422,0.0
11.801,1500,-0.001748630000000001,0.005758239999999998,-0.003848900000000044,0.0
11.811,1500,0.0022513700000000025,0.004758239999999997,0.0031510999999999623,0.0
11.821,1500,0.005251369999999998,0.002758239999999995,0.004151099999999963,0.0
11.831,1500,0.0032513700000000034,0.0017582399999999943,-0.0018489000000000422,0.0
11.841,1500,0.0022513700000000025,0.00775824,-0.006848900000000047,0.0
11.851,1500,0.009251370000000002,-0.0012417600000000084,-0.003848900000000044,0.0
11.861,1500,0.00025137000000000076,-0.00024176000000000752,0.0021510999999999614,0.0
11.871,1500,-0.0007486300000000001,0.005758239999999998,-0.005848900000000046,0.0
11.88,1500,-0.001748630000000001,0.00875824,-0.0018489000000000422,0.0
11.89,1500,-0.002748630000000002,-0.0012417600000000084,0.004151099999999963,0.0
11.9,1500,-0.001748630000000001,-0.00324176000000001,-0.0018489000000000422,0.0
11.91,1500,-0.001748630000000001,0.00875824,0.0011510999999999605,0.0
11.921,1500,-0.0007486300000000001,0.002758239999999995,0.0011510999999999605,0.0
11.931,1500,0.00025137000000000076,-0.0012417600000000084,0.0011510999999999605,0.0
11.941,1500,0.0022513700000000025,0.002758239999999995,0.0001510999999999596,0.0
11.95,1500,0.006251369999999999,0.004758239999999997,-0.004848900000000045,0.0
11.961,1500,0.0012513700000000016,0.0007582399999999934,0.0021510999999999614,0.0
11.971,1500,0.005251369999999998,0.0007582399999999934,0.0021510999999999614,0.0
11.981,1500,0.0022513700000000025,0.00775824,-0.002848900000000043,0.0
11.991,1500,0.0032513700000000034,0.003758239999999996,-0.0008489000000000413,0.0
12.001,1500,-0.0007486300000000001,0.002758239999999995,-0.004848900000000045,0.0
12.011,1500,0.00025137000000000076,0.0017582399999999943,0.004151099999999963,0.0
12.021,1500,-0.0007486300000000001,0.002758239999999995,-0.0008489000000000413,0.0
12.032,1500,-0.002748630000000002,0.004758239999999997,-0.007848900000000048,0.0
12.04,1500,-0.003748630000000003,0.00775824,-0.0018489000000000422,0.0
12.051,1500,0.004251369999999997,0.0007582399999999934,0.006151099999999965,0.0
12.06,1500,0.0032513700000000034,0.003758239999999996,-0.005848900000000046,0.0
12.07,1500,0.00025137000000000076,0.004758239999999997,-0.004848900000000045,0.0
12.08,1500,0.008251370000000001,0.002758239999999995,-0.003848900000000044,0.0
12.09,1500,0.009251370000000002,-0.0012417600000000084,0.0011510999999999605,0.0
12.101,1500,0.00025137000000000076,0.004758239999999997,-0.002848900000000043,0.0
12.111,1500,0.0022513700000000025,0.006758239999999999,-0.004848900000000045,0.0
12.121,1500,0.0022513700000000025,0.003758239999999996,0.0021510999999999614,0.0
