frame,id,timestamp(s),accX,accY,accZ,gyrX,gyrY,gyrZ,magX,magY,magZ,eulerRoll,eulerPitch,eulerYaw,quatW,quatX,quatY,quatZ,
1,1,25348.984,-0.049,0.096,0.985,0.0,0.0,0.0,12,-12,-15,2.68,5.2,2.45,0.998,0.045,0.024,0.022,
2,1,25348.994,-0.045,0.092,0.987,0.0,0.0,0.0,12,-12,-15,2.68,5.2,2.45,0.998,0.045,0.024,0.022,
3,1,25349.004,-0.042,0.086,0.988,0.0,0.0,0.0,12,-12,-15,2.68,5.21,2.45,0.998,0.045,0.024,0.022,
4,1,25349.014,-0.046,0.092,0.985,0.0,0.0,0.0,12,-12,-15,2.68,5.2,2.45,0.998,0.045,0.024,0.022,
5,1,25349.024,-0.051,0.094,0.983,0.0,0.0,0.0,12,-12,-16,2.68,5.2,2.45,0.998,0.045,0.024,0.022,
6,1,25349.034,-0.046,0.091,0.983,0.0,0.0,0.0,13,-12,-15,2.68,5.21,2.45,0.998,0.045,0.024,0.022,
7,1,25349.044,-0.043,0.087,0.986,0.0,0.0,0.0,12,-12,-16,2.68,5.21,2.45,0.998,0.045,0.024,0.022,
8,1,25349.054,-0.047,0.09,0.99,0.0,0.0,0.0,12,-12,-15,2.68,5.2,2.45,0.998,0.045,0.024,0.022,
9,1,25349.064,-0.048,0.093,0.985,0.0,0.0,0.0,12,-12,-15,2.68,5.2,2.45,0.998,0.045,0.024,0.022,
10,1,25349.074,-0.048,0.089,0.988,0.0,0.0,0.0,13,-12,-15,2.68,5.21,2.45,0.998,0.045,0.024,0.022,
11,1,25349.084,-0.042,0.088,0.987,0.0,0.0,0.0,12,-11,-16,2.68,5.21,2.45,0.998,0.045,0.024,0.022,
12,1,25349.094,-0.045,0.09,0.985,0.0,0.0,0.0,12,-12,-16,2.68,5.2,2.45,0.998,0.045,0.024,0.022,
13,1,25349.104,-0.051,0.093,0.984,0.0,0.0,0.0,13,-12,-16,2.68,5.2,2.45,0.998,0.045,0.024,0.022,
14,1,25349.114,-0.046,0.09,0.989,0.0,0.0,0.0,13,-12,-16,2.68,5.2,2.45,0.998,0.045,0.024,0.022,
15,1,25349.124,-0.045,0.087,0.99,0.0,0.0,0.0,13,-12,-16,2.68,5.21,2.45,0.998,0.045,0.024,0.022,
16,1,25349.134,-0.048,0.091,0.985,0.0,0.0,0.0,12,-12,-15,2.68,5.2,2.45,0.998,0.045,0.024,0.022,
17,1,25349.144,-0.049,0.091,0.985,0.0,0.0,0.0,12,-12,-16,2.68,5.2,2.45,0.998,0.045,0.024,0.022,
18,1,25349.154,-0.047,0.089,0.985,0.0,0.0,0.0,13,-12,-15,2.68,5.21,2.45,0.998,0.045,0.024,0.022,
19,1,25349.164,-0.044,0.089,0.986,0.0,0.0,0.0,13,-12,-15,2.68,5.21,2.45,0.998,0.045,0.024,0.022,
20,1,25349.174,-0.049,0.092,0.985,0.0,0.0,0.0,13,-12,-16,2.68,5.2,2.45,0.998,0.045,0.024,0.022,
21,1,25349.184,-0.049,0.096,0.984,0.0,0.0,0.0,13,-12,-15,2.68,5.2,2.45,0.998,0.045,0.024,0.022,
22,1,25349.194,-0.043,0.089,0.987,0.0,0.0,0.0,12,-12,-15,2.68,5.21,2.45,0.998,0.045,0.024,0.022,
23,1,25349.204,-0.043,0.087,0.989,0.0,0.0,0.0,12,-12,-15,2.68,5.21,2.45,0.998,0.045,0.024,0.022,
24,1,25349.214,-0.049,0.09,0.983,0.0,0.0,0.0,12,-12,-15,2.68,5.2,2.45,0.998,0.045,0.024,0.022,
25,1,25349.224,-0.049,0.092,0.983,0.0,0.0,0.0,13,-12,-16,2.68,5.2,2.45,0.998,0.045,0.024,0.022,
26,1,25349.234,-0.047,0.086,0.987,0.0,0.0,0.0,12,-12,-15,2.68,5.2,2.45,0.998,0.045,0.024,0.022,
27,1,25349.244,-0.046,0.088,0.989,0.0,0.0,0.0,12,-12,-15,2.68,5.2,2.45,0.998,0.045,0.024,0.022,
28,1,25349.254,-0.045,0.095,0.984,0.0,0.0,0.0,12,-12,-16,2.68,5.2,2.45,0.998,0.045,0.024,0.022,
29,1,25349.264,-0.047,0.091,0.985,0.0,0.0,0.0,12,-12,-16,2.68,5.2,2.45,0.998,0.045,0.024,0.022,
30,1,25349.274,-0.046,0.088,0.989,0.0,0.0,0.0,13,-12,-15,2.68,5.2,2.45,0.998,0.045,0.024,0.022,
31,1,25349.284,-0.048,0.089,0.986,0.0,0.0,0.0,13,-12,-15,2.68,5.2,2.45,0.998,0.045,0.024,0.022,
32,1,25349.294,-0.047,0.092,0.985,0.0,0.0,0.0,12,-12,-16,2.68,5.2,2.45,0.998,0.045,0.024,0.022,
33,1,25349.304,-0.048,0.091,0.985,0.0,0.0,0.0,13,-12,-15,2.68,5.2,2.45,0.998,0.045,0.024,0.022,
34,1,25349.314,-0.044,0.089,0.987,0.0,0.0,0.0,13,-12,-15,2.69,5.2,2.45,0.998,0.045,0.024,0.022,
35,1,25349.324,-0.046,0.089,0.988,0.0,0.0,0.0,12,-11,-16,2.68,5.2,2.45,0.998,0.045,0.024,0.022,
36,1,25349.334,-0.046,0.089,0.983,0.0,0.0,0.0,12,-12,-15,2.68,5.2,2.45,0.998,0.045,0.024,0.022,
37,1,25349.344,-0.047,0.092,0.985,0.0,0.0,0.0,12,-12,-16,2.68,5.2,2.45,0.998,0.045,0.024,0.022,
38,1,25349.354,-0.046,0.089,0.989,0.0,0.0,0.0,12,-12,-15,2.69,5.2,2.45,0.998,0.045,0.024,0.022,
39,1,25349.364,-0.041,0.087,0.985,0.0,0.0,0.0,12,-12,-15,2.68,5.2,2.45,0.998,0.045,0.024,0.022,
40,1,25349.374,-0.045,0.092,0.981,0.0,0.0,0.0,13,-11,-15,2.68,5.2,2.45,0.998,0.045,0.024,0.022,
41,1,25349.384,-0.045,0.09,0.986,0.0,0.0,0.0,13,-12,-16,2.68,5.2,2.45,0.998,0.045,0.024,0.022,
42,1,25349.394,-0.046,0.088,0.986,0.0,0.0,0.0,13,-12,-16,2.68,5.21,2.45,0.998,0.045,0.024,0.022,
43,1,25349.404,-0.047,0.089,0.983,0.0,0.0,0.0,13,-12,-15,2.68,5.2,2.45,0.998,0.045,0.024,0.022,
44,1,25349.414,-0.049,0.089,0.984,0.0,0.0,0.0,13,-12,-15,2.68,5.2,2.45,0.998,0.045,0.024,0.022,
45,1,25349.424,-0.047,0.091,0.986,0.0,0.0,0.0,13,-12,-16,2.68,5.2,2.45,0.998,0.045,0.024,0.022,
46,1,25349.434,-0.047,0.089,0.989,0.0,0.0,0.0,12,-12,-15,2.68,5.2,2.45,0.998,0.045,0.024,0.022,
47,1,25349.444,-0.047,0.089,0.988,0.0,0.0,0.0,12,-11,-15,2.68,5.21,2.45,0.998,0.045,0.024,0.022,
48,1,25349.454,-0.046,0.092,0.986,0.0,0.0,0.0,12,-12,-16,2.68,5.2,2.45,0.998,0.045,0.024,0.022,
49,1,25349.464,-0.045,0.091,0.984,0.0,0.0,0.0,12,-12,-16,2.68,5.2,2.45,0.998,0.045,0.024,0.022,
50,1,25349.474,-0.046,0.089,0.985,0.0,0.0,0.0,13,-12,-15,2.68,5.21,2.45,0.998,0.045,0.024,0.022,
51,1,25349.484,-0.047,0.091,0.989,0.0,0.0,0.0,13,-12,-15,2.68,5.2,2.45,0.998,0.045,0.024,0.022,
52,1,25349.494,-0.046,0.091,0.986,0.0,0.0,0.0,13,-12,-15,2.68,5.21,2.45,0.998,0.045,0.024,0.022,
53,1,25349.504,-0.048,0.09,0.986,0.0,0.0,0.0,13,-12,-15,2.68,5.21,2.45,0.998,0.045,0.024,0.022,
54,1,25349.514,-0.044,0.091,0.984,0.0,0.0,0.0,13,-12,-15,2.68,5.21,2.45,0.998,0.045,0.024,0.022,
55,1,25349.524,-0.047,0.091,0.987,0.0,0.0,0.0,13,-11,-16,2.68,5.21,2.45,0.998,0.045,0.024,0.022,
56,1,25349.534,-0.045,0.089,0.985,0.0,0.0,0.0,12,-12,-15,2.68,5.21,2.45,0.998,0.045,0.024,0.022,
57,1,25349.544,-0.047,0.091,0.986,0.0,0.0,0.0,13,-12,-15,2.68,5.21,2.45,0.998,0.045,0.024,0.022,
58,1,25349.554,-0.046,0.092,0.986,0.0,0.0,0.0,12,-12,-16,2.68,5.21,2.45,0.998,0.045,0.024,0.022,
59,1,25349.564,-0.045,0.089,0.987,0.0,0.0,0.0,12,-12,-16,2.68,5.21,2.45,0.998,0.045,0.024,0.022,
60,1,25349.574,-0.047,0.09,0.987,0.0,0.0,0.0,13,-12,-16,2.68,5.21,2.45,0.998,0.045,0.024,0.022,
61,1,25349.584,-0.044,0.091,0.984,0.0,0.0,0.0,13,-12,-16,2.68,5.21,2.45,0.998,0.045,0.024,0.022,
62,1,25349.594,-0.046,0.091,0.987,0.0,0.0,0.0,13,-12,-16,2.68,5.21,2.45,0.998,0.045,0.024,0.022,
63,1,25349.604,-0.047,0.089,0.99,0.0,0.0,0.0,13,-12,-15,2.68,5.21,2.45,0.998,0.045,0.024,0.022,
64,1,25349.614,-0.046,0.087,0.987,0.0,0.0,0.0,13,-12,-15,2.68,5.21,2.45,0.998,0.045,0.024,0.022,
65,1,25349.624,-0.047,0.092,0.984,0.0,0.0,0.0,13,-12,-15,2.67,5.21,2.45,0.998,0.045,0.024,0.022,
66,1,25349.634,-0.048,0.09,0.986,0.0,0.0,0.0,12,-11,-16,2.68,5.21,2.45,0.998,0.045,0.024,0.022,
67,1,25349.644,-0.047,0.089,0.987,0.0,0.0,0.0,12,-11,-16,2.68,5.21,2.45,0.998,0.045,0.024,0.022,
68,1,25349.654,-0.045,0.09,0.988,0.0,0.0,0.0,12,-12,-16,2.68,5.21,2.45,0.998,0.045,0.024,0.022,
69,1,25349.664,-0.048,0.092,0.984,0.0,0.0,0.0,12,-12,-16,2.68,5.21,2.45,0.998,0.045,0.024,0.022,
70,1,25349.674,-0.046,0.09,0.983,0.0,0.0,0.0,12,-12,-16,2.68,5.21,2.45,0.998,0.045,0.024,0.022,
71,1,25349.684,-0.045,0.09,0.989,0.0,0.0,0.0,13,-12,-15,2.68,5.21,2.45,0.998,0.045,0.024,0.022,
72,1,25349.694,-0.046,0.09,0.988,0.0,0.0,0.0,12,-12,-15,2.68,5.21,2.45,0.998,0.045,0.024,0.022,
73,1,25349.704,-0.047,0.093,0.985,0.0,0.0,0.0,12,-12,-15,2.68,5.21,2.45,0.998,0.045,0.024,0.022,
74,1,25349.714,-0.045,0.091,0.985,0.0,0.0,0.0,12,-12,-15,2.68,5.21,2.45,0.998,0.045,0.024,0.022,
75,1,25349.724,-0.044,0.089,0.989,0.0,0.0,0.0,12,-12,-16,2.68,5.21,2.45,0.998,0.045,0.024,0.022,
76,1,25349.734,-0.048,0.092,0.984,0.0,0.0,0.0,12,-12,-16,2.68,5.21,2.45,0.998,0.045,0.024,0.022,
77,1,25349.744,-0.047,0.091,0.984,0.0,0.0,0.0,12,-12,-16,2.68,5.21,2.45,0.998,0.045,0.024,0.022,
78,1,25349.754,-0.046,0.092,0.984,0.0,0.0,0.0,12,-12,-16,2.68,5.21,2.45,0.998,0.045,0.024,0.022,
79,1,25349.764,-0.044,0.087,0.989,0.0,0.0,0.0,12,-12,-16,2.68,5.21,2.45,0.998,0.045,0.024,0.022,
80,1,25349.774,-0.046,0.088,0.985,0.0,0.0,0.0,12,-12,-16,2.68,5.21,2.45,0.998,0.045,0.024,0.022,
81,1,25349.784,-0.051,0.092,0.985,0.0,0.0,0.0,12,-12,-16,2.68,5.21,2.45,0.998,0.045,0.024,0.022,
82,1,25349.794,-0.047,0.092,0.983,0.0,0.0,0.0,12,-12,-16,2.68,5.21,2.45,0.998,0.045,0.024,0.022,
83,1,25349.804,-0.043,0.086,0.988,0.0,0.0,0.0,12,-12,-16,2.68,5.21,2.45,0.998,0.045,0.024,0.022,
84,1,25349.814,-0.046,0.092,0.987,0.0,0.0,0.0,12,-12,-16,2.68,5.21,2.45,0.998,0.045,0.024,0.022,
85,1,25349.824,-0.049,0.094,0.985,0.0,0.0,0.0,12,-12,-15,2.68,5.21,2.45,0.998,0.045,0.024,0.022,
86,1,25349.835,-0.047,0.09,0.985,0.0,0.0,0.0,12,-12,-15,2.68,5.22,2.45,0.998,0.045,0.024,0.022,
87,1,25349.845,-0.042,0.086,0.99,0.0,0.0,0.0,12,-12,-15,2.68,5.22,2.45,0.998,0.045,0.024,0.022,
88,1,25349.855,-0.049,0.091,0.982,0.0,0.0,0.0,12,-12,-15,2.68,5.21,2.45,0.998,0.045,0.024,0.022,
89,1,25349.865,-0.047,0.092,0.984,0.0,0.0,0.0,12,-12,-15,2.68,5.21,2.45,0.998,0.045,0.024,0.022,
90,1,25349.875,-0.048,0.087,0.989,0.0,0.0,0.0,12,-12,-15,2.68,5.22,2.45,0.998,0.045,0.024,0.022,
91,1,25349.885,-0.042,0.088,0.988,0.0,0.0,0.0,13,-12,-16,2.68,5.21,2.45,0.998,0.045,0.024,0.022,
92,1,25349.895,-0.05,0.091,0.983,0.0,0.0,0.0,12,-12,-15,2.68,5.21,2.45,0.998,0.045,0.024,0.022,
93,1,25349.905,-0.048,0.093,0.984,0.0,0.0,0.0,13,-12,-15,2.68,5.21,2.45,0.998,0.045,0.024,0.022,
94,1,25349.915,-0.047,0.089,0.987,0.0,0.0,0.0,13,-12,-15,2.68,5.21,2.45,0.998,0.045,0.024,0.022,
95,1,25349.925,-0.045,0.087,0.99,0.0,0.0,0.0,12,-12,-15,2.68,5.21,2.45,0.998,0.045,0.024,0.022,
96,1,25349.934,-0.044,0.094,0.984,0.0,0.0,0.0,12,-12,-16,2.68,5.21,2.45,0.998,0.045,0.024,0.022,
97,1,25349.944,-0.048,0.09,0.986,0.0,0.0,0.0,12,-12,-15,2.68,5.21,2.45,0.998,0.045,0.024,0.022,
98,1,25349.954,-0.043,0.09,0.99,0.0,0.0,0.0,12,-12,-15,2.68,5.21,2.45,0.998,0.045,0.024,0.022,
99,1,25349.964,-0.044,0.09,0.987,0.0,0.0,0.0,13,-12,-16,2.68,5.21,2.45,0.998,0.045,0.024,0.022,
100,1,25349.974,-0.048,0.092,0.984,0.0,0.0,0.0,12,-11,-15,2.68,5.21,2.45,0.998,0.045,0.024,0.022,
101,1,25349.985,-0.047,0.091,0.982,0.0,0.0,0.0,12,-12,-15,2.68,5.22,2.45,0.998,0.045,0.024,0.022,
102,1,25349.994,-0.043,0.09,0.987,0.0,0.0,0.0,12,-11,-16,2.68,5.22,2.45,0.998,0.045,0.024,0.022,
103,1,25350.004,-0.046,0.089,0.989,0.0,0.0,0.0,12,-11,-15,2.68,5.22,2.45,0.998,0.045,0.024,0.022,
104,1,25350.014,-0.046,0.089,0.983,0.0,0.0,0.0,12,-12,-15,2.68,5.21,2.45,0.998,0.045,0.024,0.022,
105,1,25350.025,-0.049,0.092,0.983,0.0,0.0,0.0,12,-12,-16,2.68,5.21,2.45,0.998,0.045,0.024,0.022,
106,1,25350.035,-0.046,0.086,0.988,0.0,0.0,0.0,12,-11,-16,2.68,5.22,2.45,0.998,0.045,0.024,0.022,
107,1,25350.045,-0.046,0.086,0.988,0.0,0.0,0.0,13,-12,-16,2.68,5.22,2.45,0.998,0.045,0.024,0.022,
108,1,25350.055,-0.047,0.094,0.983,0.0,0.0,0.0,12,-11,-15,2.68,5.21,2.45,0.998,0.045,0.024,0.022,
109,1,25350.065,-0.046,0.091,0.985,0.0,0.0,0.0,13,-11,-15,2.68,5.21,2.45,0.998,0.045,0.024,0.022,
110,1,25350.075,-0.046,0.085,0.99,0.0,0.0,0.0,12,-12,-16,2.68,5.22,2.45,0.998,0.045,0.024,0.022,
111,1,25350.085,-0.047,0.091,0.988,0.0,0.0,0.0,12,-12,-15,2.68,5.22,2.45,0.998,0.045,0.024,0.022,
112,1,25350.095,-0.045,0.091,0.984,0.0,0.0,0.0,12,-11,-16,2.68,5.21,2.45,0.998,0.045,0.024,0.022,
113,1,25350.105,-0.046,0.09,0.985,0.0,0.0,0.0,12,-12,-15,2.68,5.22,2.45,0.998,0.045,0.024,0.022,
114,1,25350.115,-0.045,0.089,0.99,0.0,0.0,0.0,12,-12,-16,2.68,5.22,2.45,0.998,0.045,0.024,0.022,
115,1,25350.125,-0.046,0.093,0.99,0.0,0.0,0.0,12,-12,-16,2.68,5.22,2.45,0.998,0.045,0.024,0.022,
116,1,25350.135,-0.047,0.091,0.984,0.0,0.0,0.0,12,-11,-16,2.68,5.21,2.45,0.998,0.045,0.024,0.022,
117,1,25350.145,-0.047,0.091,0.986,0.0,0.0,0.0,13,-12,-16,2.68,5.22,2.45,0.998,0.045,0.024,0.022,
118,1,25350.155,-0.045,0.088,0.989,0.0,0.0,0.0,12,-12,-16,2.68,5.22,2.45,0.998,0.045,0.024,0.022,
119,1,25350.165,-0.047,0.089,0.985,0.0,0.0,0.0,12,-12,-16,2.68,5.22,2.45,0.998,0.045,0.024,0.022,
120,1,25350.175,-0.046,0.088,0.984,0.0,0.0,0.0,12,-12,-15,2.68,5.22,2.45,0.998,0.045,0.024,0.022,
121,1,25350.185,-0.044,0.091,0.985,0.0,0.0,0.0,12,-12,-15,2.68,5.21,2.45,0.998,0.045,0.024,0.022,
122,1,25350.195,-0.046,0.091,0.988,0.0,0.0,0.0,13,-12,-16,2.68,5.22,2.45,0.998,0.045,0.024,0.022,
123,1,25350.205,-0.05,0.091,0.984,0.0,0.0,0.0,13,-12,-16,2.68,5.22,2.45,0.998,0.045,0.024,0.022,
124,1,25350.215,-0.047,0.09,0.986,0.0,0.0,0.0,12,-12,-16,2.68,5.22,2.45,0.998,0.045,0.024,0.022,
125,1,25350.225,-0.045,0.089,0.986,0.0,0.0,0.0,13,-12,-15,2.68,5.22,2.45,0.998,0.045,0.024,0.022,
126,1,25350.235,-0.044,0.088,0.987,0.0,0.0,0.0,13,-12,-16,2.69,5.22,2.45,0.998,0.045,0.024,0.022,
127,1,25350.245,-0.047,0.088,0.987,0.0,0.0,0.0,13,-12,-15,2.68,5.22,2.45,0.998,0.045,0.024,0.022,
128,1,25350.255,-0.049,0.093,0.986,0.0,0.0,0.0,13,-12,-15,2.68,5.22,2.45,0.998,0.045,0.024,0.022,
129,1,25350.265,-0.045,0.089,0.985,0.0,0.0,0.0,13,-12,-15,2.68,5.22,2.45,0.998,0.045,0.024,0.022,
130,1,25350.275,-0.044,0.087,0.987,0.0,0.0,0.0,12,-12,-16,2.68,5.22,2.45,0.998,0.045,0.024,0.022,
131,1,25350.285,-0.045,0.092,0.984,0.0,0.0,0.0,12,-12,-16,2.68,5.22,2.45,0.998,0.045,0.024,0.022,
132,1,25350.295,-0.048,0.093,0.987,0.0,0.0,0.0,13,-12,-16,2.68,5.21,2.45,0.998,0.045,0.024,0.022,
133,1,25350.305,-0.045,0.088,0.989,0.0,0.0,0.0,12,-12,-15,2.68,5.22,2.45,0.998,0.045,0.024,0.022,
134,1,25350.315,-0.044,0.09,0.984,0.0,0.0,0.0,12,-12,-15,2.68,5.22,2.45,0.998,0.045,0.024,0.022,
135,1,25350.325,-0.048,0.096,0.986,0.0,0.0,0.0,12,-12,-16,2.68,5.21,2.45,0.998,0.045,0.024,0.022,
136,1,25350.335,-0.047,0.089,0.988,0.0,0.0,0.0,12,-11,-16,2.68,5.22,2.45,0.998,0.045,0.024,0.022,
137,1,25350.345,-0.045,0.089,0.984,0.0,0.0,0.0,12,-12,-15,2.68,5.22,2.45,0.998,0.045,0.024,0.022,
138,1,25350.355,-0.049,0.092,0.982,0.0,0.0,0.0,12,-12,-16,2.68,5.21,2.45,0.998,0.045,0.024,0.022,
139,1,25350.365,-0.045,0.09,0.986,0.0,0.0,0.0,13,-12,-16,2.68,5.22,2.45,0.998,0.045,0.024,0.022,
140,1,25350.375,-0.046,0.089,0.989,0.0,0.0,0.0,13,-12,-16,2.68,5.22,2.45,0.998,0.045,0.024,0.022,
141,1,25350.385,-0.048,0.09,0.984,0.0,0.0,0.0,13,-12,-16,2.68,5.21,2.45,0.998,0.045,0.024,0.022,
142,1,25350.395,-0.048,0.092,0.983,0.0,0.0,0.0,13,-12,-15,2.68,5.21,2.45,0.998,0.045,0.024,0.022,
143,1,25350.405,-0.045,0.089,0.985,0.0,0.0,0.0,13,-12,-16,2.69,5.22,2.45,0.998,0.045,0.024,0.022,
144,1,25350.415,-0.047,0.093,0.985,0.0,0.0,0.0,13,-12,-16,2.69,5.21,2.45,0.998,0.045,0.024,0.022,
145,1,25350.425,-0.049,0.093,0.984,0.0,0.0,0.0,12,-12,-15,2.69,5.21,2.45,0.998,0.045,0.024,0.022,
146,1,25350.435,-0.042,0.089,0.984,0.0,0.0,0.0,13,-12,-16,2.69,5.22,2.45,0.998,0.045,0.024,0.022,
147,1,25350.445,-0.048,0.092,0.985,0.0,0.0,0.0,12,-12,-15,2.68,5.21,2.45,0.998,0.045,0.024,0.022,
148,1,25350.455,-0.049,0.093,0.983,0.0,0.0,0.0,12,-12,-16,2.68,5.21,2.45,0.998,0.045,0.024,0.022,
149,1,25350.465,-0.049,0.09,0.987,0.0,0.0,0.0,13,-12,-15,2.68,5.22,2.45,0.998,0.045,0.024,0.022,
150,1,25350.475,-0.045,0.092,0.984,0.0,0.0,0.0,12,-12,-15,2.68,5.22,2.45,0.998,0.045,0.024,0.022,
151,1,25350.485,-0.044,0.09,0.986,0.0,0.0,0.0,13,-12,-15,2.68,5.22,2.45,0.998,0.045,0.024,0.022,
152,1,25350.495,-0.047,0.09,0.985,0.0,0.0,0.0,12,-11,-16,2.68,5.22,2.45,0.998,0.045,0.024,0.022,
153,1,25350.505,-0.048,0.091,0.985,0.0,0.0,0.0,13,-12,-15,2.68,5.21,2.45,0.998,0.045,0.024,0.022,
154,1,25350.515,-0.048,0.091,0.988,0.0,0.0,0.0,13,-12,-15,2.68,5.22,2.45,0.998,0.045,0.024,0.022,
155,1,25350.525,-0.046,0.09,0.986,0.0,0.0,0.0,13,-12,-15,2.68,5.22,2.45,0.998,0.045,0.024,0.022,
156,1,25350.535,-0.048,0.092,0.989,0.0,0.0,0.0,12,-12,-16,2.68,5.22,2.45,0.998,0.045,0.024,0.022,
157,1,25350.545,-0.049,0.093,0.983,0.0,0.0,0.0,12,-12,-16,2.68,5.22,2.45,0.998,0.045,0.024,0.022,
158,1,25350.555,-0.045,0.088,0.987,0.0,0.0,0.0,12,-12,-16,2.68,5.22,2.45,0.998,0.045,0.024,0.022,
159,1,25350.565,-0.044,0.089,0.987,0.0,0.0,0.0,13,-12,-15,2.69,5.22,2.45,0.998,0.045,0.024,0.022,
160,1,25350.575,-0.045,0.092,0.986,0.0,0.0,0.0,12,-12,-16,2.69,5.21,2.45,0.998,0.045,0.024,0.022,
161,1,25350.585,-0.05,0.092,0.982,0.0,0.0,0.0,12,-12,-15,2.68,5.22,2.45,0.998,0.045,0.024,0.022,
162,1,25350.595,-0.047,0.09,0.989,0.0,0.0,0.0,12,-11,-15,2.69,5.22,2.45,0.998,0.045,0.024,0.022,
163,1,25350.605,-0.046,0.089,0.986,0.0,0.0,0.0,12,-12,-15,2.69,5.22,2.45,0.998,0.045,0.024,0.022,
164,1,25350.615,-0.048,0.091,0.984,0.0,0.0,0.0,12,-12,-16,2.68,5.21,2.45,0.998,0.045,0.024,0.022,
165,1,25350.625,-0.046,0.09,0.986,0.0,0.0,0.0,12,-12,-16,2.69,5.21,2.45,0.998,0.045,0.024,0.022,
166,1,25350.635,-0.046,0.09,0.988,0.0,0.0,0.0,12,-11,-15,2.69,5.22,2.45,0.998,0.045,0.024,0.022,
167,1,25350.645,-0.044,0.088,0.988,0.0,0.0,0.0,12,-12,-16,2.69,5.22,2.45,0.998,0.045,0.024,0.022,
168,1,25350.655,-0.047,0.091,0.985,0.0,0.0,0.0,12,-12,-16,2.68,5.21,2.45,0.998,0.045,0.024,0.022,
169,1,25350.665,-0.044,0.091,0.985,0.0,0.0,0.0,12,-12,-15,2.68,5.22,2.45,0.998,0.045,0.024,0.022,
170,1,25350.675,-0.045,0.086,0.989,0.0,0.0,0.0,13,-12,-15,2.69,5.22,2.45,0.998,0.045,0.024,0.022,
171,1,25350.685,-0.048,0.089,0.988,0.0,0.0,0.0,12,-12,-15,2.68,5.22,2.45,0.998,0.045,0.024,0.022,
172,1,25350.695,-0.047,0.092,0.982,0.0,0.0,0.0,12,-12,-15,2.68,5.21,2.45,0.998,0.045,0.024,0.022,
173,1,25350.705,-0.044,0.091,0.986,0.0,0.0,0.0,12,-12,-16,2.68,5.22,2.45,0.998,0.045,0.024,0.022,
174,1,25350.715,-0.046,0.088,0.985,0.0,0.0,0.0,12,-12,-15,2.68,5.22,2.45,0.998,0.045,0.024,0.022,
175,1,25350.725,-0.045,0.09,0.986,0.0,0.0,0.0,13,-12,-15,2.68,5.22,2.45,0.998,0.045,0.024,0.022,
176,1,25350.735,-0.05,0.092,0.984,0.0,0.0,0.0,13,-11,-16,2.68,5.22,2.45,0.998,0.045,0.024,0.022,
177,1,25350.745,-0.048,0.091,0.984,0.0,0.0,0.0,13,-12,-15,2.68,5.22,2.45,0.998,0.045,0.024,0.022,
178,1,25350.755,-0.045,0.087,0.989,0.0,0.0,0.0,13,-12,-15,2.69,5.22,2.45,0.998,0.045,0.024,0.022,
179,1,25350.765,-0.048,0.09,0.984,0.0,0.0,0.0,13,-12,-15,2.69,5.21,2.45,0.998,0.045,0.024,0.022,
180,1,25350.775,-0.049,0.09,0.983,0.0,0.0,0.0,13,-12,-15,2.68,5.21,2.45,0.998,0.045,0.024,0.022,
181,1,25350.785,-0.047,0.091,0.983,0.0,0.0,0.0,12,-12,-16,2.69,5.21,2.45,0.998,0.045,0.024,0.022,
182,1,25350.795,-0.042,0.089,0.99,0.0,0.0,0.0,12,-11,-15,2.69,5.22,2.45,0.998,0.045,0.024,0.022,
183,1,25350.805,-0.046,0.089,0.987,0.0,0.0,0.0,12,-11,-15,2.69,5.21,2.45,0.998,0.045,0.024,0.022,
184,1,25350.815,-0.046,0.092,0.982,0.0,0.0,0.0,12,-11,-16,2.68,5.21,2.45,0.998,0.045,0.024,0.022,
185,1,25350.825,-0.044,0.088,0.986,0.0,0.0,0.0,12,-12,-16,2.69,5.21,2.45,0.998,0.045,0.024,0.022,
186,1,25350.835,-0.046,0.086,0.986,0.0,0.0,0.0,12,-11,-16,2.69,5.21,2.45,0.998,0.045,0.024,0.022,
187,1,25350.845,-0.047,0.092,0.988,0.0,0.0,0.0,12,-11,-15,2.69,5.21,2.45,0.998,0.045,0.024,0.022,
188,1,25350.855,-0.045,0.094,0.982,0.0,0.0,0.0,12,-11,-15,2.69,5.21,2.45,0.998,0.045,0.024,0.022,
189,1,25350.865,-0.045,0.091,0.987,0.0,0.0,0.0,12,-12,-15,2.69,5.21,2.45,0.998,0.045,0.024,0.022,
190,1,25350.875,-0.044,0.091,0.989,0.0,0.0,0.0,12,-12,-16,2.69,5.21,2.45,0.998,0.045,0.024,0.022,
191,1,25350.885,-0.049,0.09,0.985,0.0,0.0,0.0,13,-11,-15,2.69,5.21,2.45,0.998,0.045,0.024,0.022,
192,1,25350.895,-0.048,0.094,0.983,0.0,0.0,0.0,13,-11,-16,2.69,5.21,2.45,0.998,0.045,0.024,0.022,
193,1,25350.905,-0.043,0.089,0.985,0.0,0.0,0.0,12,-12,-15,2.69,5.21,2.45,0.998,0.045,0.024,0.022,
194,1,25350.915,-0.045,0.089,0.987,0.0,0.0,0.0,13,-11,-16,2.69,5.22,2.45,0.998,0.045,0.024,0.022,
195,1,25350.925,-0.046,0.09,0.983,0.0,0.0,0.0,13,-12,-15,2.68,5.21,2.45,0.998,0.045,0.024,0.022,
196,1,25350.935,-0.047,0.096,0.982,0.0,0.0,0.0,13,-11,-15,2.68,5.21,2.45,0.998,0.045,0.024,0.022,
197,1,25350.945,-0.046,0.088,0.989,0.0,0.0,0.0,12,-11,-15,2.68,5.21,2.45,0.998,0.045,0.024,0.022,
198,1,25350.955,-0.045,0.089,0.989,0.0,0.0,0.0,12,-12,-16,2.68,5.21,2.45,0.998,0.045,0.024,0.022,
199,1,25350.965,-0.048,0.093,0.983,0.0,0.0,0.0,13,-12,-16,2.68,5.21,2.45,0.998,0.045,0.024,0.022,
200,1,25350.975,-0.048,0.092,0.987,0.0,0.0,0.0,12,-12,-15,2.68,5.21,2.45,0.998,0.045,0.024,0.022,
201,1,25350.985,-0.044,0.086,0.987,0.0,0.0,0.0,13,-12,-15,2.68,5.22,2.45,0.998,0.045,0.024,0.022,
202,1,25350.995,-0.048,0.092,0.99,0.0,0.0,0.0,12,-12,-15,2.68,5.21,2.45,0.998,0.045,0.024,0.022,
203,1,25351.005,-0.048,0.091,0.986,0.0,0.0,0.0,13,-12,-15,2.68,5.21,2.45,0.998,0.045,0.024,0.022,
204,1,25351.015,-0.046,0.089,0.989,0.0,0.0,0.0,12,-12,-16,2.68,5.21,2.45,0.998,0.045,0.024,0.022,
205,1,25351.025,-0.045,0.09,0.987,0.0,0.0,0.0,12,-12,-16,2.68,5.21,2.45,0.998,0.045,0.024,0.022,
206,1,25351.035,-0.048,0.091,0.984,0.0,0.0,0.0,12,-12,-15,2.68,5.21,2.45,0.998,0.045,0.024,0.022,
207,1,25351.045,-0.046,0.089,0.984,0.0,0.0,0.0,12,-12,-16,2.68,5.21,2.45,0.998,0.045,0.024,0.022,
208,1,25351.055,-0.046,0.092,0.985,0.0,0.0,0.0,12,-12,-16,2.68,5.21,2.45,0.998,0.045,0.024,0.022,
209,1,25351.065,-0.046,0.09,0.987,0.0,0.0,0.0,12,-12,-16,2.68,5.21,2.45,0.998,0.045,0.024,0.022,
210,1,25351.075,-0.045,0.092,0.986,0.0,0.0,0.0,12,-12,-15,2.68,5.21,2.45,0.998,0.045,0.024,0.022,
211,1,25351.085,-0.047,0.091,0.985,0.0,0.0,0.0,13,-12,-15,2.68,5.21,2.45,0.998,0.045,0.024,0.022,
212,1,25351.095,-0.049,0.091,0.988,0.0,0.0,0.0,13,-12,-15,2.68,5.22,2.45,0.998,0.045,0.024,0.022,
213,1,25351.105,-0.047,0.089,0.988,0.0,0.0,0.0,13,-12,-15,2.68,5.22,2.45,0.998,0.045,0.024,0.022,
214,1,25351.115,-0.046,0.089,0.986,0.0,0.0,0.0,12,-12,-15,2.68,5.22,2.45,0.998,0.045,0.024,0.022,
215,1,25351.125,-0.046,0.09,0.984,0.0,0.0,0.0,13,-12,-16,2.68,5.21,2.45,0.998,0.045,0.024,0.022,
216,1,25351.135,-0.046,0.092,0.988,0.0,0.0,0.0,13,-12,-15,2.68,5.21,2.45,0.998,0.045,0.024,0.022,
217,1,25351.145,-0.045,0.088,0.989,0.0,0.0,0.0,13,-12,-15,2.68,5.22,2.45,0.998,0.045,0.024,0.022,
218,1,25351.155,-0.046,0.088,0.985,0.0,0.0,0.0,13,-12,-15,2.68,5.21,2.45,0.998,0.045,0.024,0.022,
219,1,25351.165,-0.046,0.091,0.982,0.0,0.0,0.0,12,-12,-15,2.68,5.21,2.45,0.998,0.045,0.024,0.022,
220,1,25351.175,-0.048,0.09,0.984,0.0,0.0,0.0,13,-12,-16,2.68,5.21,2.45,0.998,0.045,0.024,0.022,
221,1,25351.185,-0.049,0.089,0.988,0.0,0.0,0.0,13,-12,-15,2.68,5.21,2.45,0.998,0.045,0.024,0.022,
222,1,25351.195,-0.045,0.088,0.987,0.0,0.0,0.0,13,-11,-16,2.68,5.21,2.45,0.998,0.045,0.024,0.022,
223,1,25351.205,-0.046,0.092,0.985,0.0,0.0,0.0,13,-12,-15,2.68,5.21,2.45,0.998,0.045,0.024,0.022,
224,1,25351.215,-0.046,0.089,0.986,0.0,0.0,0.0,13,-12,-16,2.68,5.21,2.45,0.998,0.045,0.024,0.022,
225,1,25351.225,-0.048,0.091,0.984,0.0,0.0,0.0,12,-12,-15,2.68,5.21,2.45,0.998,0.045,0.024,0.022,
226,1,25351.235,-0.048,0.088,0.986,0.0,0.0,0.0,13,-12,-15,2.68,5.21,2.45,0.998,0.045,0.024,0.022,
227,1,25351.245,-0.044,0.086,0.987,0.0,0.0,0.0,12,-12,-15,2.68,5.21,2.45,0.998,0.045,0.024,0.022,
228,1,25351.255,-0.045,0.091,0.984,0.0,0.0,0.0,12,-12,-15,2.68,5.21,2.45,0.998,0.045,0.024,0.022,
229,1,25351.265,-0.046,0.092,0.987,0.0,0.0,0.0,12,-12,-15,2.68,5.21,2.45,0.998,0.045,0.024,0.022,
230,1,25351.275,-0.046,0.09,0.99,0.0,0.0,0.0,13,-12,-15,2.68,5.22,2.45,0.998,0.045,0.024,0.022,
231,1,25351.285,-0.049,0.087,0.989,0.0,0.0,0.0,13,-12,-15,2.68,5.22,2.45,0.998,0.045,0.024,0.022,
232,1,25351.295,-0.047,0.092,0.984,0.0,0.0,0.0,13,-12,-16,2.68,5.21,2.45,0.998,0.045,0.024,0.022,
233,1,25351.305,-0.045,0.091,0.986,0.0,0.0,0.0,12,-12,-16,2.68,5.21,2.45,0.998,0.045,0.024,0.022,
234,1,25351.315,-0.043,0.087,0.988,0.0,0.0,0.0,12,-12,-16,2.68,5.21,2.45,0.998,0.045,0.024,0.022,
235,1,25351.325,-0.046,0.088,0.986,0.0,0.0,0.0,12,-12,-15,2.68,5.21,2.45,0.998,0.045,0.024,0.022,
236,1,25351.335,-0.048,0.093,0.985,0.0,0.0,0.0,12,-12,-15,2.68,5.21,2.45,0.998,0.045,0.024,0.022,
237,1,25351.345,-0.045,0.09,0.986,0.0,0.0,0.0,13,-12,-15,2.68,5.21,2.45,0.998,0.045,0.024,0.022,
238,1,25351.355,-0.05,0.091,0.987,0.0,0.0,0.0,12,-12,-15,2.68,5.21,2.45,0.998,0.045,0.024,0.022,
239,1,25351.365,-0.047,0.093,0.988,0.0,0.0,0.0,13,-12,-15,2.68,5.21,2.45,0.998,0.045,0.024,0.022,
240,1,25351.375,-0.044,0.093,0.983,0.0,0.0,0.0,12,-12,-16,2.68,5.21,2.45,0.998,0.045,0.024,0.022,
241,1,25351.385,-0.047,0.092,0.986,0.0,0.0,0.0,13,-12,-16,2.68,5.22,2.45,0.998,0.045,0.024,0.022,
242,1,25351.395,-0.048,0.089,0.99,0.0,0.0,0.0,13,-12,-16,2.68,5.22,2.45,0.998,0.045,0.024,0.022,
243,1,25351.405,-0.045,0.09,0.984,0.0,0.0,0.0,12,-12,-16,2.68,5.22,2.45,0.998,0.045,0.024,0.022,
244,1,25351.415,-0.046,0.089,0.983,0.0,0.0,0.0,12,-12,-16,2.68,5.21,2.45,0.998,0.045,0.024,0.022,
245,1,25351.425,-0.046,0.091,0.985,0.0,0.0,0.0,12,-12,-16,2.68,5.21,2.45,0.998,0.045,0.024,0.022,
246,1,25351.435,-0.046,0.09,0.987,0.0,0.0,0.0,13,-12,-15,2.68,5.22,2.45,0.998,0.045,0.024,0.022,
247,1,25351.445,-0.047,0.092,0.988,0.0,0.0,0.0,12,-12,-15,2.68,5.22,2.45,0.998,0.045,0.024,0.022,
248,1,25351.455,-0.049,0.092,0.982,0.0,0.0,0.0,13,-12,-15,2.68,5.21,2.45,0.998,0.045,0.024,0.022,
249,1,25351.465,-0.046,0.089,0.986,0.0,0.0,0.0,13,-12,-15,2.68,5.22,2.45,0.998,0.045,0.024,0.022,
250,1,25351.475,-0.044,0.087,0.989,0.0,0.0,0.0,13,-12,-15,2.69,5.22,2.45,0.998,0.045,0.024,0.022,
251,1,25351.485,-0.048,0.092,0.986,0.0,0.0,0.0,13,-12,-16,2.68,5.21,2.45,0.998,0.045,0.024,0.022,
252,1,25351.495,-0.049,0.093,0.982,0.0,0.0,0.0,13,-12,-16,2.69,5.21,2.45,0.998,0.045,0.024,0.022,
253,1,25351.505,-0.043,0.09,0.985,0.0,0.0,0.0,13,-12,-15,2.69,5.22,2.45,0.998,0.045,0.024,0.022,
254,1,25351.515,-0.044,0.085,0.988,0.0,0.0,0.0,13,-12,-15,2.69,5.22,2.45,0.998,0.045,0.024,0.022,
255,1,25351.525,-0.048,0.089,0.984,0.0,0.0,0.0,12,-12,-15,2.69,5.22,2.45,0.998,0.045,0.024,0.022,
256,1,25351.535,-0.047,0.094,0.984,0.0,0.0,0.0,12,-12,-15,2.69,5.21,2.45,0.998,0.045,0.024,0.022,
257,1,25351.545,-0.045,0.088,0.987,0.0,0.0,0.0,12,-12,-15,2.69,5.22,2.45,0.998,0.045,0.024,0.022,
258,1,25351.555,-0.046,0.087,0.986,0.0,0.0,0.0,12,-12,-16,2.69,5.22,2.45,0.998,0.045,0.024,0.022,
259,1,25351.565,-0.048,0.091,0.984,0.0,0.0,0.0,12,-11,-16,2.69,5.21,2.45,0.998,0.045,0.024,0.022,
260,1,25351.575,-0.047,0.092,0.986,0.0,0.0,0.0,12,-12,-16,2.69,5.21,2.45,0.998,0.045,0.024,0.022,
261,1,25351.585,-0.043,0.089,0.989,0.0,0.0,0.0,12,-12,-15,2.69,5.22,2.45,0.998,0.045,0.024,0.022,
262,1,25351.595,-0.043,0.088,0.986,0.0,0.0,0.0,13,-12,-15,2.69,5.22,2.45,0.998,0.045,0.024,0.022,
263,1,25351.605,-0.047,0.09,0.984,0.0,0.0,0.0,12,-11,-16,2.69,5.21,2.45,0.998,0.045,0.024,0.022,
264,1,25351.615,-0.048,0.094,0.983,0.0,0.0,0.0,12,-12,-15,2.69,5.21,2.45,0.998,0.045,0.024,0.022,
265,1,25351.625,-0.044,0.087,0.986,0.0,0.0,0.0,12,-12,-15,2.69,5.21,2.45,0.998,0.045,0.024,0.022,
266,1,25351.635,-0.043,0.089,0.988,0.0,0.0,0.0,12,-12,-15,2.69,5.21,2.45,0.998,0.045,0.024,0.022,
267,1,25351.645,-0.048,0.093,0.983,0.0,0.0,0.0,12,-12,-16,2.69,5.21,2.45,0.998,0.045,0.024,0.022,
268,1,25351.655,-0.049,0.091,0.986,0.0,0.0,0.0,12,-11,-16,2.69,5.21,2.45,0.998,0.045,0.024,0.022,
269,1,25351.665,-0.043,0.088,0.988,0.0,0.0,0.0,12,-12,-15,2.69,5.22,2.45,0.998,0.045,0.024,0.022,
270,1,25351.675,-0.043,0.087,0.988,0.0,0.0,0.0,13,-11,-16,2.69,5.22,2.45,0.998,0.045,0.024,0.022,
271,1,25351.685,-0.05,0.093,0.984,0.0,0.0,0.0,12,-12,-15,2.68,5.21,2.45,0.998,0.045,0.024,0.022,
272,1,25351.695,-0.047,0.092,0.985,0.0,0.0,0.0,12,-12,-16,2.68,5.21,2.45,0.998,0.045,0.024,0.022,
273,1,25351.705,-0.045,0.088,0.989,0.0,0.0,0.0,12,-12,-15,2.68,5.22,2.45,0.998,0.045,0.024,0.022,
274,1,25351.715,-0.047,0.089,0.987,0.0,0.0,0.0,12,-12,-15,2.68,5.21,2.45,0.998,0.045,0.024,0.022,
275,1,25351.725,-0.047,0.093,0.98,0.0,0.0,0.0,13,-12,-15,2.68,5.21,2.45,0.998,0.045,0.024,0.022,
276,1,25351.735,-0.048,0.09,0.986,0.0,0.0,0.0,12,-12,-15,2.68,5.21,2.45,0.998,0.045,0.024,0.022,
277,1,25351.745,-0.044,0.086,0.989,0.0,0.0,0.0,13,-12,-16,2.68,5.22,2.45,0.998,0.045,0.024,0.022,
278,1,25351.755,-0.045,0.089,0.985,0.0,0.0,0.0,13,-12,-16,2.68,5.22,2.45,0.998,0.045,0.024,0.022,
279,1,25351.765,-0.045,0.092,0.98,0.0,0.0,0.0,12,-12,-16,2.68,5.21,2.45,0.998,0.045,0.024,0.022,
280,1,25351.775,-0.048,0.091,0.988,0.0,0.0,0.0,13,-12,-15,2.68,5.21,2.45,0.998,0.045,0.024,0.022,
281,1,25351.785,-0.047,0.088,0.99,0.0,0.0,0.0,13,-12,-15,2.68,5.22,2.45,0.998,0.045,0.024,0.022,
282,1,25351.795,-0.046,0.089,0.986,0.0,0.0,0.0,13,-12,-16,2.68,5.22,2.45,0.998,0.045,0.024,0.022,
283,1,25351.805,-0.046,0.094,0.984,0.0,0.0,0.0,13,-12,-15,2.68,5.21,2.45,0.998,0.045,0.024,0.022,
284,1,25351.815,-0.046,0.087,0.984,0.0,0.0,0.0,12,-12,-16,2.68,5.21,2.45,0.998,0.045,0.024,0.022,
285,1,25351.825,-0.046,0.09,0.988,0.0,0.0,0.0,13,-12,-15,2.68,5.21,2.45,0.998,0.045,0.024,0.022,
286,1,25351.835,-0.047,0.091,0.985,0.0,0.0,0.0,12,-11,-15,2.68,5.21,2.45,0.998,0.045,0.024,0.022,
287,1,25351.845,-0.045,0.093,0.983,0.0,0.0,0.0,12,-12,-16,2.68,5.21,2.45,0.998,0.045,0.024,0.022,
288,1,25351.855,-0.047,0.091,0.982,0.0,0.0,0.0,12,-12,-15,2.68,5.21,2.45,0.998,0.045,0.024,0.022,
289,1,25351.865,-0.047,0.088,0.99,0.0,0.0,0.0,12,-12,-15,2.68,5.21,2.45,0.998,0.045,0.024,0.022,
290,1,25351.875,-0.048,0.091,0.986,0.0,0.0,0.0,13,-11,-15,2.68,5.21,2.45,0.998,0.045,0.024,0.022,
291,1,25351.885,-0.047,0.092,0.983,0.0,0.0,0.0,13,-12,-15,2.68,5.21,2.45,0.998,0.045,0.024,0.022,
292,1,25351.895,-0.043,0.089,0.991,0.0,0.0,0.0,12,-12,-15,2.68,5.21,2.45,0.998,0.045,0.024,0.022,
293,1,25351.905,-0.044,0.086,0.99,0.0,0.0,0.0,13,-11,-15,2.68,5.21,2.45,0.998,0.045,0.024,0.022,
294,1,25351.915,-0.044,0.093,0.984,0.0,0.0,0.0,13,-11,-16,2.68,5.21,2.45,0.998,0.045,0.024,0.022,
295,1,25351.925,-0.047,0.092,0.982,0.0,0.0,0.0,13,-12,-16,2.68,5.21,2.45,0.998,0.045,0.024,0.022,
296,1,25351.935,-0.048,0.087,0.987,0.0,0.0,0.0,13,-12,-15,2.68,5.22,2.45,0.998,0.045,0.024,0.022,
297,1,25351.945,-0.047,0.087,0.985,0.0,0.0,0.0,12,-12,-15,2.68,5.21,2.45,0.998,0.045,0.024,0.022,
298,1,25351.955,-0.047,0.093,0.987,0.0,0.0,0.0,13,-12,-15,2.68,5.21,2.45,0.998,0.045,0.024,0.022,
299,1,25351.965,-0.045,0.088,0.987,0.0,0.0,0.0,13,-12,-15,2.68,5.21,2.45,0.998,0.045,0.024,0.022,
300,1,25351.975,-0.043,0.088,0.986,0.0,0.0,0.0,12,-12,-15,2.68,5.21,2.45,0.998,0.045,0.024,0.022,
301,1,25351.985,-0.044,0.089,0.985,0.0,0.0,0.0,13,-12,-15,2.68,5.21,2.45,0.998,0.045,0.024,0.022,
302,1,25351.995,-0.046,0.09,0.988,0.0,0.0,0.0,13,-12,-15,2.68,5.21,2.45,0.998,0.045,0.024,0.022,
303,1,25352.005,-0.047,0.091,0.985,0.0,0.0,0.0,13,-11,-16,2.68,5.21,2.45,0.998,0.045,0.024,0.022,
304,1,25352.015,-0.048,0.092,0.988,0.0,0.0,0.0,13,-12,-15,2.68,5.21,2.45,0.998,0.045,0.024,0.022,
305,1,25352.025,-0.044,0.09,0.989,0.0,0.0,0.0,12,-12,-15,2.68,5.21,2.45,0.998,0.045,0.024,0.022,
306,1,25352.035,-0.047,0.09,0.984,0.0,0.0,0.0,12,-11,-15,2.68,5.21,2.45,0.998,0.045,0.024,0.022,
307,1,25352.045,-0.046,0.093,0.988,0.0,0.0,0.0,12,-11,-16,2.68,5.21,2.45,0.998,0.045,0.024,0.022,
308,1,25352.055,-0.047,0.089,0.989,0.0,0.0,0.0,12,-11,-15,2.68,5.21,2.45,0.998,0.045,0.024,0.022,
309,1,25352.065,-0.043,0.089,0.984,0.0,0.0,0.0,12,-12,-16,2.68,5.21,2.45,0.998,0.045,0.024,0.022,
310,1,25352.075,-0.05,0.091,0.984,0.0,0.0,0.0,12,-12,-15,2.68,5.21,2.45,0.998,0.045,0.024,0.022,
311,1,25352.085,-0.046,0.091,0.988,0.0,0.0,0.0,12,-12,-16,2.68,5.21,2.45,0.998,0.045,0.024,0.022,
312,1,25352.095,-0.047,0.088,0.989,0.0,0.0,0.0,13,-12,-16,2.68,5.22,2.45,0.998,0.045,0.024,0.022,
313,1,25352.105,-0.047,0.09,0.986,0.0,0.0,0.0,13,-12,-16,2.68,5.21,2.45,0.998,0.045,0.024,0.022,
314,1,25352.115,-0.047,0.093,0.985,0.0,0.0,0.0,13,-12,-16,2.68,5.21,2.45,0.998,0.045,0.024,0.022,
315,1,25352.125,-0.047,0.087,0.985,0.0,0.0,0.0,13,-12,-16,2.68,5.22,2.45,0.998,0.045,0.024,0.022,
316,1,25352.135,-0.048,0.091,0.987,0.0,0.0,0.0,12,-11,-15,2.68,5.22,2.45,0.998,0.045,0.024,0.022,
317,1,25352.145,-0.044,0.092,0.986,0.0,0.0,0.0,12,-12,-15,2.68,5.21,2.45,0.998,0.045,0.024,0.022,
318,1,25352.155,-0.046,0.091,0.985,0.0,0.0,0.0,12,-12,-15,2.69,5.22,2.45,0.998,0.045,0.024,0.022,
319,1,25352.165,-0.047,0.089,0.987,0.0,0.0,0.0,12,-12,-15,2.69,5.22,2.45,0.998,0.045,0.024,0.022,
320,1,25352.175,-0.046,0.091,0.986,0.0,0.0,0.0,12,-12,-16,2.69,5.21,2.45,0.998,0.045,0.024,0.022,
321,1,25352.185,-0.047,0.09,0.984,0.0,0.0,0.0,13,-12,-16,2.69,5.22,2.45,0.998,0.045,0.024,0.022,
322,1,25352.195,-0.045,0.09,0.985,0.0,0.0,0.0,12,-11,-16,2.69,5.22,2.45,0.998,0.045,0.024,0.022,
323,1,25352.205,-0.047,0.091,0.987,0.0,0.0,0.0,12,-11,-15,2.69,5.21,2.45,0.998,0.045,0.024,0.022,
324,1,25352.215,-0.047,0.09,0.986,0.0,0.0,0.0,12,-12,-16,2.69,5.22,2.45,0.998,0.045,0.024,0.022,
325,1,25352.225,-0.045,0.09,0.988,0.0,0.0,0.0,12,-12,-15,2.69,5.22,2.45,0.998,0.045,0.024,0.022,
326,1,25352.235,-0.047,0.088,0.985,0.0,0.0,0.0,12,-12,-16,2.69,5.22,2.45,0.998,0.045,0.024,0.022,
327,1,25352.245,-0.048,0.093,0.986,0.0,0.0,0.0,12,-12,-16,2.69,5.21,2.45,0.998,0.045,0.024,0.022,
328,1,25352.255,-0.046,0.089,0.988,0.0,0.0,0.0,12,-12,-15,2.69,5.21,2.45,0.998,0.045,0.024,0.022,
329,1,25352.265,-0.046,0.088,0.987,0.0,0.0,0.0,13,-11,-16,2.69,5.22,2.45,0.998,0.045,0.024,0.022,
330,1,25352.275,-0.043,0.092,0.987,0.0,0.0,0.0,12,-12,-16,2.69,5.21,2.45,0.998,0.045,0.024,0.022,
331,1,25352.285,-0.045,0.091,0.984,0.0,0.0,0.0,13,-12,-16,2.69,5.21,2.45,0.998,0.045,0.024,0.022,
332,1,25352.295,-0.045,0.09,0.984,0.0,0.0,0.0,13,-12,-16,2.69,5.21,2.45,0.998,0.045,0.024,0.022,
333,1,25352.305,-0.045,0.09,0.987,0.0,0.0,0.0,12,-11,-16,2.68,5.21,2.45,0.998,0.045,0.024,0.022,
334,1,25352.315,-0.043,0.092,0.984,0.0,0.0,0.0,12,-12,-16,2.68,5.21,2.45,0.998,0.045,0.024,0.022,
335,1,25352.325,-0.046,0.091,0.986,0.0,0.0,0.0,12,-12,-16,2.68,5.21,2.45,0.998,0.045,0.024,0.022,
336,1,25352.335,-0.048,0.093,0.985,0.0,0.0,0.0,13,-12,-15,2.68,5.21,2.45,0.998,0.045,0.024,0.022,
337,1,25352.345,-0.046,0.093,0.985,0.0,0.0,0.0,13,-12,-16,2.68,5.21,2.45,0.998,0.045,0.024,0.022,
338,1,25352.355,-0.044,0.089,0.989,0.0,0.0,0.0,13,-12,-15,2.68,5.21,2.45,0.998,0.045,0.024,0.022,
339,1,25352.365,-0.047,0.089,0.985,0.0,0.0,0.0,13,-12,-15,2.68,5.21,2.45,0.998,0.045,0.024,0.022,
340,1,25352.375,-0.048,0.093,0.984,0.0,0.0,0.0,13,-12,-16,2.68,5.21,2.45,0.998,0.045,0.024,0.022,
341,1,25352.386,-0.044,0.087,0.989,0.0,0.0,0.0,13,-12,-15,2.68,5.21,2.45,0.998,0.045,0.024,0.022,
342,1,25352.396,-0.047,0.089,0.988,0.0,0.0,0.0,13,-12,-16,2.68,5.21,2.45,0.998,0.045,0.024,0.022,
343,1,25352.406,-0.047,0.094,0.984,0.0,0.0,0.0,13,-12,-16,2.68,5.21,2.45,0.998,0.045,0.024,0.022,
344,1,25352.416,-0.048,0.088,0.985,0.0,0.0,0.0,12,-12,-16,2.68,5.21,2.45,0.998,0.045,0.024,0.022,
345,1,25352.425,-0.043,0.088,0.986,0.0,0.0,0.0,12,-12,-16,2.68,5.22,2.45,0.998,0.045,0.024,0.022,
346,1,25352.435,-0.045,0.09,0.986,0.0,0.0,0.0,12,-12,-16,2.68,5.21,2.45,0.998,0.045,0.024,0.022,
347,1,25352.445,-0.048,0.095,0.983,0.0,0.0,0.0,12,-12,-15,2.68,5.21,2.45,0.998,0.045,0.024,0.022,
348,1,25352.455,-0.045,0.088,0.988,0.0,0.0,0.0,12,-12,-15,2.68,5.21,2.45,0.998,0.045,0.024,0.022,
349,1,25352.465,-0.046,0.089,0.985,0.0,0.0,0.0,12,-12,-16,2.68,5.21,2.45,0.998,0.045,0.024,0.022,
350,1,25352.475,-0.048,0.091,0.985,0.0,0.0,0.0,12,-12,-16,2.68,5.21,2.45,0.998,0.045,0.024,0.022,
351,1,25352.485,-0.043,0.091,0.984,0.0,0.0,0.0,13,-11,-16,2.68,5.21,2.45,0.998,0.045,0.024,0.022,
352,1,25352.496,-0.048,0.091,0.987,0.0,0.0,0.0,13,-12,-16,2.68,5.21,2.45,0.998,0.045,0.024,0.022,
353,1,25352.506,-0.045,0.089,0.986,0.0,0.0,0.0,13,-12,-16,2.68,5.21,2.45,0.998,0.045,0.024,0.022,
354,1,25352.516,-0.048,0.09,0.983,0.0,0.0,0.0,13,-12,-16,2.68,5.21,2.45,0.998,0.045,0.024,0.022,
355,1,25352.526,-0.048,0.091,0.981,0.0,0.0,0.0,12,-12,-15,2.68,5.21,2.45,0.998,0.045,0.024,0.022,
356,1,25352.536,-0.048,0.089,0.987,0.0,0.0,0.0,13,-12,-16,2.68,5.21,2.45,0.998,0.045,0.024,0.022,
357,1,25352.546,-0.045,0.088,0.989,0.0,0.0,0.0,13,-12,-15,2.68,5.21,2.45,0.998,0.045,0.024,0.022,
358,1,25352.556,-0.048,0.092,0.987,0.0,0.0,0.0,12,-12,-15,2.68,5.2,2.45,0.998,0.045,0.024,0.022,
359,1,25352.566,-0.047,0.092,0.983,0.0,0.0,0.0,12,-11,-16,2.68,5.2,2.45,0.998,0.045,0.024,0.022,
360,1,25352.576,-0.045,0.088,0.986,0.0,0.0,0.0,12,-12,-16,2.68,5.21,2.45,0.998,0.045,0.024,0.022,
361,1,25352.586,-0.046,0.088,0.99,0.0,0.0,0.0,12,-12,-16,2.68,5.21,2.45,0.998,0.045,0.024,0.022,
362,1,25352.596,-0.047,0.091,0.982,0.0,0.0,0.0,13,-12,-16,2.68,5.2,2.45,0.998,0.045,0.024,0.022,
363,1,25352.606,-0.047,0.093,0.984,0.0,0.0,0.0,12,-12,-15,2.68,5.2,2.45,0.998,0.045,0.024,0.022,
364,1,25352.616,-0.044,0.086,0.99,0.0,0.0,0.0,12,-12,-16,2.68,5.2,2.45,0.998,0.045,0.024,0.022,
365,1,25352.626,-0.045,0.089,0.989,0.0,0.0,0.0,12,-12,-15,2.68,5.2,2.45,0.998,0.045,0.024,0.022,
366,1,25352.636,-0.049,0.091,0.987,0.0,0.0,0.0,12,-11,-15,2.68,5.2,2.45,0.998,0.045,0.024,0.022,
367,1,25352.646,-0.047,0.092,0.983,0.0,0.0,0.0,12,-12,-15,2.68,5.2,2.45,0.998,0.045,0.024,0.022,
368,1,25352.656,-0.044,0.086,0.987,0.0,0.0,0.0,12,-12,-16,2.68,5.21,2.45,0.998,0.045,0.024,0.022,
369,1,25352.666,-0.046,0.09,0.99,0.0,0.0,0.0,12,-11,-16,2.68,5.2,2.45,0.998,0.045,0.024,0.022,
370,1,25352.676,-0.048,0.094,0.982,0.0,0.0,0.0,13,-12,-15,2.68,5.2,2.45,0.998,0.045,0.024,0.022,
371,1,25352.686,-0.045,0.091,0.987,0.0,0.0,0.0,12,-12,-15,2.68,5.2,2.45,0.998,0.045,0.024,0.022,
372,1,25352.696,-0.043,0.088,0.986,0.0,0.0,0.0,13,-12,-15,2.68,5.21,2.45,0.998,0.045,0.024,0.022,
373,1,25352.706,-0.043,0.092,0.987,0.0,0.0,0.0,13,-11,-16,2.68,5.21,2.45,0.998,0.045,0.024,0.022,
374,1,25352.716,-0.049,0.092,0.985,0.0,0.0,0.0,13,-12,-16,2.68,5.2,2.45,0.998,0.045,0.024,0.022,
375,1,25352.726,-0.046,0.09,0.987,0.0,0.0,0.0,12,-12,-16,2.68,5.2,2.45,0.998,0.045,0.024,0.022,
376,1,25352.736,-0.043,0.085,0.989,0.0,0.0,0.0,13,-12,-16,2.68,5.21,2.45,0.998,0.045,0.024,0.022,
377,1,25352.746,-0.046,0.09,0.984,0.0,0.0,0.0,12,-11,-15,2.68,5.21,2.45,0.998,0.045,0.024,0.022,
378,1,25352.756,-0.048,0.095,0.985,0.0,0.0,0.0,13,-12,-15,2.68,5.2,2.45,0.998,0.045,0.024,0.022,
379,1,25352.766,-0.047,0.088,0.985,0.0,0.0,0.0,13,-12,-15,2.68,5.21,2.45,0.998,0.045,0.024,0.022,
380,1,25352.776,-0.042,0.087,0.991,0.0,0.0,0.0,13,-12,-16,2.68,5.21,2.45,0.998,0.045,0.024,0.022,
381,1,25352.786,-0.045,0.089,0.983,0.0,0.0,0.0,13,-11,-15,2.68,5.2,2.45,0.998,0.045,0.024,0.022,
382,1,25352.796,-0.05,0.095,0.981,0.0,0.0,0.0,13,-12,-15,2.67,5.2,2.45,0.998,0.045,0.024,0.022,
383,1,25352.806,-0.047,0.088,0.989,0.0,0.0,0.0,12,-11,-15,2.68,5.2,2.45,0.998,0.045,0.024,0.022,
384,1,25352.816,-0.044,0.086,0.989,0.0,0.0,0.0,13,-12,-15,2.68,5.2,2.45,0.998,0.045,0.024,0.022,
385,1,25352.826,-0.044,0.094,0.981,0.0,0.0,0.0,12,-12,-16,2.67,5.2,2.45,0.998,0.045,0.024,0.022,
386,1,25352.836,-0.049,0.091,0.984,0.0,0.0,0.0,12,-12,-15,2.67,5.2,2.45,0.998,0.045,0.024,0.022,
387,1,25352.846,-0.046,0.088,0.985,0.0,0.0,0.0,13,-12,-15,2.67,5.2,2.45,0.998,0.045,0.024,0.022,
388,1,25352.856,-0.045,0.088,0.989,0.0,0.0,0.0,13,-12,-16,2.68,5.2,2.45,0.998,0.045,0.024,0.022,
389,1,25352.866,-0.046,0.089,0.984,0.0,0.0,0.0,12,-12,-16,2.67,5.2,2.45,0.998,0.045,0.024,0.022,
390,1,25352.876,-0.047,0.093,0.984,0.0,0.0,0.0,13,-12,-15,2.67,5.2,2.45,0.998,0.045,0.024,0.022,
391,1,25352.886,-0.047,0.093,0.986,0.0,0.0,0.0,12,-12,-16,2.67,5.2,2.45,0.998,0.045,0.024,0.022,
392,1,25352.896,-0.045,0.087,0.988,0.0,0.0,0.0,12,-11,-15,2.68,5.2,2.45,0.998,0.045,0.024,0.022,
393,1,25352.906,-0.047,0.091,0.984,0.0,0.0,0.0,12,-12,-15,2.68,5.2,2.45,0.998,0.045,0.024,0.022,
394,1,25352.916,-0.048,0.092,0.982,0.0,0.0,0.0,12,-11,-15,2.68,5.2,2.45,0.998,0.045,0.024,0.022,
395,1,25352.926,-0.045,0.09,0.988,0.0,0.0,0.0,12,-12,-15,2.68,5.2,2.45,0.998,0.045,0.024,0.022,
396,1,25352.936,-0.047,0.087,0.989,0.0,0.0,0.0,13,-12,-16,2.68,5.2,2.45,0.998,0.045,0.024,0.022,
397,1,25352.946,-0.047,0.091,0.984,0.0,0.0,0.0,13,-12,-15,2.68,5.2,2.45,0.998,0.045,0.024,0.022,
398,1,25352.956,-0.045,0.094,0.983,0.0,0.0,0.0,13,-12,-16,2.68,5.2,2.45,0.998,0.045,0.024,0.022,
399,1,25352.966,-0.045,0.091,0.988,0.0,0.0,0.0,13,-11,-15,2.68,5.2,2.45,0.998,0.045,0.024,0.022,
400,1,25352.976,-0.044,0.086,0.988,0.0,0.0,0.0,13,-12,-16,2.68,5.2,2.45,0.998,0.045,0.024,0.022,
401,1,25352.986,-0.048,0.094,0.984,0.0,0.0,0.0,12,-12,-15,2.68,5.2,2.45,0.998,0.045,0.024,0.022,
402,1,25352.996,-0.049,0.093,0.983,0.0,0.0,0.0,12,-12,-15,2.68,5.2,2.45,0.998,0.045,0.024,0.022,
403,1,25353.006,-0.044,0.088,0.988,0.0,0.0,0.0,12,-12,-15,2.68,5.2,2.45,0.998,0.045,0.024,0.022,
404,1,25353.016,-0.047,0.09,0.987,0.0,0.0,0.0,12,-12,-15,2.68,5.2,2.45,0.998,0.045,0.024,0.022,
405,1,25353.026,-0.047,0.09,0.983,0.0,0.0,0.0,13,-12,-16,2.68,5.2,2.45,0.998,0.045,0.024,0.022,
406,1,25353.036,-0.043,0.087,0.984,0.0,0.0,0.0,13,-12,-16,2.68,5.2,2.45,0.998,0.045,0.024,0.022,
407,1,25353.046,-0.049,0.087,0.988,0.0,0.0,0.0,13,-12,-16,2.67,5.2,2.45,0.998,0.045,0.024,0.022,
408,1,25353.056,-0.046,0.093,0.986,0.0,0.0,0.0,12,-12,-16,2.68,5.2,2.45,0.998,0.045,0.024,0.022,
409,1,25353.066,-0.049,0.09,0.987,0.0,0.0,0.0,12,-12,-16,2.67,5.2,2.45,0.998,0.045,0.024,0.022,
410,1,25353.076,-0.047,0.089,0.988,0.0,0.0,0.0,12,-12,-15,2.68,5.2,2.45,0.998,0.045,0.024,0.022,
411,1,25353.086,-0.044,0.09,0.988,0.0,0.0,0.0,13,-12,-15,2.68,5.2,2.45,0.998,0.045,0.024,0.022,
412,1,25353.096,-0.044,0.089,0.986,0.0,0.0,0.0,12,-12,-15,2.68,5.2,2.45,0.998,0.045,0.024,0.022,
413,1,25353.106,-0.045,0.089,0.984,0.0,0.0,0.0,13,-12,-15,2.68,5.2,2.45,0.998,0.045,0.024,0.022,
414,1,25353.116,-0.047,0.092,0.984,0.0,0.0,0.0,12,-12,-15,2.68,5.2,2.45,0.998,0.045,0.024,0.022,
415,1,25353.126,-0.044,0.089,0.986,0.0,0.0,0.0,12,-12,-15,2.68,5.2,2.45,0.998,0.045,0.024,0.022,
416,1,25353.136,-0.046,0.087,0.988,0.0,0.0,0.0,12,-12,-15,2.68,5.2,2.45,0.998,0.045,0.024,0.022,
417,1,25353.146,-0.05,0.096,0.984,0.0,0.0,0.0,12,-12,-16,2.68,5.2,2.45,0.998,0.045,0.024,0.022,
418,1,25353.156,-0.045,0.09,0.984,0.0,0.0,0.0,13,-12,-15,2.68,5.2,2.45,0.998,0.045,0.024,0.022,
419,1,25353.166,-0.044,0.092,0.987,0.0,0.0,0.0,12,-11,-16,2.68,5.21,2.45,0.998,0.045,0.024,0.022,
420,1,25353.176,-0.048,0.092,0.989,0.0,0.0,0.0,12,-11,-16,2.68,5.2,2.45,0.998,0.045,0.024,0.022,
421,1,25353.186,-0.049,0.094,0.986,0.0,0.0,0.0,13,-12,-16,2.68,5.2,2.45,0.998,0.045,0.024,0.022,
422,1,25353.196,-0.045,0.09,0.989,0.0,0.0,0.0,13,-12,-16,2.68,5.21,2.45,0.998,0.045,0.024,0.022,
423,1,25353.206,-0.046,0.089,0.988,0.0,0.0,0.0,12,-12,-16,2.68,5.21,2.45,0.998,0.045,0.024,0.022,
424,1,25353.216,-0.048,0.092,0.986,0.0,0.0,0.0,13,-11,-15,2.68,5.21,2.45,0.998,0.045,0.024,0.022,
425,1,25353.226,-0.047,0.092,0.985,0.0,0.0,0.0,13,-11,-15,2.68,5.21,2.45,0.998,0.045,0.024,0.022,
426,1,25353.236,-0.045,0.09,0.989,0.0,0.0,0.0,12,-12,-15,2.68,5.21,2.45,0.998,0.045,0.024,0.022,
427,1,25353.246,-0.045,0.091,0.986,0.0,0.0,0.0,12,-12,-15,2.68,5.21,2.45,0.998,0.045,0.024,0.022,
428,1,25353.256,-0.045,0.092,0.983,0.0,0.0,0.0,12,-12,-15,2.68,5.21,2.45,0.998,0.045,0.024,0.022,
429,1,25353.266,-0.047,0.09,0.985,0.0,0.0,0.0,12,-11,-15,2.68,5.21,2.45,0.998,0.045,0.024,0.022,
430,1,25353.276,-0.049,0.09,0.985,0.0,0.0,0.0,12,-11,-15,2.68,5.21,2.45,0.998,0.045,0.024,0.022,
431,1,25353.286,-0.049,0.092,0.988,0.0,0.0,0.0,12,-12,-16,2.68,5.21,2.45,0.998,0.045,0.024,0.022,
432,1,25353.296,-0.045,0.089,0.984,0.0,0.0,0.0,12,-12,-15,2.68,5.21,2.45,0.998,0.045,0.024,0.022,
433,1,25353.306,-0.046,0.092,0.983,0.0,0.0,0.0,12,-12,-15,2.68,5.21,2.45,0.998,0.045,0.024,0.022,
434,1,25353.316,-0.046,0.091,0.986,0.0,0.0,0.0,12,-12,-16,2.68,5.21,2.45,0.998,0.045,0.024,0.022,
435,1,25353.326,-0.046,0.09,0.988,0.0,0.0,0.0,12,-12,-16,2.68,5.21,2.45,0.998,0.045,0.024,0.022,
436,1,25353.336,-0.045,0.088,0.985,0.0,0.0,0.0,13,-12,-15,2.68,5.21,2.45,0.998,0.045,0.024,0.022,
437,1,25353.346,-0.051,0.09,0.987,0.0,0.0,0.0,13,-12,-16,2.68,5.21,2.45,0.998,0.045,0.024,0.022,
438,1,25353.356,-0.046,0.091,0.986,0.0,0.0,0.0,13,-12,-16,2.68,5.21,2.45,0.998,0.045,0.024,0.022,
439,1,25353.366,-0.046,0.089,0.986,0.0,0.0,0.0,12,-12,-16,2.68,5.21,2.45,0.998,0.045,0.024,0.022,
440,1,25353.376,-0.047,0.091,0.984,0.0,0.0,0.0,12,-12,-16,2.68,5.21,2.45,0.998,0.045,0.024,0.022,
441,1,25353.386,-0.046,0.093,0.982,0.0,0.0,0.0,12,-12,-16,2.68,5.21,2.45,0.998,0.045,0.024,0.022,
442,1,25353.396,-0.044,0.09,0.983,0.0,0.0,0.0,12,-11,-16,2.68,5.21,2.45,0.998,0.045,0.024,0.022,
443,1,25353.406,-0.048,0.09,0.985,0.0,0.0,0.0,13,-12,-15,2.68,5.21,2.45,0.998,0.045,0.024,0.022,
444,1,25353.416,-0.043,0.088,0.986,0.0,0.0,0.0,13,-12,-16,2.68,5.21,2.45,0.998,0.045,0.024,0.022,
445,1,25353.426,-0.045,0.09,0.986,0.0,0.0,0.0,13,-12,-16,2.68,5.21,2.45,0.998,0.045,0.024,0.022,
446,1,25353.436,-0.045,0.091,0.985,0.0,0.0,0.0,13,-12,-15,2.68,5.21,2.45,0.998,0.045,0.024,0.022,
447,1,25353.446,-0.047,0.091,0.985,0.0,0.0,0.0,12,-12,-16,2.67,5.21,2.45,0.998,0.045,0.024,0.022,
448,1,25353.456,-0.045,0.089,0.988,0.0,0.0,0.0,12,-11,-15,2.68,5.21,2.45,0.998,0.045,0.024,0.022,
449,1,25353.466,-0.046,0.087,0.986,0.0,0.0,0.0,12,-12,-16,2.68,5.21,2.45,0.998,0.045,0.024,0.022,
450,1,25353.476,-0.048,0.092,0.986,0.0,0.0,0.0,12,-12,-16,2.68,5.21,2.45,0.998,0.045,0.024,0.022,
451,1,25353.486,-0.05,0.088,0.986,0.0,0.0,0.0,12,-11,-15,2.68,5.21,2.45,0.998,0.045,0.024,0.022,
452,1,25353.496,-0.046,0.089,0.985,0.0,0.0,0.0,13,-12,-15,2.68,5.21,2.45,0.998,0.045,0.024,0.022,
453,1,25353.506,-0.047,0.088,0.985,0.0,0.0,0.0,13,-12,-16,2.68,5.21,2.45,0.998,0.045,0.024,0.022,
454,1,25353.516,-0.048,0.093,0.985,0.0,0.0,0.0,13,-11,-16,2.68,5.21,2.45,0.998,0.045,0.024,0.022,
455,1,25353.526,-0.046,0.091,0.983,0.0,0.0,0.0,13,-11,-16,2.68,5.21,2.45,0.998,0.045,0.024,0.022,
456,1,25353.536,-0.047,0.087,0.988,0.0,0.0,0.0,13,-12,-16,2.68,5.21,2.45,0.998,0.045,0.024,0.022,
457,1,25353.546,-0.042,0.089,0.982,0.0,0.0,0.0,12,-11,-16,2.68,5.21,2.45,0.998,0.045,0.024,0.022,
458,1,25353.556,-0.045,0.092,0.982,0.0,0.0,0.0,12,-12,-16,2.68,5.21,2.45,0.998,0.045,0.024,0.022,
459,1,25353.566,-0.046,0.092,0.985,0.0,0.0,0.0,12,-12,-16,2.68,5.21,2.45,0.998,0.045,0.024,0.022,
460,1,25353.576,-0.049,0.089,0.988,0.0,0.0,0.0,12,-12,-16,2.68,5.21,2.45,0.998,0.045,0.024,0.022,
461,1,25353.586,-0.046,0.092,0.985,0.0,0.0,0.0,13,-12,-16,2.68,5.21,2.45,0.998,0.045,0.024,0.022,
462,1,25353.596,-0.049,0.09,0.983,0.0,0.0,0.0,13,-12,-16,2.68,5.21,2.45,0.998,0.045,0.024,0.022,
463,1,25353.606,-0.047,0.091,0.987,0.0,0.0,0.0,13,-12,-16,2.68,5.21,2.45,0.998,0.045,0.024,0.022,
464,1,25353.616,-0.046,0.088,0.99,0.0,0.0,0.0,13,-12,-15,2.68,5.21,2.45,0.998,0.045,0.024,0.022,
465,1,25353.626,-0.045,0.089,0.984,0.0,0.0,0.0,13,-12,-15,2.68,5.21,2.45,0.998,0.045,0.024,0.022,
466,1,25353.636,-0.049,0.092,0.983,0.0,0.0,0.0,13,-12,-16,2.68,5.21,2.45,0.998,0.045,0.024,0.022,
467,1,25353.646,-0.047,0.09,0.985,0.0,0.0,0.0,12,-12,-16,2.68,5.21,2.45,0.998,0.045,0.024,0.022,
468,1,25353.656,-0.047,0.089,0.989,0.0,0.0,0.0,12,-11,-16,2.68,5.21,2.45,0.998,0.045,0.024,0.022,
469,1,25353.666,-0.048,0.093,0.985,0.0,0.0,0.0,13,-12,-16,2.68,5.21,2.45,0.998,0.045,0.024,0.022,
470,1,25353.676,-0.049,0.092,0.984,0.0,0.0,0.0,13,-12,-16,2.68,5.21,2.45,0.998,0.045,0.024,0.022,
471,1,25353.686,-0.047,0.09,0.988,0.0,0.0,0.0,12,-12,-15,2.68,5.22,2.45,0.998,0.045,0.024,0.022,
472,1,25353.696,-0.045,0.089,0.987,0.0,0.0,0.0,12,-12,-16,2.68,5.22,2.45,0.998,0.045,0.024,0.022,
473,1,25353.706,-0.047,0.091,0.984,0.0,0.0,0.0,12,-12,-15,2.68,5.21,2.45,0.998,0.045,0.024,0.022,
474,1,25353.716,-0.045,0.091,0.982,0.0,0.0,0.0,12,-12,-16,2.68,5.21,2.45,0.998,0.045,0.024,0.022,
475,1,25353.726,-0.043,0.09,0.987,0.0,0.0,0.0,12,-12,-16,2.68,5.21,2.45,0.998,0.045,0.024,0.022,
476,1,25353.736,-0.044,0.09,0.987,0.0,0.0,0.0,13,-12,-16,2.68,5.21,2.45,0.998,0.045,0.024,0.022,
477,1,25353.746,-0.049,0.092,0.984,0.0,0.0,0.0,12,-12,-15,2.68,5.21,2.45,0.998,0.045,0.024,0.022,
478,1,25353.756,-0.044,0.092,0.984,0.0,0.0,0.0,12,-12,-16,2.68,5.21,2.45,0.998,0.045,0.024,0.022,
479,1,25353.766,-0.046,0.088,0.986,0.0,0.0,0.0,12,-12,-16,2.68,5.22,2.45,0.998,0.045,0.024,0.022,
480,1,25353.776,-0.046,0.091,0.987,0.0,0.0,0.0,12,-12,-16,2.68,5.22,2.45,0.998,0.045,0.024,0.022,
481,1,25353.786,-0.049,0.094,0.983,0.0,0.0,0.0,13,-12,-16,2.68,5.21,2.45,0.998,0.045,0.024,0.022,
482,1,25353.796,-0.049,0.092,0.986,0.0,0.0,0.0,13,-12,-16,2.68,5.22,2.45,0.998,0.045,0.024,0.022,
483,1,25353.806,-0.044,0.087,0.987,0.0,0.0,0.0,13,-11,-16,2.68,5.22,2.45,0.998,0.045,0.024,0.022,
484,1,25353.816,-0.048,0.09,0.99,0.0,0.0,0.0,13,-12,-15,2.68,5.22,2.45,0.998,0.045,0.024,0.022,
485,1,25353.826,-0.048,0.092,0.982,0.0,0.0,0.0,13,-12,-15,2.68,5.22,2.45,0.998,0.045,0.024,0.022,
486,1,25353.836,-0.046,0.091,0.984,0.0,0.0,0.0,13,-11,-15,2.68,5.22,2.45,0.998,0.045,0.024,0.022,
487,1,25353.846,-0.044,0.087,0.988,0.0,0.0,0.0,13,-11,-15,2.68,5.22,2.45,0.998,0.045,0.024,0.022,
488,1,25353.856,-0.045,0.088,0.988,0.0,0.0,0.0,13,-11,-15,2.68,5.22,2.45,0.998,0.045,0.024,0.022,
489,1,25353.866,-0.049,0.093,0.983,0.0,0.0,0.0,13,-11,-15,2.68,5.22,2.45,0.998,0.045,0.024,0.022,
490,1,25353.876,-0.045,0.09,0.985,0.0,0.0,0.0,13,-11,-15,2.68,5.22,2.45,0.998,0.045,0.024,0.022,
491,1,25353.886,-0.043,0.087,0.988,0.0,0.0,0.0,13,-12,-15,2.68,5.22,2.45,0.998,0.045,0.024,0.022,
492,1,25353.896,-0.045,0.092,0.987,0.0,0.0,0.0,13,-12,-15,2.68,5.22,2.45,0.998,0.045,0.024,0.022,
493,1,25353.906,-0.048,0.094,0.982,0.0,0.0,0.0,13,-12,-15,2.68,5.22,2.45,0.998,0.045,0.024,0.022,
494,1,25353.916,-0.046,0.09,0.988,0.0,0.0,0.0,13,-12,-15,2.68,5.22,2.45,0.998,0.045,0.024,0.022,
495,1,25353.926,-0.043,0.086,0.989,0.0,0.0,0.0,12,-12,-16,2.68,5.22,2.45,0.998,0.045,0.024,0.022,
496,1,25353.936,-0.045,0.092,0.984,0.0,0.0,0.0,12,-12,-16,2.68,5.22,2.45,0.998,0.045,0.024,0.022,
497,1,25353.946,-0.049,0.093,0.984,0.0,0.0,0.0,12,-11,-16,2.68,5.21,2.45,0.998,0.045,0.024,0.022,
498,1,25353.956,-0.047,0.091,0.985,0.0,0.0,0.0,13,-12,-15,2.68,5.22,2.45,0.998,0.045,0.024,0.022,
499,1,25353.966,-0.044,0.086,0.986,0.0,0.0,0.0,13,-12,-16,2.68,5.22,2.45,0.998,0.045,0.024,0.022,
500,1,25353.976,-0.045,0.09,0.987,0.0,0.0,0.0,12,-12,-15,2.68,5.22,2.45,0.998,0.045,0.024,0.022,
501,1,25353.986,-0.052,0.094,0.983,0.0,0.0,0.0,12,-12,-16,2.68,5.21,2.45,0.998,0.045,0.024,0.022,
502,1,25353.996,-0.045,0.09,0.984,0.0,0.0,0.0,12,-12,-16,2.68,5.21,2.45,0.998,0.045,0.024,0.022,
503,1,25354.006,-0.046,0.089,0.988,0.0,0.0,0.0,12,-12,-16,2.68,5.22,2.45,0.998,0.045,0.024,0.022,
504,1,25354.016,-0.049,0.091,0.982,0.0,0.0,0.0,12,-12,-16,2.68,5.21,2.45,0.998,0.045,0.024,0.022,
505,1,25354.026,-0.05,0.094,0.984,0.0,0.0,0.0,12,-11,-16,2.68,5.21,2.45,0.998,0.045,0.024,0.022,
506,1,25354.036,-0.046,0.088,0.99,0.0,0.0,0.0,13,-12,-16,2.68,5.22,2.45,0.998,0.045,0.024,0.022,
507,1,25354.046,-0.043,0.088,0.989,0.0,0.0,0.0,13,-11,-16,2.68,5.22,2.45,0.998,0.045,0.024,0.022,
508,1,25354.056,-0.048,0.091,0.985,0.0,0.0,0.0,13,-12,-16,2.68,5.22,2.45,0.998,0.045,0.024,0.022,
509,1,25354.066,-0.045,0.093,0.984,0.0,0.0,0.0,12,-12,-16,2.68,5.22,2.45,0.998,0.045,0.024,0.022,
510,1,25354.076,-0.051,0.091,0.989,0.0,0.0,0.0,13,-12,-16,2.68,5.22,2.45,0.998,0.045,0.024,0.022,
511,1,25354.086,-0.047,0.09,0.987,0.0,0.0,0.0,13,-12,-15,2.68,5.22,2.45,0.998,0.045,0.024,0.022,
512,1,25354.096,-0.044,0.093,0.985,0.0,0.0,0.0,12,-12,-16,2.68,5.22,2.45,0.998,0.045,0.024,0.022,
513,1,25354.106,-0.048,0.09,0.981,0.0,0.0,0.0,12,-12,-16,2.68,5.22,2.45,0.998,0.045,0.024,0.022,
514,1,25354.116,-0.046,0.087,0.986,0.0,0.0,0.0,12,-12,-15,2.68,5.22,2.45,0.998,0.045,0.024,0.022,
515,1,25354.126,-0.046,0.087,0.988,0.0,0.0,0.0,13,-11,-16,2.68,5.21,2.45,0.998,0.045,0.024,0.022,
516,1,25354.136,-0.047,0.09,0.983,0.0,0.0,0.0,12,-12,-16,2.68,5.21,2.45,0.998,0.045,0.024,0.022,
517,1,25354.146,-0.046,0.092,0.983,0.0,0.0,0.0,13,-12,-16,2.68,5.21,2.45,0.998,0.045,0.024,0.022,
518,1,25354.156,-0.046,0.09,0.988,0.0,0.0,0.0,13,-11,-15,2.68,5.21,2.45,0.998,0.045,0.024,0.022,
519,1,25354.166,-0.045,0.089,0.985,0.0,0.0,0.0,13,-12,-15,2.68,5.21,2.45,0.998,0.045,0.024,0.022,
520,1,25354.176,-0.045,0.092,0.985,0.0,0.0,0.0,12,-12,-15,2.68,5.21,2.45,0.998,0.045,0.024,0.022,
521,1,25354.186,-0.047,0.09,0.985,0.0,0.0,0.0,12,-12,-16,2.68,5.21,2.45,0.998,0.045,0.024,0.022,
522,1,25354.196,-0.043,0.087,0.986,0.0,0.0,0.0,13,-11,-16,2.68,5.21,2.45,0.998,0.045,0.024,0.022,
523,1,25354.206,-0.049,0.092,0.985,0.0,0.0,0.0,12,-12,-16,2.68,5.21,2.45,0.998,0.045,0.024,0.022,
524,1,25354.216,-0.045,0.091,0.986,0.0,0.0,0.0,12,-12,-16,2.68,5.21,2.45,0.998,0.045,0.024,0.022,
525,1,25354.226,-0.047,0.09,0.983,0.0,0.0,0.0,12,-11,-15,2.68,5.21,2.45,0.998,0.045,0.024,0.022,
526,1,25354.236,-0.044,0.089,0.987,0.0,0.0,0.0,13,-12,-16,2.68,5.21,2.45,0.998,0.045,0.024,0.022,
527,1,25354.246,-0.046,0.086,0.987,0.0,0.0,0.0,12,-12,-16,2.68,5.21,2.45,0.998,0.045,0.024,0.022,
528,1,25354.256,-0.049,0.092,0.986,0.0,0.0,0.0,13,-12,-16,2.68,5.21,2.45,0.998,0.045,0.024,0.022,
529,1,25354.266,-0.047,0.092,0.983,0.0,0.0,0.0,12,-11,-16,2.68,5.21,2.45,0.998,0.045,0.024,0.022,
530,1,25354.276,-0.046,0.089,0.989,0.0,0.0,0.0,13,-12,-15,2.68,5.21,2.45,0.998,0.045,0.024,0.022,
531,1,25354.286,-0.048,0.09,0.987,0.0,0.0,0.0,12,-12,-15,2.68,5.21,2.45,0.998,0.045,0.024,0.022,
532,1,25354.296,-0.049,0.091,0.99,0.0,0.0,0.0,12,-12,-15,2.68,5.21,2.45,0.998,0.045,0.024,0.022,
533,1,25354.306,-0.042,0.087,0.983,0.0,0.0,0.0,12,-12,-15,2.68,5.22,2.45,0.998,0.045,0.024,0.022,
534,1,25354.316,-0.045,0.091,0.983,0.0,0.0,0.0,13,-12,-16,2.68,5.22,2.45,0.998,0.045,0.024,0.022,
535,1,25354.326,-0.045,0.092,0.988,0.0,0.0,0.0,12,-12,-16,2.68,5.22,2.45,0.998,0.045,0.024,0.022,
536,1,25354.336,-0.045,0.089,0.987,0.0,0.0,0.0,13,-12,-16,2.68,5.22,2.45,0.998,0.045,0.024,0.022,
537,1,25354.346,-0.046,0.089,0.986,0.0,0.0,0.0,13,-11,-15,2.68,5.21,2.45,0.998,0.045,0.024,0.022,
538,1,25354.356,-0.046,0.091,0.984,0.0,0.0,0.0,13,-11,-15,2.68,5.21,2.45,0.998,0.045,0.024,0.022,
539,1,25354.366,-0.046,0.091,0.988,0.0,0.0,0.0,13,-11,-15,2.68,5.21,2.45,0.998,0.045,0.024,0.022,
540,1,25354.376,-0.047,0.091,0.985,0.0,0.0,0.0,12,-12,-16,2.68,5.21,2.45,0.998,0.045,0.024,0.022,
541,1,25354.386,-0.047,0.093,0.988,0.0,0.0,0.0,12,-12,-15,2.68,5.21,2.45,0.998,0.045,0.024,0.022,
542,1,25354.396,-0.047,0.09,0.986,0.0,0.0,0.0,12,-12,-16,2.68,5.21,2.45,0.998,0.045,0.024,0.022,
543,1,25354.406,-0.047,0.089,0.984,0.0,0.0,0.0,12,-12,-16,2.68,5.21,2.45,0.998,0.045,0.024,0.022,
544,1,25354.416,-0.048,0.092,0.987,0.0,0.0,0.0,12,-12,-15,2.68,5.21,2.45,0.998,0.045,0.024,0.022,
545,1,25354.426,-0.046,0.09,0.984,0.0,0.0,0.0,12,-12,-15,2.68,5.21,2.45,0.998,0.045,0.024,0.022,
546,1,25354.436,-0.044,0.091,0.987,0.0,0.0,0.0,12,-12,-16,2.67,5.21,2.45,0.998,0.045,0.024,0.022,
547,1,25354.446,-0.046,0.091,0.987,0.0,0.0,0.0,12,-12,-16,2.67,5.21,2.45,0.998,0.045,0.024,0.022,
548,1,25354.456,-0.046,0.089,0.983,0.0,0.0,0.0,12,-12,-16,2.67,5.21,2.45,0.998,0.045,0.024,0.022,
549,1,25354.466,-0.044,0.094,0.985,0.0,0.0,0.0,13,-11,-16,2.67,5.21,2.45,0.998,0.045,0.024,0.022,
550,1,25354.476,-0.047,0.09,0.985,0.0,0.0,0.0,13,-12,-15,2.67,5.21,2.45,0.998,0.045,0.024,0.022,
551,1,25354.486,-0.046,0.087,0.984,0.0,0.0,0.0,13,-11,-15,2.67,5.22,2.45,0.998,0.045,0.024,0.022,
552,1,25354.496,-0.044,0.088,0.988,0.0,0.0,0.0,12,-11,-16,2.68,5.21,2.45,0.998,0.045,0.024,0.022,
553,1,25354.506,-0.049,0.089,0.986,0.0,0.0,0.0,13,-11,-16,2.67,5.21,2.45,0.998,0.045,0.024,0.022,
554,1,25354.516,-0.048,0.088,0.987,0.0,0.0,0.0,13,-12,-16,2.67,5.21,2.45,0.998,0.045,0.024,0.022,
555,1,25354.526,-0.042,0.091,0.985,0.0,0.0,0.0,13,-11,-16,2.68,5.21,2.45,0.998,0.045,0.024,0.022,
556,1,25354.536,-0.045,0.091,0.985,0.0,0.0,0.0,12,-12,-16,2.67,5.21,2.45,0.998,0.045,0.024,0.022,
557,1,25354.546,-0.047,0.091,0.985,0.0,0.0,0.0,13,-12,-15,2.67,5.21,2.45,0.998,0.045,0.024,0.022,
558,1,25354.556,-0.048,0.092,0.984,0.0,0.0,0.0,13,-12,-16,2.67,5.21,2.45,0.998,0.045,0.024,0.022,
559,1,25354.566,-0.043,0.088,0.985,0.0,0.0,0.0,12,-12,-15,2.67,5.22,2.45,0.998,0.045,0.024,0.022,
560,1,25354.576,-0.048,0.089,0.985,0.0,0.0,0.0,12,-12,-15,2.67,5.22,2.45,0.998,0.045,0.024,0.022,
561,1,25354.586,-0.052,0.092,0.985,0.0,0.0,0.0,13,-12,-16,2.67,5.21,2.45,0.998,0.045,0.024,0.022,
562,1,25354.596,-0.049,0.091,0.984,0.0,0.0,0.0,13,-12,-15,2.67,5.22,2.45,0.998,0.045,0.024,0.022,
563,1,25354.606,-0.045,0.086,0.99,0.0,0.0,0.0,12,-12,-15,2.67,5.22,2.45,0.998,0.045,0.024,0.022,
564,1,25354.616,-0.047,0.089,0.985,0.0,0.0,0.0,12,-12,-15,2.67,5.22,2.45,0.998,0.045,0.024,0.022,
565,1,25354.626,-0.047,0.096,0.983,0.0,0.0,0.0,13,-12,-15,2.67,5.21,2.45,0.998,0.045,0.024,0.022,
566,1,25354.636,-0.049,0.087,0.987,0.0,0.0,0.0,13,-12,-16,2.68,5.22,2.45,0.998,0.045,0.024,0.022,
567,1,25354.646,-0.048,0.087,0.989,0.0,0.0,0.0,13,-12,-16,2.68,5.22,2.45,0.998,0.045,0.024,0.022,
568,1,25354.656,-0.046,0.092,0.986,0.0,0.0,0.0,12,-12,-15,2.68,5.21,2.45,0.998,0.045,0.024,0.022,
569,1,25354.666,-0.045,0.093,0.985,0.0,0.0,0.0,12,-12,-16,2.68,5.21,2.45,0.998,0.045,0.024,0.022,
570,1,25354.676,-0.048,0.088,0.986,0.0,0.0,0.0,13,-12,-16,2.68,5.22,2.45,0.998,0.045,0.024,0.022,
571,1,25354.686,-0.045,0.088,0.988,0.0,0.0,0.0,13,-12,-15,2.68,5.22,2.45,0.998,0.045,0.024,0.022,
572,1,25354.696,-0.046,0.094,0.984,0.0,0.0,0.0,13,-12,-16,2.67,5.21,2.45,0.998,0.045,0.024,0.022,
573,1,25354.706,-0.048,0.091,0.982,0.0,0.0,0.0,12,-12,-15,2.67,5.22,2.45,0.998,0.045,0.024,0.022,
574,1,25354.716,-0.047,0.09,0.987,0.0,0.0,0.0,12,-12,-15,2.68,5.22,2.45,0.998,0.045,0.024,0.022,
575,1,25354.726,-0.044,0.089,0.99,0.0,0.0,0.0,13,-12,-15,2.68,5.22,2.45,0.998,0.045,0.024,0.022,
576,1,25354.736,-0.047,0.091,0.982,0.0,0.0,0.0,13,-12,-16,2.67,5.22,2.45,0.998,0.045,0.024,0.022,
577,1,25354.746,-0.047,0.092,0.982,0.0,0.0,0.0,13,-12,-15,2.67,5.22,2.45,0.998,0.045,0.024,0.022,
578,1,25354.756,-0.046,0.091,0.989,0.0,0.0,0.0,13,-12,-15,2.68,5.22,2.45,0.998,0.045,0.024,0.022,
579,1,25354.766,-0.043,0.088,0.99,0.0,0.0,0.0,12,-12,-15,2.68,5.22,2.45,0.998,0.045,0.024,0.022,
580,1,25354.776,-0.046,0.094,0.984,0.0,0.0,0.0,12,-12,-15,2.67,5.22,2.45,0.998,0.045,0.024,0.022,
581,1,25354.786,-0.05,0.093,0.983,0.0,0.0,0.0,12,-12,-16,2.67,5.22,2.45,0.998,0.045,0.024,0.022,
582,1,25354.796,-0.045,0.086,0.99,0.0,0.0,0.0,12,-12,-16,2.67,5.22,2.45,0.998,0.045,0.024,0.022,
583,1,25354.806,-0.042,0.086,0.989,0.0,0.0,0.0,12,-12,-16,2.67,5.22,2.45,0.998,0.045,0.024,0.022,
584,1,25354.816,-0.047,0.09,0.983,0.0,0.0,0.0,12,-12,-16,2.67,5.21,2.45,0.998,0.045,0.024,0.022,
585,1,25354.826,-0.047,0.09,0.986,0.0,0.0,0.0,12,-12,-16,2.67,5.21,2.45,0.998,0.045,0.024,0.022,
586,1,25354.836,-0.046,0.087,0.989,0.0,0.0,0.0,12,-12,-16,2.67,5.21,2.45,0.998,0.045,0.024,0.022,
587,1,25354.846,-0.045,0.088,0.986,0.0,0.0,0.0,12,-12,-16,2.67,5.21,2.45,0.998,0.045,0.024,0.022,
588,1,25354.856,-0.048,0.092,0.983,0.0,0.0,0.0,13,-11,-15,2.67,5.21,2.45,0.998,0.045,0.024,0.022,
589,1,25354.867,-0.047,0.092,0.983,0.0,0.0,0.0,12,-12,-15,2.67,5.21,2.45,0.998,0.045,0.024,0.022,
590,1,25354.877,-0.043,0.086,0.989,0.0,0.0,0.0,13,-12,-15,2.68,5.21,2.45,0.998,0.045,0.024,0.022,
591,1,25354.887,-0.043,0.089,0.988,0.0,0.0,0.0,13,-12,-16,2.67,5.21,2.45,0.998,0.045,0.024,0.022,
592,1,25354.897,-0.049,0.093,0.985,0.0,0.0,0.0,13,-12,-16,2.67,5.21,2.45,0.998,0.045,0.024,0.022,
593,1,25354.907,-0.047,0.091,0.984,0.0,0.0,0.0,12,-12,-15,2.68,5.21,2.45,0.998,0.045,0.024,0.022,
594,1,25354.917,-0.044,0.088,0.99,0.0,0.0,0.0,12,-12,-16,2.68,5.22,2.45,0.998,0.045,0.024,0.022,
595,1,25354.927,-0.045,0.091,0.988,0.0,0.0,0.0,13,-12,-16,2.68,5.22,2.45,0.998,0.045,0.024,0.022,
596,1,25354.936,-0.048,0.092,0.982,0.0,0.0,0.0,12,-12,-16,2.68,5.21,2.45,0.998,0.045,0.024,0.022,
597,1,25354.946,-0.045,0.092,0.984,0.0,0.0,0.0,12,-12,-15,2.68,5.22,2.45,0.998,0.045,0.024,0.022,
598,1,25354.956,-0.046,0.085,0.989,0.0,0.0,0.0,13,-12,-16,2.68,5.22,2.45,0.998,0.045,0.024,0.022,
599,1,25354.966,-0.049,0.092,0.986,0.0,0.0,0.0,12,-12,-15,2.68,5.22,2.45,0.998,0.045,0.024,0.022,
600,1,25354.976,-0.049,0.095,0.984,0.0,0.0,0.0,12,-12,-16,2.68,5.21,2.45,0.998,0.045,0.024,0.022,
601,1,25354.986,-0.046,0.09,0.987,0.0,0.0,0.0,12,-12,-16,2.68,5.22,2.45,0.998,0.045,0.024,0.022,
602,1,25354.996,-0.042,0.087,0.987,0.0,0.0,0.0,13,-12,-16,2.68,5.22,2.45,0.998,0.045,0.024,0.022,
603,1,25355.006,-0.047,0.092,0.983,0.0,0.0,0.0,12,-12,-15,2.68,5.22,2.45,0.998,0.045,0.024,0.022,
604,1,25355.017,-0.048,0.093,0.986,0.0,0.0,0.0,13,-12,-16,2.68,5.22,2.45,0.998,0.045,0.024,0.022,
605,1,25355.027,-0.043,0.088,0.989,0.0,0.0,0.0,13,-12,-16,2.68,5.22,2.45,0.998,0.045,0.024,0.022,
606,1,25355.037,-0.045,0.089,0.987,0.0,0.0,0.0,13,-12,-15,2.68,5.22,2.45,0.998,0.045,0.024,0.022,
607,1,25355.047,-0.047,0.093,0.986,0.0,0.0,0.0,13,-12,-15,2.67,5.22,2.45,0.998,0.045,0.024,0.022,
608,1,25355.057,-0.046,0.09,0.985,0.0,0.0,0.0,13,-12,-15,2.67,5.22,2.45,0.998,0.045,0.024,0.022,
609,1,25355.067,-0.049,0.091,0.985,0.0,0.0,0.0,13,-12,-15,2.68,5.22,2.45,0.998,0.045,0.024,0.022,
610,1,25355.077,-0.045,0.09,0.986,0.0,0.0,0.0,13,-12,-15,2.68,5.22,2.45,0.998,0.045,0.024,0.022,
611,1,25355.087,-0.047,0.091,0.985,0.0,0.0,0.0,13,-12,-16,2.67,5.22,2.45,0.998,0.045,0.024,0.022,
612,1,25355.097,-0.049,0.093,0.985,0.0,0.0,0.0,12,-12,-16,2.68,5.22,2.45,0.998,0.045,0.024,0.022,
613,1,25355.107,-0.047,0.091,0.985,0.0,0.0,0.0,13,-12,-16,2.68,5.22,2.45,0.998,0.045,0.024,0.022,
614,1,25355.117,-0.046,0.087,0.987,0.0,0.0,0.0,12,-12,-15,2.68,5.22,2.45,0.998,0.045,0.024,0.022,
615,1,25355.127,-0.047,0.093,0.984,0.0,0.0,0.0,13,-12,-15,2.68,5.22,2.45,0.998,0.045,0.024,0.022,
616,1,25355.137,-0.047,0.091,0.985,0.0,0.0,0.0,13,-12,-16,2.68,5.22,2.45,0.998,0.045,0.024,0.022,
617,1,25355.147,-0.047,0.088,0.99,0.0,0.0,0.0,12,-12,-15,2.68,5.22,2.45,0.998,0.045,0.024,0.022,
618,1,25355.157,-0.043,0.088,0.989,0.0,0.0,0.0,12,-12,-15,2.68,5.22,2.45,0.998,0.045,0.024,0.022,
619,1,25355.167,-0.046,0.091,0.985,0.0,0.0,0.0,13,-12,-15,2.68,5.22,2.45,0.998,0.045,0.024,0.022,
620,1,25355.177,-0.047,0.091,0.987,0.0,0.0,0.0,13,-12,-16,2.68,5.22,2.45,0.998,0.045,0.024,0.022,
621,1,25355.187,-0.046,0.09,0.988,0.0,0.0,0.0,13,-12,-15,2.68,5.23,2.45,0.998,0.045,0.024,0.022,
622,1,25355.197,-0.043,0.091,0.984,0.0,0.0,0.0,13,-12,-16,2.68,5.22,2.45,0.998,0.045,0.024,0.022,
623,1,25355.207,-0.044,0.09,0.986,0.0,0.0,0.0,13,-12,-16,2.68,5.22,2.45,0.998,0.045,0.024,0.022,
624,1,25355.217,-0.048,0.089,0.986,0.0,0.0,0.0,12,-12,-16,2.68,5.22,2.45,0.998,0.045,0.024,0.022,
625,1,25355.227,-0.046,0.09,0.986,0.0,0.0,0.0,13,-12,-16,2.68,5.22,2.45,0.998,0.045,0.024,0.022,
626,1,25355.237,-0.047,0.092,0.984,0.0,0.0,0.0,12,-12,-15,2.68,5.22,2.45,0.998,0.045,0.024,0.022,
627,1,25355.247,-0.046,0.09,0.986,0.0,0.0,0.0,13,-12,-16,2.68,5.22,2.45,0.998,0.045,0.024,0.022,
628,1,25355.257,-0.045,0.091,0.983,0.0,0.0,0.0,13,-12,-15,2.68,5.22,2.45,0.998,0.045,0.024,0.022,
629,1,25355.267,-0.048,0.093,0.988,0.0,0.0,0.0,12,-11,-16,2.68,5.22,2.45,0.998,0.045,0.024,0.022,
630,1,25355.277,-0.046,0.092,0.987,0.0,0.0,0.0,12,-11,-16,2.68,5.22,2.45,0.998,0.045,0.024,0.022,
631,1,25355.287,-0.047,0.09,0.986,0.0,0.0,0.0,13,-12,-16,2.68,5.22,2.45,0.998,0.045,0.024,0.022,
632,1,25355.297,-0.047,0.092,0.987,0.0,0.0,0.0,13,-12,-15,2.68,5.22,2.45,0.998,0.045,0.024,0.022,
633,1,25355.307,-0.045,0.09,0.985,0.0,0.0,0.0,13,-12,-15,2.68,5.22,2.45,0.998,0.045,0.024,0.022,
634,1,25355.317,-0.046,0.088,0.987,0.0,0.0,0.0,13,-12,-15,2.68,5.22,2.45,0.998,0.045,0.024,0.022,
635,1,25355.327,-0.045,0.09,0.987,0.0,0.0,0.0,13,-11,-15,2.68,5.22,2.45,0.998,0.045,0.024,0.022,
636,1,25355.337,-0.046,0.095,0.985,0.0,0.0,0.0,12,-12,-15,2.68,5.22,2.45,0.998,0.045,0.024,0.022,
637,1,25355.347,-0.046,0.087,0.983,0.0,0.0,0.0,13,-12,-15,2.68,5.22,2.45,0.998,0.045,0.024,0.022,
638,1,25355.357,-0.046,0.087,0.988,0.0,0.0,0.0,13,-12,-15,2.68,5.22,2.45,0.998,0.045,0.024,0.022,
639,1,25355.367,-0.043,0.093,0.986,0.0,0.0,0.0,12,-12,-15,2.68,5.22,2.45,0.998,0.045,0.024,0.022,
640,1,25355.377,-0.043,0.089,0.983,0.0,0.0,0.0,13,-12,-16,2.68,5.22,2.45,0.998,0.045,0.024,0.022,
641,1,25355.387,-0.045,0.089,0.989,0.0,0.0,0.0,13,-12,-15,2.68,5.22,2.45,0.998,0.045,0.024,0.022,
642,1,25355.397,-0.046,0.094,0.985,0.0,0.0,0.0,13,-12,-16,2.68,5.22,2.45,0.998,0.045,0.024,0.022,
643,1,25355.407,-0.044,0.09,0.986,0.0,0.0,0.0,12,-12,-16,2.68,5.22,2.45,0.998,0.045,0.024,0.022,
644,1,25355.417,-0.045,0.09,0.983,0.0,0.0,0.0,12,-12,-16,2.68,5.22,2.45,0.998,0.045,0.024,0.022,
645,1,25355.427,-0.049,0.094,0.983,0.0,0.0,0.0,12,-12,-15,2.68,5.22,2.45,0.998,0.045,0.024,0.022,
646,1,25355.437,-0.048,0.091,0.988,0.0,0.0,0.0,13,-12,-16,2.68,5.22,2.45,0.998,0.045,0.024,0.022,
647,1,25355.447,-0.044,0.086,0.988,0.0,0.0,0.0,13,-11,-16,2.68,5.23,2.45,0.998,0.045,0.024,0.022,
648,1,25355.457,-0.046,0.092,0.985,0.0,0.0,0.0,12,-12,-15,2.68,5.22,2.45,0.998,0.045,0.024,0.022,
649,1,25355.467,-0.048,0.094,0.984,0.0,0.0,0.0,12,-12,-15,2.68,5.22,2.45,0.998,0.045,0.024,0.022,
650,1,25355.477,-0.044,0.09,0.989,0.0,0.0,0.0,12,-11,-15,2.68,5.23,2.45,0.998,0.045,0.024,0.022,
651,1,25355.487,-0.047,0.088,0.987,0.0,0.0,0.0,12,-12,-15,2.68,5.22,2.45,0.998,0.045,0.024,0.022,
652,1,25355.497,-0.048,0.095,0.985,0.0,0.0,0.0,12,-12,-16,2.68,5.22,2.45,0.998,0.045,0.024,0.022,
653,1,25355.507,-0.045,0.088,0.984,0.0,0.0,0.0,12,-11,-15,2.68,5.22,2.45,0.998,0.045,0.024,0.022,
654,1,25355.517,-0.046,0.088,0.989,0.0,0.0,0.0,12,-12,-16,2.68,5.22,2.45,0.998,0.045,0.024,0.022,
655,1,25355.527,-0.047,0.091,0.988,0.0,0.0,0.0,12,-12,-16,2.68,5.22,2.45,0.998,0.045,0.024,0.022,
656,1,25355.537,-0.047,0.093,0.983,0.0,0.0,0.0,13,-12,-16,2.68,5.22,2.45,0.998,0.045,0.024,0.022,
657,1,25355.547,-0.047,0.089,0.982,0.0,0.0,0.0,13,-12,-16,2.68,5.22,2.45,0.998,0.045,0.024,0.022,
658,1,25355.557,-0.044,0.089,0.986,0.0,0.0,0.0,13,-11,-16,2.68,5.22,2.45,0.998,0.045,0.024,0.022,
659,1,25355.567,-0.047,0.09,0.986,0.0,0.0,0.0,13,-12,-15,2.68,5.22,2.45,0.998,0.045,0.024,0.022,
660,1,25355.577,-0.046,0.091,0.984,0.0,0.0,0.0,12,-12,-16,2.68,5.22,2.45,0.998,0.045,0.024,0.022,
661,1,25355.587,-0.046,0.092,0.986,0.0,0.0,0.0,13,-12,-16,2.68,5.22,2.45,0.998,0.045,0.024,0.022,
662,1,25355.597,-0.046,0.089,0.988,0.0,0.0,0.0,12,-12,-16,2.68,5.22,2.45,0.998,0.045,0.024,0.022,
663,1,25355.607,-0.047,0.093,0.988,0.0,0.0,0.0,12,-12,-15,2.68,5.22,2.45,0.998,0.045,0.024,0.022,
664,1,25355.617,-0.05,0.092,0.988,0.0,0.0,0.0,13,-12,-16,2.68,5.22,2.45,0.998,0.045,0.024,0.022,
665,1,25355.627,-0.044,0.091,0.985,0.0,0.0,0.0,12,-12,-16,2.68,5.22,2.45,0.998,0.045,0.024,0.022,
666,1,25355.637,-0.045,0.088,0.987,0.0,0.0,0.0,12,-12,-16,2.68,5.22,2.45,0.998,0.045,0.024,0.022,
667,1,25355.647,-0.049,0.091,0.986,0.0,0.0,0.0,13,-12,-15,2.68,5.22,2.45,0.998,0.045,0.024,0.022,
668,1,25355.657,-0.049,0.092,0.986,0.0,0.0,0.0,12,-12,-16,2.68,5.22,2.45,0.998,0.045,0.024,0.022,
669,1,25355.667,-0.046,0.091,0.987,0.0,0.0,0.0,12,-12,-15,2.68,5.22,2.45,0.998,0.045,0.024,0.022,
670,1,25355.677,-0.043,0.088,0.989,0.0,0.0,0.0,13,-12,-16,2.68,5.22,2.45,0.998,0.045,0.024,0.022,
671,1,25355.687,-0.047,0.091,0.982,0.0,0.0,0.0,13,-12,-16,2.68,5.22,2.45,0.998,0.045,0.024,0.022,
672,1,25355.697,-0.048,0.093,0.983,0.0,0.0,0.0,13,-12,-15,2.68,5.22,2.45,0.998,0.045,0.024,0.022,
673,1,25355.707,-0.045,0.089,0.988,0.0,0.0,0.0,12,-12,-16,2.68,5.22,2.45,0.998,0.045,0.024,0.022,
674,1,25355.717,-0.044,0.088,0.988,0.0,0.0,0.0,13,-12,-16,2.68,5.22,2.45,0.998,0.045,0.024,0.022,
675,1,25355.727,-0.048,0.092,0.986,0.0,0.0,0.0,12,-12,-15,2.68,5.22,2.45,0.998,0.045,0.024,0.022,
676,1,25355.737,-0.049,0.096,0.984,0.0,0.0,0.0,12,-12,-16,2.68,5.22,2.45,0.998,0.045,0.024,0.022,
677,1,25355.747,-0.045,0.088,0.986,0.0,0.0,0.0,13,-12,-16,2.68,5.22,2.45,0.998,0.045,0.024,0.022,
678,1,25355.757,-0.043,0.086,0.987,0.0,0.0,0.0,12,-12,-16,2.68,5.22,2.45,0.998,0.045,0.024,0.022,
679,1,25355.767,-0.048,0.096,0.984,0.0,0.0,0.0,13,-11,-16,2.68,5.22,2.45,0.998,0.045,0.024,0.022,
680,1,25355.777,-0.05,0.092,0.986,0.0,0.0,0.0,13,-12,-16,2.68,5.22,2.45,0.998,0.045,0.024,0.022,
681,1,25355.787,-0.045,0.091,0.99,0.0,0.0,0.0,13,-12,-15,2.68,5.22,2.45,0.998,0.045,0.024,0.022,
682,1,25355.797,-0.046,0.087,0.985,0.0,0.0,0.0,12,-12,-15,2.68,5.22,2.45,0.998,0.045,0.024,0.022,
683,1,25355.807,-0.048,0.094,0.986,0.0,0.0,0.0,12,-11,-15,2.68,5.22,2.45,0.998,0.045,0.024,0.022,
684,1,25355.817,-0.046,0.09,0.983,0.0,0.0,0.0,12,-12,-16,2.68,5.22,2.45,0.998,0.045,0.024,0.022,
685,1,25355.827,-0.043,0.087,0.988,0.0,0.0,0.0,12,-12,-15,2.68,5.22,2.45,0.998,0.045,0.024,0.022,
686,1,25355.837,-0.046,0.09,0.988,0.0,0.0,0.0,12,-11,-16,2.68,5.22,2.45,0.998,0.045,0.024,0.022,
687,1,25355.847,-0.046,0.093,0.984,0.0,0.0,0.0,12,-12,-15,2.68,5.22,2.45,0.998,0.045,0.024,0.022,
688,1,25355.857,-0.049,0.093,0.982,0.0,0.0,0.0,13,-12,-15,2.68,5.22,2.45,0.998,0.045,0.024,0.022,
689,1,25355.867,-0.047,0.09,0.989,0.0,0.0,0.0,12,-12,-15,2.68,5.22,2.45,0.998,0.045,0.024,0.022,
690,1,25355.877,-0.042,0.088,0.99,0.0,0.0,0.0,12,-12,-15,2.68,5.22,2.45,0.998,0.045,0.024,0.022,
691,1,25355.887,-0.048,0.091,0.984,0.0,0.0,0.0,13,-12,-15,2.68,5.22,2.45,0.998,0.045,0.024,0.022,
692,1,25355.897,-0.047,0.09,0.984,0.0,0.0,0.0,13,-12,-16,2.68,5.22,2.45,0.998,0.045,0.024,0.022,
693,1,25355.907,-0.045,0.087,0.989,0.0,0.0,0.0,12,-11,-16,2.68,5.22,2.45,0.998,0.045,0.024,0.022,
694,1,25355.917,-0.045,0.089,0.987,0.0,0.0,0.0,12,-12,-16,2.68,5.22,2.45,0.998,0.045,0.024,0.022,
695,1,25355.927,-0.047,0.091,0.983,0.0,0.0,0.0,12,-12,-16,2.68,5.22,2.45,0.998,0.045,0.024,0.022,
696,1,25355.937,-0.046,0.089,0.984,0.0,0.0,0.0,13,-12,-15,2.68,5.22,2.45,0.998,0.045,0.024,0.022,
697,1,25355.947,-0.043,0.087,0.988,0.0,0.0,0.0,13,-12,-16,2.68,5.22,2.45,0.998,0.045,0.024,0.022,
698,1,25355.957,-0.047,0.089,0.989,0.0,0.0,0.0,12,-12,-15,2.68,5.22,2.45,0.998,0.045,0.024,0.022,
699,1,25355.967,-0.047,0.091,0.981,0.0,0.0,0.0,13,-11,-16,2.68,5.22,2.45,0.998,0.045,0.024,0.022,
700,1,25355.977,-0.046,0.093,0.986,0.0,0.0,0.0,13,-12,-16,2.68,5.22,2.45,0.998,0.045,0.024,0.022,
701,1,25355.987,-0.046,0.087,0.99,0.0,0.0,0.0,13,-12,-15,2.68,5.22,2.45,0.998,0.045,0.024,0.022,
702,1,25355.997,-0.048,0.089,0.986,0.0,0.0,0.0,13,-11,-15,2.68,5.22,2.45,0.998,0.045,0.024,0.022,
703,1,25356.007,-0.046,0.092,0.984,0.0,0.0,0.0,12,-12,-16,2.68,5.22,2.45,0.998,0.045,0.024,0.022,
704,1,25356.017,-0.043,0.089,0.987,0.0,0.0,0.0,13,-12,-16,2.68,5.22,2.45,0.998,0.045,0.024,0.022,
705,1,25356.027,-0.046,0.087,0.983,0.0,0.0,0.0,12,-12,-16,2.68,5.22,2.45,0.998,0.045,0.024,0.022,
706,1,25356.037,-0.047,0.093,0.986,0.0,0.0,0.0,12,-12,-15,2.68,5.21,2.45,0.998,0.045,0.024,0.022,
707,1,25356.047,-0.045,0.093,0.986,0.0,0.0,0.0,12,-12,-15,2.68,5.21,2.45,0.998,0.045,0.024,0.022,
708,1,25356.057,-0.044,0.09,0.987,0.0,0.0,0.0,13,-11,-15,2.68,5.22,2.45,0.998,0.045,0.024,0.022,
709,1,25356.067,-0.047,0.09,0.985,0.0,0.0,0.0,12,-11,-16,2.68,5.22,2.45,0.998,0.045,0.024,0.022,
710,1,25356.077,-0.047,0.094,0.985,0.0,0.0,0.0,12,-12,-15,2.68,5.21,2.45,0.998,0.045,0.024,0.022,
711,1,25356.087,-0.048,0.093,0.986,0.0,0.0,0.0,12,-12,-15,2.68,5.21,2.45,0.998,0.045,0.024,0.022,
712,1,25356.097,-0.043,0.09,0.99,0.0,0.0,0.0,12,-12,-15,2.68,5.22,2.45,0.998,0.045,0.024,0.022,
713,1,25356.107,-0.046,0.089,0.985,0.0,0.0,0.0,12,-12,-15,2.68,5.21,2.45,0.998,0.045,0.024,0.022,
714,1,25356.117,-0.046,0.088,0.987,0.0,0.0,0.0,12,-12,-16,2.68,5.21,2.45,0.998,0.045,0.024,0.022,
715,1,25356.127,-0.05,0.09,0.984,0.0,0.0,0.0,12,-12,-15,2.68,5.21,2.45,0.998,0.045,0.024,0.022,
716,1,25356.137,-0.045,0.09,0.985,0.0,0.0,0.0,13,-12,-16,2.68,5.22,2.45,0.998,0.045,0.024,0.022,
717,1,25356.147,-0.046,0.09,0.984,0.0,0.0,0.0,12,-12,-15,2.68,5.22,2.45,0.998,0.045,0.024,0.022,
718,1,25356.157,-0.047,0.089,0.985,0.0,0.0,0.0,13,-11,-15,2.68,5.21,2.45,0.998,0.045,0.024,0.022,
719,1,25356.167,-0.048,0.093,0.983,0.0,0.0,0.0,12,-12,-16,2.68,5.21,2.45,0.998,0.045,0.024,0.022,
720,1,25356.177,-0.045,0.089,0.987,0.0,0.0,0.0,12,-12,-16,2.68,5.21,2.45,0.998,0.045,0.024,0.022,
721,1,25356.187,-0.046,0.088,0.987,0.0,0.0,0.0,12,-12,-16,2.68,5.21,2.45,0.998,0.045,0.024,0.022,
722,1,25356.197,-0.047,0.093,0.984,0.0,0.0,0.0,12,-12,-15,2.68,5.21,2.45,0.998,0.045,0.024,0.022,
723,1,25356.207,-0.048,0.089,0.983,0.0,0.0,0.0,12,-12,-15,2.68,5.21,2.45,0.998,0.045,0.024,0.022,
724,1,25356.217,-0.047,0.088,0.987,0.0,0.0,0.0,12,-12,-15,2.68,5.21,2.45,0.998,0.045,0.024,0.022,
725,1,25356.227,-0.046,0.09,0.984,0.0,0.0,0.0,12,-12,-15,2.68,5.21,2.45,0.998,0.045,0.024,0.022,
726,1,25356.237,-0.047,0.092,0.984,0.0,0.0,0.0,13,-11,-16,2.68,5.21,2.45,0.998,0.045,0.024,0.022,
727,1,25356.247,-0.045,0.09,0.986,0.0,0.0,0.0,12,-12,-16,2.68,5.21,2.45,0.998,0.045,0.024,0.022,
728,1,25356.257,-0.049,0.09,0.987,0.0,0.0,0.0,12,-12,-16,2.68,5.21,2.45,0.998,0.045,0.024,0.022,
