Timestamp,Time,Distance,Speed,Mode,Velocity,X,Y,Z
19:35:05,0.815,1208.651,1000,0,0,353.426,-299.669,-308.575
19:35:05,0.89,1214.904,1000,0,0,353.426,-299.669,-308.575
19:35:05,0.933,1214.904,1000,0,0,353.426,-299.669,-308.575
19:35:05,0.973,1214.904,1000,0,0,353.426,-299.669,-308.575
19:35:05,1.016,1200.464,1000,0,0,353.426,-299.669,-308.575
19:35:05,1.055,1200.464,1000,0,0,353.426,-299.669,-308.575
19:35:05,1.094,1200.464,1000,0,0,353.426,-299.669,-308.575
19:35:05,1.14,1200.464,1000,0,0,353.426,-299.669,-308.575
19:35:05,1.183,1214.904,1000,0,0,353.426,-299.669,-308.575
19:35:05,1.226,1200.464,1000,0,0,353.426,-299.669,-308.575
19:35:05,1.272,1200.464,1000,0,0,353.426,-299.669,-308.575
19:35:05,1.315,1201.184,1000,0,0,353.426,-299.669,-308.575
19:35:05,1.354,1200.464,1000,0,0,353.426,-299.669,-308.575
19:35:05,1.393,1200.464,1000,0,0,353.426,-299.669,-308.575
19:35:05,1.431,1186.134,1000,0,0,353.426,-299.669,-308.575
19:35:05,1.471,1171.884,1000,0,0,353.426,-299.669,-308.575
19:35:05,1.527,1186.134,1000,0,0,353.426,-299.669,-308.575
19:35:05,1.594,1171.884,1000,0,0,353.426,-299.669,-308.575
19:35:05,1.638,1171.884,1000,0,0,353.426,-299.669,-308.575
19:35:05,1.684,1171.884,1000,0,0,353.426,-299.669,-308.575
19:35:05,1.725,1171.884,1000,0,0,353.426,-299.669,-308.575
19:35:05,1.763,1171.884,1000,0,0,353.426,-299.669,-308.575
19:35:05,1.811,1171.884,1000,0,0,353.426,-299.669,-308.575
19:35:05,1.852,1171.884,1000,0,0,353.426,-299.669,-308.575
19:35:05,1.893,1171.884,1000,0,0,353.426,-299.669,-308.575
19:35:05,1.933,1186.134,1000,0,0,353.426,-299.669,-308.575
19:35:05,1.977,1186.134,1000,0,0,353.426,-299.669,-308.575
19:35:05,2.017,1171.884,1000,0,0,353.426,-299.669,-308.575
19:35:05,2.056,1171.884,1000,0,0,353.426,-299.669,-308.575
19:35:05,2.103,1171.884,1000,0,0,353.426,-299.669,-308.575
19:35:05,2.153,1171.884,1000,0,0,353.426,-299.669,-308.575
19:35:05,2.198,1171.884,1000,0,0,353.426,-299.669,-308.575
19:35:05,2.243,1171.884,1000,0,0,353.426,-299.669,-308.575
19:35:05,2.286,1171.884,1000,0,0,353.426,-299.669,-308.575
19:35:05,2.331,1171.884,1000,0,0,353.426,-299.669,-308.575
19:35:05,2.368,1171.884,1000,0,0,353.426,-299.669,-308.575
19:35:05,2.407,1171.884,1000,0,0,353.426,-299.669,-308.575
19:35:05,2.447,1171.884,1000,0,0,353.426,-299.669,-308.575
19:35:05,2.49,1186.134,1000,0,0,353.426,-299.669,-308.575
19:35:05,2.534,1186.134,1000,0,0,353.426,-299.669,-308.575
19:35:05,2.578,1186.134,1000,0,0,353.426,-299.669,-308.575
19:35:05,2.618,1200.464,1000,0,0,353.426,-299.669,-308.575
19:35:05,2.661,1200.464,1000,0,0,353.426,-299.669,-308.575
19:35:05,2.7,1200.464,1000,0,0,353.426,-299.669,-308.575
19:35:05,2.76,1214.904,1000,0,0,353.426,-299.669,-308.575
19:35:05,2.799,1214.904,1000,0,0,353.426,-299.669,-308.575
19:35:05,2.84,1200.464,1000,0,0,353.426,-299.669,-308.575
19:35:05,2.877,1200.464,1000,0,0,353.426,-299.669,-308.575
19:35:05,2.919,1214.904,1000,0,0,353.426,-299.669,-308.575
19:35:05,2.96,1200.464,1000,0,0,353.426,-299.669,-308.575
19:35:05,2.998,1214.904,1000,0,0,353.426,-299.669,-308.575
19:35:05,3.04,1200.464,1000,0,0,353.426,-299.669,-308.575
19:35:05,3.082,1200.464,1000,0,0,353.426,-299.669,-308.575
19:35:05,3.122,1200.48,1000,0,0,353.41,-299.666,-308.573
19:35:05,4.053,1200.48,1000,0,0.012,353.41,-299.689,-308.57
19:35:05,4.106,1185.682,1000,0,0.012,353.878,-295.355,-308.453
19:35:05,4.144,1199.259,1000,0,0.012,354.631,-289.98,-308.253
19:35:05,4.187,1198.028,1000,0,0.012,355.862,-274.26,-309.894
19:35:05,4.225,1182.201,1000,0,0.012,356.519,-261.364,-309.65
19:35:05,4.267,1196.34,1000,0,0.012,356.7,-244.173,-309.465
19:35:05,4.313,1196.915,1000,0,0.012,356.125,-228.715,-309.424
19:35:05,4.363,1196.82,1000,0,0.012,355.24,-216.584,-309.486
19:35:05,4.404,1184.048,1000,0,0.012,354.672,-210.377,-309.545
19:35:05,4.444,1184.251,1000,0,0.012,354.469,-208.161,-309.566
19:35:05,4.486,1184.251,1000,0,0.012,354.469,-208.161,-309.566
19:35:05,4.524,1184.251,1000,0,0.012,354.469,-208.161,-309.566
19:35:05,4.562,1184.246,1000,0,171.855,354.474,-208.209,-309.563
19:35:05,4.632,1183.833,1000,0,171.855,354.887,-206.987,-309.518
19:35:05,4.675,1182.633,1000,0,171.855,356.087,-196.131,-309.383
19:35:05,4.715,1181.519,1000,0,171.855,357.201,-186.926,-309.249
19:35:05,4.757,1180.738,1000,0,171.855,357.982,-175.653,-309.145
19:35:05,4.797,1180.264,1000,0,171.855,358.456,-164.283,-309.078
19:35:05,4.844,1180.145,1000,0,171.855,358.575,-151.959,-309.029
19:35:05,4.892,1180.414,1000,0,171.855,358.306,-140.341,-309.029
19:35:05,4.931,1181.057,1000,0,171.855,357.663,-129.62,-309.068
19:35:05,4.972,1181.942,1000,0,171.855,356.778,-119.728,-309.136
19:35:05,5.015,1182.869,1000,0,171.855,355.851,-111.718,-309.213
19:35:05,5.051,1184.208,1000,0,171.855,354.512,-101.088,-309.33
19:35:05,5.095,1185.223,1000,0,209.145,353.497,-95.179,-309.424
19:35:05,5.143,1199.607,1000,0,209.145,353.433,-95.524,-309.427
19:35:05,5.182,1199.607,1000,0,209.145,353.433,-95.524,-309.427
19:35:05,5.236,1199.575,1000,0,209.145,353.465,-95.71,-309.426
19:35:05,5.285,1199.093,1000,0,209.145,353.947,-92.986,-309.424
19:35:05,5.34,1197.781,1000,0,209.145,355.259,-81.471,-309.411
19:35:05,5.379,1196.875,1000,0,209.145,356.165,-72.656,-309.404
19:35:05,5.42,1196.215,1000,0,209.145,356.825,-63.832,-309.398
19:35:05,5.459,1195.774,1000,0,209.145,357.266,-53.905,-309.394
19:35:05,5.5,1195.617,1000,0,209.145,357.423,-43.037,-309.392
19:35:05,5.542,1195.699,1000,0,209.145,357.341,-34.138,-309.393
19:35:05,5.582,1196.876,1000,0,209.145,357.014,-25.197,-309.396
19:35:05,5.625,1197.637,1000,0,149.253,356.253,-14.915,-309.403
19:35:05,5.689,1198.895,1000,0,149.253,354.995,-1.434,-309.414
19:35:05,5.733,1199.898,1000,0,149.253,353.992,7.137,-309.425
19:35:05,5.777,1186.096,1000,0,149.253,353.464,10.725,-309.43
19:35:05,5.813,1186.128,1000,0,149.253,353.432,10.876,-309.429
19:35:05,5.859,1186.125,1000,0,149.253,353.435,10.914,-309.429
19:35:05,5.91,1171.562,1000,0,149.253,353.748,13.097,-309.424
19:35:05,5.948,1184.987,1000,0,149.253,354.573,19.436,-309.412
19:35:05,5.99,1184.111,1000,0,149.253,355.449,27.791,-309.399
19:35:05,6.035,1169.036,1000,0,149.253,356.274,38.846,-309.386
19:35:05,6.085,1167.829,1000,0,149.253,356.661,47.481,-309.381
19:35:05,6.124,1167.652,1000,0,149.253,356.838,57.108,-309.381
19:35:05,6.177,1166.854,1000,0,148.777,356.696,68.633,-309.383
19:35:05,6.221,1153.08,1000,0,148.777,356.33,77.612,-309.388
19:35:05,6.26,1167.825,1000,0,148.777,355.725,86.675,-309.396
19:35:05,6.302,1168.653,1000,0,148.777,354.897,95.82,-309.408
19:35:05,6.346,1169.785,1000,0,148.777,353.765,105.609,-309.427
19:35:05,6.409,1170.111,1000,0,148.777,353.439,108.074,-309.431
19:35:05,6.468,1170.111,1000,0,148.777,353.439,108.074,-309.431
19:35:05,6.513,1170.101,1000,0,148.777,353.449,108.095,-309.433
19:35:05,6.572,1169.987,1000,0,148.777,353.563,108.545,-309.43
19:35:05,6.611,1169.651,1000,0,148.777,353.899,109.948,-309.418
19:35:05,6.657,1169.048,1000,0,148.777,354.502,112.568,-309.402
19:35:05,6.704,1168.359,1000,0,98.214,355.191,115.921,-309.381
19:35:05,6.753,1153.82,1000,0,98.214,355.59,118.013,-309.372
19:35:05,6.794,1153.232,1000,0,98.214,356.178,121.454,-309.359
19:35:05,6.843,1152.826,1000,0,98.214,356.584,124.127,-309.35
19:35:05,6.884,1166.608,1000,0,98.214,356.942,126.838,-309.338
19:35:05,6.925,1166.273,1000,0,98.214,357.277,129.575,-309.332
19:35:05,6.962,1165.967,1000,0,98.214,357.583,132.621,-309.326
19:35:05,7.005,1165.73,1000,0,98.214,357.82,135.426,-309.321
19:35:05,7.045,1165.521,1000,0,98.214,358.029,138.255,-309.314
19:35:05,7.082,1165.363,1000,0,98.214,358.187,141.12,-309.311
19:35:05,7.125,1165.231,1000,0,98.214,358.319,144.299,-309.308
19:35:05,7.165,1179.362,1000,0,98.214,358.398,147.224,-309.307
19:35:05,7.203,1179.325,1000,0,98.214,358.435,149.295,-309.306
19:35:05,7.242,1165.107,1000,0,69.078,358.443,152.571,-309.302
19:35:05,7.282,1165.133,1000,0,69.078,358.417,155.576,-309.303
19:35:05,7.324,1179.401,1000,0,69.078,358.359,158.627,-309.304
19:35:05,7.372,1179.588,1000,0,69.078,358.172,163.554,-309.304
19:35:05,7.429,1179.78,1000,0,69.078,357.98,167.305,-309.309
19:35:05,7.474,1165.8,1000,0,69.078,357.75,170.781,-309.313
19:35:05,7.516,1166.043,1000,0,69.078,357.507,173.967,-309.319
19:35:05,7.554,1166.319,1000,0,69.078,357.231,177.195,-309.322
19:35:05,7.594,1166.574,1000,0,69.078,356.976,179.791,-309.327
19:35:05,7.635,1166.907,1000,0,69.078,356.643,183.066,-309.337
19:35:05,7.677,1167.411,1000,0,69.078,356.139,187.368,-309.35
19:35:05,7.721,1167.968,1000,0,69.078,355.582,191.723,-309.362
19:35:05,7.774,1168.433,1000,0,80.006,355.117,195.104,-309.376
19:35:05,7.813,1183.135,1000,0,80.006,354.625,198.521,-309.393
19:35:05,7.854,1169.486,1000,0,80.006,354.064,202.121,-309.41
19:35:05,7.894,1169.864,1000,0,80.006,353.686,204.508,-309.423
19:35:05,7.934,1181.985,1000,0,80.006,353.455,205.845,-309.427
19:35:05,7.976,1167.836,1000,0,80.006,353.424,206.064,-309.431
19:35:05,8.029,1167.84,1000,0,80.006,353.42,206.068,-309.431
19:35:05,8.076,1167.791,1000,0,80.006,353.469,206.26,-309.426
19:35:05,8.146,1167.229,1000,0,80.006,354.031,208.57,-309.393
19:35:05,8.184,1167.347,1000,0,80.006,355.123,213.503,-309.326
19:35:05,8.235,1151.909,1000,0,80.006,356.451,220.809,-309.247
19:35:05,8.276,1165.007,1000,0,62.207,357.463,228.246,-309.192
19:35:05,8.336,1164.34,1000,0,62.207,358.13,235.246,-309.156
19:35:05,8.377,1164.043,1000,0,62.207,358.427,239.974,-309.139
19:35:05,8.42,1163.838,1000,0,62.207,358.632,245.966,-309.132
19:35:05,8.459,1163.835,1000,0,62.207,358.635,252.655,-309.129
19:35:05,8.501,1149.91,1000,0,62.207,358.45,258.826,-309.138
19:35:05,8.549,1164.639,1000,0,62.207,357.831,268.242,-309.172
19:35:05,8.598,1165.354,1000,0,62.207,357.116,275.288,-309.215
19:35:05,8.647,1166.391,1000,0,62.207,356.079,283.077,-309.273
19:35:05,8.691,1167.562,1000,0,62.207,354.908,290.348,-309.343
19:35:05,8.73,1168.588,1000,0,62.207,353.882,295.837,-309.4
19:35:05,8.776,1169.045,1000,0,62.207,353.425,298.072,-309.426
19:35:05,8.833,1169.045,1000,0,134.032,353.425,298.072,-309.426
19:35:05,8.877,1169.045,1000,0,134.032,353.425,298.072,-309.426
19:35:05,8.922,1169.039,1000,0,134.032,353.431,298.037,-309.426
19:35:05,8.98,1168.673,1000,0,134.032,353.797,296.19,-309.406
19:35:05,9.023,1153.591,1000,0,134.032,354.769,290.927,-309.348
19:35:05,9.073,1166.335,1000,0,134.032,356.135,282.254,-309.266
19:35:05,9.114,1165.489,1000,0,134.032,356.981,275.682,-309.218
19:35:05,9.158,1164.685,1000,0,134.032,357.785,267.268,-309.169
19:35:05,9.205,1150.129,1000,0,134.032,358.231,260.284,-309.149
19:35:05,9.255,1149.91,1000,0,134.032,358.45,252.151,-309.133
19:35:05,9.322,1165.258,1000,0,134.032,358.292,242.361,-309.139
19:35:05,9.364,1166.584,1000,0,110.143,357.906,235.754,-309.163
19:35:05,9.409,1180.54,1000,0,110.143,357.22,228.669,-309.2
19:35:05,9.454,1167.198,1000,0,110.143,356.352,222.278,-309.249
19:35:05,9.497,1167.102,1000,0,110.143,355.368,216.558,-309.306
19:35:05,9.538,1168.208,1000,0,110.143,354.262,211.192,-309.378
19:35:05,9.582,1183.119,1000,0,110.143,353.551,208.161,-309.421
19:35:05,9.62,1183.235,1000,0,110.143,353.435,207.683,-309.431
19:35:05,9.662,1184.324,1000,0,110.143,353.436,207.683,-309.431
19:35:05,9.715,1184.251,1000,0,110.143,353.509,207.237,-309.427
19:35:05,9.759,1169.785,1000,0,110.143,353.765,205.75,-309.418
19:35:05,9.796,1169.356,1000,0,110.143,354.194,203.145,-309.406
19:35:05,9.836,1169.876,1000,0,110.143,354.614,200.477,-309.391
19:35:05,9.877,1183.44,1000,0,79.569,355.28,196.007,-309.371
19:35:05,9.941,1168.506,1000,0,79.569,355.984,190.915,-309.352
19:35:05,9.992,1167.954,1000,0,79.569,356.536,186.558,-309.339
19:35:05,10.036,1167.471,1000,0,79.569,357.019,182.246,-309.328
19:35:05,10.087,1167.143,1000,0,79.569,357.347,178.962,-309.318
19:35:05,10.126,1166.84,1000,0,79.569,357.65,175.72,-309.313
19:35:05,10.166,1166.579,1000,0,79.569,357.911,172.494,-309.309
19:35:05,10.209,1166.35,1000,0,79.569,358.14,169.307,-309.303
19:35:05,10.25,1166.143,1000,0,79.569,358.347,165.833,-309.301
19:35:05,10.289,1165.999,1000,0,79.569,358.491,162.711,-309.299
19:35:05,10.339,1165.885,1000,0,79.569,358.605,159.619,-309.296
19:35:05,10.378,1165.799,1000,0,79.569,358.691,155.641,-309.295
19:35:05,10.429,1165.773,1000,0,80.903,358.717,152.315,-309.297
19:35:05,10.47,1165.791,1000,0,80.903,358.699,149.332,-309.295
19:35:05,10.511,1165.848,1000,0,80.903,358.642,146.367,-309.298
19:35:05,10.549,1165.946,1000,0,80.903,358.544,143.151,-309.303
19:35:05,10.597,1152.037,1000,0,80.903,358.313,138.823,-309.308
19:35:05,10.648,1152.233,1000,0,80.903,358.117,135.975,-309.31
19:35:05,10.692,1152.474,1000,0,80.903,357.876,133.156,-309.316
19:35:05,10.732,1151.752,1000,0,80.903,357.658,130.923,-309.323
19:35:05,10.771,1152.061,1000,0,80.903,357.349,128.16,-309.328
19:35:05,10.809,1152.45,1000,0,80.903,356.96,125.158,-309.338
19:35:05,10.851,1152.846,1000,0,80.903,356.564,122.451,-309.348
19:35:05,10.888,1153.283,1000,0,80.903,356.127,119.785,-309.356
19:35:05,10.945,1153.116,1000,0,72.143,355.244,115.048,-309.378
19:35:05,11,1153.73,1000,0,72.143,354.63,112.208,-309.395
19:35:05,11.04,1154.281,1000,0,72.143,354.079,109.85,-309.412
19:35:05,11.081,1154.681,1000,0,72.143,353.679,108.227,-309.423
19:35:05,11.125,1155.921,1000,0,72.143,353.489,107.466,-309.428
19:35:05,11.161,1170.11,1000,0,72.143,353.44,107.282,-309.43
19:35:05,11.202,1170.105,1000,0,72.143,353.445,107.268,-309.43
19:35:05,11.256,1169.816,1000,0,72.143,353.734,105.182,-309.427
19:35:05,11.296,1168.832,1000,0,72.143,354.718,97.435,-309.413
19:35:05,11.336,1167.848,1000,0,72.143,355.702,87.957,-309.399
19:35:05,11.379,1167.109,1000,0,72.143,356.441,78.528,-309.392
19:35:05,11.418,1166.626,1000,0,72.143,356.924,69.184,-309.383
19:35:05,11.461,1165.283,1000,0,105.839,357.187,57.177,-309.379
19:35:05,11.52,1166.502,1000,0,105.839,357.048,45.332,-309.38
19:35:05,11.563,1166.882,1000,0,105.839,356.668,36.346,-309.386
19:35:05,11.603,1167.57,1000,0,105.839,355.98,26.594,-309.394
19:35:05,11.672,1168.94,1000,0,105.839,354.61,13.58,-309.413
19:35:05,11.715,1169.962,1000,0,105.839,353.588,6.265,-309.424
19:35:05,11.762,1170.11,1000,0,105.839,353.44,5.277,-309.426
19:35:05,11.813,1170.11,1000,0,105.839,353.44,5.277,-309.426
19:35:05,11.853,1184.309,1000,0,105.839,353.451,5.233,-309.427
19:35:05,11.905,1169.756,1000,0,105.839,353.794,2.934,-309.423
19:35:05,11.945,1183.041,1000,0,105.839,354.719,-4.228,-309.413
19:35:05,11.984,1180.929,1000,0,138.703,355.741,-13.331,-309.402
19:35:05,12.028,1166.088,1000,0,138.703,356.382,-20.146,-309.393
19:35:05,12.065,1151.367,1000,0,138.703,356.993,-29.119,-309.388
19:35:05,12.105,1165.092,1000,0,138.703,357.378,-39.13,-309.385
19:35:05,12.146,1164.982,1000,0,138.703,357.488,-48.002,-309.385
19:35:05,12.187,1166.191,1000,0,138.703,357.359,-58.837,-309.388
19:35:05,12.226,1166.561,1000,0,138.703,356.989,-67.642,-309.393
19:35:05,12.265,1167.247,1000,0,138.703,356.303,-77.499,-309.399
19:35:05,12.307,1168.128,1000,0,138.703,355.422,-86.265,-309.41
19:35:05,12.346,1169.181,1000,0,138.703,354.369,-95.65,-309.423
19:35:05,12.389,1155.69,1000,0,138.703,353.72,-100.993,-309.431
19:35:05,12.427,1155.787,1000,0,138.703,353.623,-100.327,-309.432
19:35:05,12.468,1141.767,1000,0,138.703,353.623,-100.327,-309.432
19:35:05,12.512,1141.759,1000,1,169.89,353.631,-100.28,-309.433
19:35:05,12.584,1141.356,1000,1,169.89,354.034,-103.746,-309.391
19:35:05,12.624,1141.188,1000,1,169.89,355.112,-110.298,-309.291
19:35:05,12.665,1140,1000,1,169.89,356.3,-120.302,-309.186
19:35:05,12.708,1139.021,1000,1,169.89,357.279,-131.118,-309.103
19:35:05,12.748,1152.492,1000,1,169.89,357.858,-142.813,-309.067
19:35:05,12.789,1124.194,1000,1,169.89,358.146,-152.384,-309.061
19:35:05,12.833,1124.226,1000,1,169.89,358.114,-163.852,-309.087
19:35:05,12.874,1110.753,1000,1,169.89,357.727,-174.151,-309.155
19:35:05,12.913,1111.439,1000,1,169.89,357.041,-185.416,-309.253
19:35:05,12.953,1098.68,1000,1,169.89,356.03,-196.617,-309.379
19:35:05,12.993,1099.559,1000,1,169.89,355.151,-203.17,-309.487
19:35:05,13.031,1100.234,1000,1,203.942,354.476,-208.23,-309.564
19:35:05,13.087,1114.012,1000,1,203.942,354.468,-208.164,-309.564
19:35:05,13.134,1100.242,1000,1,203.942,354.468,-208.164,-309.564
19:35:05,13.173,1086.562,1000,1,203.942,354.468,-208.164,-309.564
19:35:05,13.225,1087.907,1000,1,203.942,354.503,-208.379,-309.561
19:35:05,13.279,1073.757,1000,1,203.942,355.043,-204.18,-309.5
19:35:05,13.32,1058.995,1000,1,203.942,356.285,-194.253,-309.352
19:35:05,13.361,1057.965,1000,1,203.942,357.315,-183.032,-309.224
19:35:05,13.402,1057.258,1000,1,203.942,358.022,-173.732,-309.131
19:35:05,13.441,1070.395,1000,1,203.942,358.405,-162.349,-309.064
19:35:05,13.482,1070.312,1000,1,203.942,358.488,-154.767,-309.035
19:35:05,13.522,1043.526,1000,1,203.942,358.324,-143.198,-309.027
19:35:05,13.561,1057.487,1000,1,132.55,357.793,-132.538,-309.056
19:35:05,13.601,1045.355,1000,1,132.55,356.995,-122.723,-309.113
19:35:05,13.641,1046.435,1000,1,132.55,355.915,-112.768,-309.205
19:35:05,13.685,1021.159,1000,1,132.55,354.601,-102.352,-309.319
19:35:05,13.723,1035.391,1000,1,132.55,353.609,-96.543,-309.413
19:35:05,13.761,1022.327,1000,1,132.55,353.433,-95.524,-309.427
19:35:05,13.802,996.097,1000,1,132.55,353.433,-95.524,-309.427
19:35:05,13.845,1009.166,1000,1,132.55,353.434,-95.569,-309.427
19:35:05,13.897,982.31,1000,1,132.55,353.79,-93.958,-309.425
19:35:05,13.948,955.842,1000,1,132.55,355.058,-83.632,-309.413
19:35:05,13.999,929.359,1000,1,132.55,356.231,-71.577,-309.402
19:35:05,14.042,916.209,1000,1,132.55,356.871,-62.749,-309.397
19:35:05,14.084,854.244,922,1,155.525,357.266,-53.905,-309.394
19:35:05,14.122,794.277,699,1,155.525,357.423,-43.037,-309.392
19:35:05,14.161,749.046,532,1,155.525,357.314,-33.045,-309.393
19:35:05,14.202,715.671,408,1,155.525,357.099,-27.39,-309.395
19:35:05,14.245,685.045,295,1,155.525,356.525,-17.318,-309.4
19:35:05,14.284,622.935,266,1,155.525,355.765,-8.294,-309.407
19:35:05,14.327,614.414,266,1,155.525,354.776,1.201,-309.416
19:35:05,14.367,606.472,266,1,155.525,353.838,8.197,-309.426
19:35:05,14.411,578.018,266,1,155.525,353.432,10.876,-309.429
19:35:05,14.453,549.478,266,1,155.525,353.432,10.876,-309.429
19:35:05,14.502,522.046,266,1,155.525,353.434,10.923,-309.429
19:35:05,14.555,512.926,266,1,155.525,353.554,11.714,-309.426
19:35:05,14.598,494.818,266,1,135.849,353.812,13.57,-309.422
19:35:05,14.637,458.135,266,1,135.849,354.053,15.322,-309.42
19:35:05,14.679,437.342,266,1,135.849,354.332,17.521,-309.415
19:35:05,14.718,433.24,266,1,135.849,354.63,19.949,-309.41
19:35:05,14.763,386.665,266,1,135.849,354.955,22.83,-309.405
19:35:05,14.807,335.848,154,1,135.849,355.182,25.057,-309.404
19:35:05,14.847,276.677,0,1,135.849,355.463,27.964,-309.4
19:35:05,14.898,209.338,0,1,135.849,355.662,30.211,-309.397
19:35:05,14.952,164.392,0,1,135.849,355.898,33.148,-309.394
19:35:05,14.996,152.108,0,1,135.849,356.112,36.093,-309.391
19:35:05,15.041,131.313,0,1,135.849,356.247,38.368,-309.389
19:35:05,15.083,106.413,0,1,135.849,356.377,40.654,-309.387
19:35:05,15.122,102.05,0,1,56.292,356.5,43.179,-309.384
19:35:05,15.164,83.783,0,1,56.292,356.597,45.48,-309.382
19:35:05,15.206,80.648,0,1,56.292,356.682,47.791,-309.385
19:35:05,15.247,76.977,0,1,56.292,356.753,50.337,-309.382
19:35:05,15.287,76.468,0,1,56.292,356.792,52.661,-309.381
19:35:05,15.326,77.236,0,1,56.292,356.814,54.292,-309.38
19:35:05,15.365,78.171,0,1,56.292,356.839,56.866,-309.382
19:35:05,15.409,78.766,0,1,56.292,356.844,59.212,-309.382
19:35:05,15.448,81.186,0,1,56.292,356.834,61.564,-309.382
19:35:05,15.488,78.173,0,1,56.292,356.797,63.922,-309.382
19:35:05,15.527,77.712,0,1,56.292,356.748,66.523,-309.381
19:35:05,15.568,77.862,0,1,56.292,356.688,68.896,-309.382
19:35:05,15.607,77.138,0,1,56.292,356.612,71.276,-309.383
19:35:05,15.647,76.757,0,1,58.183,356.523,73.664,-309.388
19:35:05,15.685,76.809,0,1,58.183,356.401,76.294,-309.388
19:35:05,15.728,76.905,0,1,58.183,356.265,78.691,-309.389
19:35:05,15.771,77.174,0,1,58.183,356.156,80.616,-309.393
19:35:05,15.806,77.52,0,1,58.183,356,83.026,-309.395
19:35:05,15.849,79.502,0,1,58.183,355.828,85.443,-309.397
19:35:05,15.886,83.891,0,1,58.183,355.639,87.865,-309.4
19:35:05,15.929,87.77,0,1,58.183,355.41,90.538,-309.401
19:35:05,15.978,94.208,0,1,58.183,355.132,93.458,-309.406
19:35:05,16.023,99.914,0,1,58.183,354.816,96.627,-309.411
19:35:05,16.068,111.048,0,1,58.183,354.522,99.321,-309.413
19:35:05,16.11,120.849,0,1,58.183,354.241,101.769,-309.417
19:35:05,16.149,130.024,0,1,60.847,353.776,105.454,-309.424
19:35:05,16.213,154.423,0,1,60.847,353.507,107.498,-309.427
19:35:05,16.252,186.098,0,1,60.847,353.432,108.066,-309.431
19:35:05,16.293,195.031,0,1,60.847,353.439,108.074,-309.431
19:35:05,16.337,215.591,0,1,60.847,353.439,108.074,-309.431
19:35:05,16.375,253.361,0,1,60.847,353.439,108.074,-309.431
19:35:05,16.415,251.081,0,1,60.847,353.439,108.074,-309.431
19:35:05,16.461,257.481,0,1,60.847,353.439,108.074,-309.431
19:35:05,16.507,261.161,0,1,60.847,353.439,108.074,-309.431
19:35:05,16.548,261.721,0,1,60.847,353.439,108.074,-309.431
19:35:05,16.587,310.701,0,1,60.847,353.439,108.074,-309.431
19:35:05,16.627,372.251,266,1,60.847,353.439,108.074,-309.431
19:35:05,16.673,371.81,266,1,7.234,353.47,107.884,-309.433
19:35:05,16.746,322.503,43,1,7.234,353.647,106.581,-309.428
19:35:05,16.803,329.082,98,1,7.234,354.178,102.7,-309.421
19:35:05,16.857,335.547,152,1,7.234,354.553,99.669,-309.415
19:35:05,16.907,378.535,266,1,7.234,354.935,96.396,-309.41
19:35:05,16.947,377.881,266,1,7.234,355.209,93.886,-309.408
19:35:05,16.987,377.98,266,1,7.234,355.49,91.125,-309.402
19:35:05,17.03,408.263,266,1,7.234,355.737,88.629,-309.401
19:35:05,17.068,448.686,266,1,7.234,355.954,86.132,-309.398
19:35:05,17.109,491.109,266,1,7.234,356.111,84.138,-309.394
19:35:05,17.162,526.547,266,1,7.234,356.393,80.416,-309.394
19:35:05,17.209,563.496,266,1,58.305,356.644,76.457,-309.387
19:35:05,17.271,622.364,266,1,58.305,356.816,73.245,-309.386
19:35:05,17.327,642.506,266,1,58.305,356.954,70.052,-309.384
19:35:05,17.372,673.955,266,1,58.305,357.055,67.605,-309.384
19:35:05,17.412,716.67,412,1,58.305,357.13,65.158,-309.384
19:35:05,17.45,727.956,454,1,58.305,357.184,62.721,-309.38
19:35:05,17.493,761.271,577,1,58.305,357.229,60.044,-309.381
19:35:05,17.53,783.956,661,1,58.305,357.244,58.35,-309.378
19:35:05,17.571,783.944,661,1,58.305,357.256,55.686,-309.38
19:35:05,17.611,807.393,748,1,58.305,357.247,53.277,-309.381
19:35:05,17.651,807.71,749,1,58.305,357.22,50.87,-309.378
19:35:05,17.697,819.673,793,1,58.305,357.157,47.758,-309.379
19:35:05,17.742,843.596,882,1,61.038,357.054,43.943,-309.381
19:35:05,17.814,843.711,883,1,61.038,356.939,41.097,-309.381
19:35:05,17.852,867.861,1000,1,61.038,356.819,38.492,-309.385
19:35:05,17.892,880.091,1000,1,61.038,356.689,36.137,-309.383
19:35:05,17.932,904.781,1000,1,61.038,356.579,34.256,-309.387
19:35:05,17.986,942.439,1000,1,61.038,356.341,30.749,-309.389
19:35:05,18.051,981.108,1000,1,61.038,356.062,27.257,-309.392
19:35:05,18.092,1007.592,1000,1,61.038,355.798,24.25,-309.396
19:35:05,18.142,994.736,1000,1,61.038,355.574,21.942,-309.4
19:35:05,18.183,1007.924,1000,1,61.038,355.306,19.417,-309.402
19:35:05,18.227,1061.212,1000,1,61.038,354.968,16.446,-309.407
19:35:05,18.272,1088.239,1000,1,58.6,354.691,14.168,-309.412
19:35:05,18.323,1088.015,1000,1,58.6,354.395,11.904,-309.413
19:35:05,18.363,1101.399,1000,1,58.6,354.061,9.421,-309.42
19:35:05,18.407,1113.928,1000,1,58.6,353.652,6.633,-309.424
19:35:05,18.452,1086.675,1000,1,58.6,353.475,5.458,-309.428
19:35:05,18.493,1086.71,1000,1,58.6,353.44,5.277,-309.426
19:35:05,18.531,1100.39,1000,1,58.6,353.44,5.277,-309.426
19:35:05,18.573,1086.699,1000,1,58.6,353.451,5.233,-309.427
19:35:05,18.628,1100.916,1000,1,58.6,353.794,2.934,-309.423
19:35:05,18.669,1100.741,1000,1,58.6,354.719,-4.228,-309.413
19:35:05,18.71,1114.159,1000,1,58.6,355.741,-13.331,-309.402
19:35:05,18.749,1113.85,1000,1,58.6,356.59,-23.444,-309.39
19:35:05,18.792,1127.777,1000,1,85.443,356.993,-29.119,-309.388
19:35:05,18.83,1141.697,1000,1,85.443,357.363,-38.038,-309.385
19:35:05,18.874,1155.362,1000,1,85.443,357.488,-48.002,-309.385
19:35:05,18.916,1155.889,1000,1,85.443,357.271,-60.085,-309.387
19:35:05,18.962,1170.691,1000,1,85.443,356.649,-72.112,-309.395
19:35:05,19.011,1157.269,1000,1,85.443,355.891,-82.886,-309.404
19:35:05,19.057,1158.584,1000,1,85.443,354.576,-93.142,-309.421
19:35:05,19.107,1173.646,1000,1,85.443,353.694,-100.783,-309.433
19:35:05,19.153,1159.227,1000,1,85.443,353.623,-100.327,-309.432
19:35:05,19.195,1159.227,1000,2,85.443,353.623,-100.327,-309.432
19:35:05,19.245,1159.19,1000,2,85.443,353.66,-100.13,-309.429
19:35:05,19.292,1157.987,1000,2,144.293,354.863,-108.151,-309.312
19:35:05,19.353,1142.682,1000,2,144.293,356.088,-118.322,-309.204
19:35:05,19.395,1141.726,1000,2,144.293,357.044,-128.184,-309.122
19:35:05,19.437,1141.161,1000,2,144.293,357.609,-137.979,-309.083
19:35:05,19.483,1140.224,1000,2,144.293,358.106,-150.479,-309.059
19:35:05,19.542,1140.314,1000,2,144.293,358.016,-167.61,-309.108
19:35:05,19.602,1141.131,1000,2,144.293,357.199,-183.576,-309.23
19:35:05,19.645,1128.083,1000,2,144.293,356.257,-194.777,-309.351
19:35:05,19.684,1129.189,1000,2,144.293,355.151,-203.17,-309.487
19:35:05,19.725,1129.833,1000,2,144.293,354.507,-208.428,-309.562
19:35:05,19.764,1115.972,1000,2,144.293,354.468,-208.164,-309.564
19:35:05,19.805,1115.972,1000,2,144.293,354.468,-208.164,-309.564
19:35:05,19.849,1129.322,1000,2,194.946,354.468,-208.164,-309.564
19:35:05,19.891,1115.397,1000,2,194.946,354.503,-208.379,-309.561
19:35:05,19.946,1128.747,1000,2,194.946,355.043,-204.18,-309.5
19:35:05,20.002,1112.857,1000,2,194.946,357.043,-187.809,-309.262
19:35:05,20.059,1111.999,1000,2,194.946,357.901,-175.598,-309.145
19:35:05,20.098,1111.654,1000,2,194.946,358.246,-167.056,-309.093
19:35:05,20.139,1097.619,1000,2,194.946,358.491,-156.668,-309.039
19:35:05,20.175,1097.73,1000,2,194.946,358.38,-145.118,-309.027
19:35:05,20.216,1084.498,1000,2,194.946,357.912,-134.485,-309.046
19:35:05,20.257,1058.101,1000,2,194.946,357.179,-124.691,-309.1
19:35:05,20.298,1059.13,1000,2,194.946,356.15,-114.772,-309.182
19:35:05,20.349,1061.556,1000,2,205.903,353.724,-97.866,-309.402
19:35:05,20.419,1061.837,1000,2,205.903,353.443,-95.482,-309.428
19:35:05,20.457,1061.227,1000,2,205.903,353.433,-95.524,-309.427
19:35:05,20.507,1047.806,1000,2,205.903,353.434,-95.569,-309.427
19:35:05,20.546,1034.13,1000,2,205.903,353.79,-93.958,-309.425
19:35:05,20.591,1019.632,1000,2,205.903,355.058,-83.632,-309.413
19:35:05,20.647,1018.459,1000,2,205.903,356.231,-71.577,-309.402
19:35:05,20.694,1004.669,1000,2,205.903,356.871,-62.749,-309.397
19:35:05,20.742,991.156,1000,2,205.903,357.334,-50.646,-309.393
19:35:05,20.789,991.071,1000,2,205.903,357.419,-41.77,-309.392
19:35:05,20.827,965.404,1000,2,205.903,357.266,-32.86,-309.394
19:35:05,20.867,954.079,1000,2,205.903,356.821,-22.813,-309.397
19:35:05,20.912,942.183,1000,2,154.211,356.017,-11.606,-309.405
19:35:05,20.961,893.345,1000,2,154.211,354.995,-1.434,-309.414
19:35:05,20.999,845.968,891,2,154.211,353.992,7.137,-309.425
19:35:05,21.041,799.576,719,2,154.211,353.474,10.617,-309.43
19:35:05,21.078,765.698,594,2,154.211,353.432,10.876,-309.429
19:35:05,21.125,721.658,430,2,154.211,353.432,10.876,-309.429
19:35:05,21.165,710.799,390,2,154.211,353.441,10.895,-309.43
19:35:05,21.22,678.685,271,2,154.211,353.575,11.831,-309.427
19:35:05,21.259,657.361,266,2,154.211,353.989,14.889,-309.419
19:35:05,21.298,626.41,266,2,154.211,354.31,17.373,-309.414
19:35:05,21.338,586.36,266,2,154.211,354.74,20.94,-309.408
19:35:05,21.385,566.649,266,2,154.211,355.241,25.619,-309.403
19:35:05,21.431,566.327,266,2,85.91,355.673,30.332,-309.395
19:35:05,21.482,556.548,266,2,85.91,355.962,33.98,-309.391
19:35:05,21.521,528.427,266,2,85.91,356.233,38.021,-309.389
19:35:05,21.559,492.317,266,2,85.91,356.433,41.72,-309.387
19:35:05,21.603,409.041,266,2,85.91,356.629,46.553,-309.382
19:35:05,21.649,370.591,266,2,85.91,356.769,51.422,-309.382
19:35:05,21.701,327.777,87,2,85.91,356.813,54.056,-309.381
19:35:05,21.738,314.447,0,2,85.91,356.843,58.216,-309.382
19:35:05,21.778,294.645,0,2,85.91,356.825,62.013,-309.38
19:35:05,21.82,258.691,0,2,85.91,356.769,65.834,-309.381
19:35:05,21.86,247.427,0,2,85.91,356.653,70.057,-309.384
19:35:05,21.909,242.018,0,2,85.91,356.482,74.686,-309.388
19:35:05,21.954,247.88,0,2,95.042,356.19,80.115,-309.391
19:35:05,22.001,231.583,0,2,95.042,355.987,83.228,-309.394
19:35:05,22.039,216.002,0,2,95.042,355.698,87.139,-309.398
19:35:05,22.08,201.476,0,2,95.042,355.324,91.459,-309.404
19:35:05,22.117,187.787,0,2,95.042,354.943,95.394,-309.407
19:35:05,22.158,174.981,0,2,95.042,354.519,99.35,-309.414
19:35:05,22.214,171.018,0,2,95.042,353.772,105.513,-309.425
19:35:05,22.262,175.47,0,2,95.042,353.48,107.708,-309.43
19:35:05,22.302,162.651,0,2,95.042,353.439,108.074,-309.431
19:35:05,22.342,147.521,0,2,95.042,353.439,108.074,-309.431
19:35:05,22.397,147.521,0,2,95.042,353.439,108.074,-309.431
19:35:05,22.42,147.521,0,2,95.042,353.439,108.074,-309.431
19:35:05,22.441,147.521,0,2,95.042,353.439,108.074,-309.431
19:35:05,22.476,147.521,0,2,60.725,353.439,108.074,-309.431
19:35:05,22.498,147.521,0,2,60.725,353.439,108.074,-309.431
19:35:05,22.519,147.521,0,2,60.725,353.439,108.074,-309.431
19:35:05,22.542,147.521,0,2,60.725,353.439,108.074,-309.431
19:35:05,22.571,147.521,0,2,60.725,353.439,108.074,-309.431
19:35:05,22.602,147.521,0,2,60.725,353.439,108.074,-309.431
19:35:05,22.624,147.521,0,2,60.725,353.439,108.074,-309.431
19:35:05,22.654,147.521,0,2,60.725,353.439,108.074,-309.431
19:35:05,22.68,147.521,0,2,60.725,353.439,108.074,-309.431
19:35:05,22.71,147.521,0,2,60.725,353.439,108.074,-309.431
19:35:05,22.741,147.521,0,2,60.725,353.439,108.074,-309.431
19:35:05,22.775,147.521,0,2,60.725,353.439,108.074,-309.431
19:35:05,22.814,147.521,0,2,60.725,353.439,108.074,-309.431
19:35:05,22.841,147.521,0,2,60.725,353.439,108.074,-309.431
19:35:05,22.873,147.521,0,2,60.725,353.439,108.074,-309.431
19:35:05,22.91,147.521,0,2,60.725,353.439,108.074,-309.431
19:35:05,22.942,147.521,0,2,60.725,353.439,108.074,-309.431
19:35:05,22.972,147.521,0,2,60.725,353.439,108.074,-309.431
19:35:05,23.019,83.681,0,2,0,353.439,108.074,-309.431
19:35:05,23.062,81.541,0,2,0,353.439,108.074,-309.431
19:35:05,23.106,79.981,0,2,0,353.439,108.074,-309.431
19:35:05,23.143,79.731,0,2,0,353.439,108.074,-309.431
19:35:05,23.182,79.731,0,2,0,353.439,108.074,-309.431
19:35:05,23.205,79.731,0,2,0,353.439,108.074,-309.431
19:35:05,23.226,79.731,0,2,0,353.439,108.074,-309.431
19:35:05,23.249,79.731,0,2,0,353.439,108.074,-309.431
19:35:05,23.271,79.731,0,2,0,353.439,108.074,-309.431
19:35:05,23.31,79.731,0,2,0,353.439,108.074,-309.431
19:35:05,23.344,79.731,0,2,0,353.439,108.074,-309.431
19:35:05,23.388,79.731,0,2,0,353.439,108.074,-309.431
19:35:05,23.414,79.731,0,2,0,353.439,108.074,-309.431
19:35:05,23.459,79.731,0,2,0,353.439,108.074,-309.431
19:35:05,23.481,79.731,0,2,0,353.439,108.074,-309.431
19:35:05,23.51,79.731,0,2,0,353.439,108.074,-309.431
19:35:05,23.543,79.731,0,2,0,353.439,108.074,-309.431
19:35:05,23.572,79.731,0,2,0,353.439,108.074,-309.431
19:35:05,23.609,79.731,0,2,0,353.439,108.074,-309.431
19:35:05,23.641,79.731,0,2,0,353.439,108.074,-309.431
19:35:05,23.671,79.731,0,2,0,353.439,108.074,-309.431
19:35:05,23.707,161.541,0,2,0,353.439,108.074,-309.431
19:35:05,23.745,175.811,0,2,0,353.439,108.074,-309.431
19:35:05,23.784,181.831,0,2,0,353.439,108.074,-309.431
19:35:05,23.823,221.371,0,2,0,353.439,108.074,-309.431
19:35:05,23.867,226.481,0,2,0,353.439,108.074,-309.431
19:35:05,23.915,218.551,0,2,0,353.439,108.074,-309.431
19:35:05,23.958,220.541,0,2,0,353.439,108.074,-309.431
19:35:05,23.996,197.421,0,2,0,353.439,108.074,-309.431
19:35:05,24.056,161.211,0,2,0,353.439,108.074,-309.431
19:35:05,24.096,143.801,0,2,0,353.439,108.074,-309.431
19:35:05,24.144,138.071,0,2,0,353.439,108.074,-309.431
19:35:05,24.189,135.111,0,2,0,353.439,108.074,-309.431
19:35:05,24.226,131.951,0,2,0,353.439,108.074,-309.431
19:35:05,24.265,135.331,0,2,0,353.439,108.074,-309.431
19:35:05,24.306,138.681,0,2,0,353.439,108.074,-309.431
19:35:05,24.347,149.161,0,2,0,353.439,108.074,-309.431
19:35:05,24.385,164.351,0,2,0,353.439,108.074,-309.431
19:35:05,24.426,189.801,0,2,0,353.439,108.074,-309.431
19:35:05,24.466,223.561,0,2,0,353.439,108.074,-309.431
19:35:05,24.508,291.891,0,2,0,353.439,108.074,-309.431
19:35:05,24.553,351.821,266,2,0,353.439,108.074,-309.431
19:35:05,24.595,403.983,266,2,0,353.437,108.077,-309.431
19:35:05,24.649,427.799,266,2,0,353.471,108.198,-309.43
19:35:05,24.693,427.719,266,2,0,353.551,108.527,-309.429
19:35:05,24.731,477.567,266,2,0,353.703,109.131,-309.423
19:35:05,24.774,503.585,266,2,0,353.865,109.798,-309.421
19:35:05,24.814,521.542,266,2,0,354.028,110.472,-309.416
19:35:05,24.853,558.361,266,2,0,354.149,111.014,-309.41
19:35:05,24.905,566.929,266,2,0,354.341,111.83,-309.405
19:35:05,24.943,567.014,266,2,0,354.526,112.713,-309.399
19:35:05,24.994,595.768,266,2,0,354.702,113.466,-309.398
19:35:05,25.032,615.385,266,2,0,354.835,114.151,-309.392
19:35:05,25.071,605.288,266,2,12.503,355.022,115.044,-309.387
19:35:05,25.131,635.152,266,2,12.503,355.198,115.948,-309.382
19:35:05,25.183,665.825,266,2,12.503,355.405,116.983,-309.378
19:35:05,25.237,697.406,341,2,12.503,355.534,117.682,-309.373
19:35:05,25.279,697.265,340,2,12.503,355.675,118.453,-309.373
19:35:05,25.316,740.405,500,2,12.503,355.755,118.941,-309.368
19:35:05,25.356,750.949,539,2,12.503,355.911,119.855,-309.364
19:35:05,25.398,774.151,625,2,12.503,356.009,120.417,-309.364
19:35:05,25.435,831.966,839,2,12.503,356.124,121.126,-309.36
19:35:05,25.477,832.371,841,2,12.503,356.239,121.834,-309.356
19:35:05,25.522,856.181,929,2,12.503,356.389,122.828,-309.352
19:35:05,25.567,868.129,1000,2,12.503,356.501,123.542,-309.353
19:35:05,25.606,855.961,928,2,17.898,356.609,124.334,-309.349
19:35:05,25.659,855.835,927,2,17.898,356.735,125.192,-309.346
19:35:05,25.709,879.58,1000,2,17.898,356.84,125.985,-309.343
19:35:05,25.749,891.408,1000,2,17.898,356.932,126.711,-309.339
19:35:05,25.789,903.63,1000,2,17.898,357.03,127.432,-309.34
19:35:05,25.828,890.799,1000,2,17.898,357.121,128.236,-309.337
19:35:05,25.867,878.001,1000,2,17.898,357.199,128.961,-309.333
19:35:05,25.907,902.447,1000,2,17.898,357.283,129.697,-309.334
19:35:05,25.945,940.38,1000,2,17.898,357.37,130.5,-309.331
19:35:05,25.988,940.302,1000,2,17.898,357.448,131.235,-309.329
19:35:05,26.03,952.937,1000,2,17.898,357.503,131.826,-309.325
19:35:05,26.069,952.861,1000,2,17.898,357.579,132.566,-309.327
19:35:05,26.113,952.758,1000,2,18.104,357.682,133.683,-309.325
19:35:05,26.17,978.361,1000,2,18.104,357.739,134.424,-309.322
19:35:05,26.209,965.868,1000,2,18.104,357.812,135.25,-309.32
19:35:05,26.249,978.704,1000,2,18.104,357.866,135.996,-309.321
19:35:05,26.3,1005.291,1000,2,18.104,357.939,136.971,-309.319
19:35:05,26.337,1018.57,1000,2,18.104,357.99,137.729,-309.316
19:35:05,26.381,1018.505,1000,2,18.104,358.055,138.711,-309.315
19:35:05,26.437,1045.119,1000,2,18.104,358.111,139.705,-309.313
19:35:05,26.482,1045.076,1000,2,18.104,358.154,140.466,-309.311
19:35:05,26.531,1044.976,1000,2,18.104,358.204,141.462,-309.309
19:35:05,26.573,1058.395,1000,2,18.104,358.235,142.226,-309.311
19:35:05,26.612,1071.903,1000,2,18.104,358.267,142.998,-309.309
19:35:05,26.668,1071.863,1000,2,18.918,358.307,143.999,-309.308
19:35:05,26.714,1058.298,1000,2,18.918,358.332,144.777,-309.306
19:35:05,26.753,1058.269,1000,2,18.918,358.361,145.628,-309.308
19:35:05,26.804,1071.603,1000,2,18.918,358.387,146.568,-309.307
19:35:05,26.847,1071.579,1000,2,18.918,358.411,147.582,-309.306
19:35:05,26.892,1058.213,1000,2,18.918,358.417,148.361,-309.304
19:35:05,26.933,1071.735,1000,2,18.918,358.435,149.23,-309.303
19:35:05,26.974,1058.191,1000,2,18.918,358.439,150.016,-309.305
19:35:05,27.012,1071.729,1000,2,18.918,358.441,150.649,-309.303
19:35:05,27.069,1085.351,1000,2,18.918,358.449,151.839,-309.303
19:35:05,27.116,1071.775,1000,2,18.918,358.445,152.714,-309.302
19:35:05,27.153,1071.774,1000,2,18.918,358.446,153.513,-309.305
19:35:05,27.192,1058.196,1000,2,19.96,358.434,154.561,-309.304
19:35:05,27.252,1058.028,1000,2,19.96,358.422,155.603,-309.304
19:35:05,27.295,1058.041,1000,2,19.96,358.409,156.413,-309.303
19:35:05,27.334,1058.052,1000,2,19.96,358.398,157.058,-309.305
19:35:05,27.374,1058.072,1000,2,19.96,358.378,157.944,-309.305
19:35:05,27.418,1071.354,1000,2,19.96,358.356,158.76,-309.304
19:35:05,27.454,1044.025,1000,2,19.96,358.325,159.569,-309.302
19:35:05,27.494,1057.484,1000,2,19.96,358.296,160.469,-309.305
19:35:05,27.533,1044.081,1000,2,19.96,358.269,161.288,-309.305
19:35:05,27.574,1043.611,1000,2,19.96,358.239,162.108,-309.304
19:35:05,27.615,1057.076,1000,2,19.96,358.204,162.935,-309.304
19:35:05,27.673,1057.135,1000,2,19.96,358.145,164.253,-309.305
19:35:05,27.719,1043.74,1000,2,20.418,358.11,164.924,-309.308
19:35:05,27.767,1070.115,1000,2,20.418,358.055,165.912,-309.308
19:35:05,27.808,1070.162,1000,2,20.418,358.008,166.839,-309.308
19:35:05,27.845,1070.219,1000,2,20.418,357.951,167.669,-309.307
19:35:05,27.887,1070.268,1000,2,20.418,357.902,168.512,-309.311
19:35:05,27.928,1070.328,1000,2,20.418,357.842,169.432,-309.311
19:35:05,27.967,1070.384,1000,2,20.418,357.786,170.273,-309.311
19:35:05,28.009,1070.441,1000,2,20.418,357.729,171.123,-309.315
19:35:05,28.049,1070.501,1000,2,20.418,357.669,171.969,-309.316
19:35:05,28.091,1070.575,1000,2,20.418,357.595,172.902,-309.316
19:35:05,28.141,1070.662,1000,2,20.418,357.508,173.921,-309.316
19:35:05,28.19,1084.343,1000,2,20.418,357.437,174.864,-309.317
19:35:05,28.227,1084.438,1000,2,20.886,357.342,175.975,-309.319
19:35:05,28.292,1084.56,1000,2,20.886,357.22,177.264,-309.321
19:35:05,28.336,1084.636,1000,2,20.886,357.144,178.126,-309.326
19:35:05,28.377,1084.719,1000,2,20.886,357.061,178.995,-309.327
19:35:05,28.417,1085.444,1000,2,20.886,356.966,179.943,-309.328
19:35:05,28.463,1085.561,1000,2,20.886,356.849,181.08,-309.33
19:35:05,28.509,1085.648,1000,2,20.886,356.762,181.952,-309.335
19:35:05,28.552,1085.747,1000,2,20.886,356.663,182.815,-309.336
19:35:05,28.593,1099.543,1000,2,20.886,356.567,183.694,-309.337
19:35:05,28.631,1099.622,1000,2,20.886,356.488,184.4,-309.341
19:35:05,28.677,1099.753,1000,2,20.886,356.357,185.546,-309.344
19:35:05,28.726,1099.887,1000,2,20.886,356.223,186.69,-309.347
19:35:05,28.771,1099.994,1000,2,21.938,356.116,187.579,-309.349
19:35:05,28.811,1100.115,1000,2,21.938,355.995,188.55,-309.351
19:35:05,28.855,1100.247,1000,2,21.938,355.863,189.619,-309.354
19:35:05,28.9,1100.372,1000,2,21.938,355.738,190.602,-309.361
19:35:05,28.941,1100.518,1000,2,21.938,355.592,191.671,-309.363
19:35:05,28.993,1113.792,1000,2,21.938,355.458,192.657,-309.366
19:35:05,29.042,1113.937,1000,2,21.938,355.313,193.738,-309.37
19:35:05,29.083,1114.077,1000,2,21.938,355.173,194.729,-309.373
19:35:05,29.125,1114.219,1000,2,21.938,355.031,195.725,-309.38
19:35:05,29.177,1114.389,1000,2,21.938,354.861,196.906,-309.385
19:35:05,29.225,1114.522,1000,2,21.938,354.728,197.813,-309.388
19:35:05,29.265,1114.674,1000,2,21.938,354.576,198.815,-309.391
19:35:05,29.306,1114.838,1000,2,22.885,354.412,199.912,-309.396
19:35:05,29.359,1128.109,1000,2,22.885,354.231,201.106,-309.406
19:35:05,29.406,1128.225,1000,2,22.885,354.115,201.838,-309.408
19:35:05,29.446,1114.555,1000,2,22.885,353.925,203.031,-309.414
19:35:05,29.49,1114.712,1000,2,22.885,353.768,203.952,-309.417
19:35:05,29.547,1114.901,1000,2,22.885,353.579,205.087,-309.424
19:35:05,29.584,1114.996,1000,2,22.885,353.484,205.703,-309.428
19:35:05,29.625,1115.047,1000,2,22.885,353.433,206.015,-309.433
19:35:05,29.666,1114.16,1000,2,22.885,353.42,206.068,-309.431
19:35:05,29.707,1114.16,1000,2,22.885,353.42,206.068,-309.431
19:35:05,29.747,1114.16,1000,2,22.885,353.42,206.068,-309.431
19:35:05,29.786,1114.127,1000,2,22.885,353.453,206.189,-309.429
19:35:05,29.842,1113.355,1000,2,15.255,354.225,209.384,-309.38
19:35:05,29.894,1111.225,1000,2,15.255,355.345,214.619,-309.313
19:35:05,29.933,1109.946,1000,2,15.255,356.624,221.941,-309.238
19:35:05,29.987,1109.174,1000,2,15.255,357.396,227.669,-309.193
19:35:05,30.034,1122.413,1000,2,15.255,357.987,233.482,-309.163
19:35:05,30.074,1122.008,1000,2,15.255,358.392,239.377,-309.14
19:35:05,30.115,1121.768,1000,2,15.255,358.632,245.966,-309.132
19:35:05,30.154,1121.754,1000,2,15.255,358.646,252.046,-309.13
19:35:05,30.197,1121.922,1000,2,15.255,358.478,258.203,-309.138
19:35:05,30.233,1122.316,1000,2,15.255,358.084,265.086,-309.161
19:35:05,30.286,1109.377,1000,2,15.255,357.193,274.647,-309.212
19:35:05,30.336,1110.204,1000,2,15.255,356.366,281.127,-309.257
19:35:05,30.377,1111.325,1000,2,146.685,355.245,288.358,-309.323
19:35:05,30.43,1112.61,1000,2,146.685,353.96,295.43,-309.399
19:35:05,30.472,1113.122,1000,2,146.685,353.448,298.003,-309.431
19:35:05,30.518,1113.145,1000,2,146.685,353.425,298.072,-309.426
19:35:05,30.561,1101.285,1000,2,146.685,353.425,298.072,-309.426
19:35:05,30.609,1101.285,1000,2,146.685,353.425,298.072,-309.426
19:35:05,30.661,1101.258,1000,2,146.685,353.452,297.928,-309.424
19:35:05,30.709,1100.677,1000,2,146.685,354.033,294.945,-309.388
19:35:05,30.749,1099.6,1000,2,146.685,355.11,288.911,-309.323
19:35:05,30.794,1098.575,1000,2,146.685,356.135,282.254,-309.266
19:35:05,30.839,1097.729,1000,2,146.685,356.981,275.682,-309.218
19:35:05,30.883,1096.692,1000,2,30.516,358.018,264.08,-309.157
19:35:05,30.949,1096.357,1000,2,30.516,358.353,257.139,-309.141
19:35:05,30.989,1095.371,1000,2,30.516,358.459,250.912,-309.133
19:35:05,31.031,1095.473,1000,2,30.516,358.357,244.173,-309.136
19:35:05,31.07,1095.758,1000,2,30.516,358.072,238.147,-309.151
19:35:05,31.113,1096.233,1000,2,30.516,357.597,232.194,-309.18
19:35:05,31.152,1096.902,1000,2,30.516,356.928,226.334,-309.216
19:35:05,31.193,1097.85,1000,2,30.516,355.98,219.976,-309.27
19:35:05,31.246,1099.137,1000,2,30.516,354.693,213.186,-309.349
19:35:05,31.284,1100.131,1000,2,30.516,353.699,208.762,-309.414
19:35:05,31.326,1100.398,1000,2,30.516,353.432,207.681,-309.427
19:35:05,31.366,1100.395,1000,2,30.516,353.435,207.683,-309.431
19:35:05,31.407,1100.395,1000,2,117.724,353.435,207.683,-309.431
19:35:05,31.461,1101.275,1000,2,117.724,353.435,207.683,-309.431
19:35:05,31.515,1087.594,1000,2,117.724,353.436,207.653,-309.429
19:35:05,31.557,1087.483,1000,2,117.724,353.547,207.03,-309.429
19:35:05,31.597,1087.155,1000,2,117.724,353.875,205.08,-309.415
19:35:05,31.637,1086.687,1000,2,117.724,354.343,202.18,-309.4
19:35:05,31.679,1086.904,1000,2,117.724,354.876,198.746,-309.382
19:35:05,31.718,1086.396,1000,2,117.724,355.384,195.328,-309.369
19:35:05,31.758,1086.019,1000,2,117.724,355.761,192.607,-309.36
19:35:05,31.798,1085.581,1000,2,117.724,356.199,189.226,-309.345
19:35:05,31.838,1085.135,1000,2,117.724,356.645,185.553,-309.335
19:35:05,31.878,1084.761,1000,2,117.724,357.019,182.246,-309.328
19:35:05,31.921,1069.92,1000,2,55.717,357.51,177.338,-309.318
19:35:05,31.979,1069.646,1000,2,55.717,357.784,174.1,-309.309
19:35:05,32.016,1069.378,1000,2,55.717,358.052,170.575,-309.305
19:35:05,32.061,1069.17,1000,2,55.717,358.26,167.413,-309.303
19:35:05,32.098,1069.007,1000,2,55.717,358.423,164.265,-309.298
19:35:05,32.143,1068.871,1000,2,55.717,358.559,161.159,-309.298
19:35:05,32.185,1068.762,1000,2,55.717,358.668,157.165,-309.297
19:35:05,32.232,1068.719,1000,2,55.717,358.711,153.821,-309.294
19:35:05,32.273,1082.312,1000,2,55.717,358.718,150.819,-309.296
19:35:05,32.314,1081.472,1000,2,55.717,358.678,147.844,-309.299
19:35:05,32.355,1081.548,1000,2,55.717,358.602,144.907,-309.299
19:35:05,32.398,1081.663,1000,2,55.717,358.487,141.988,-309.303
19:35:05,32.434,1081.935,1000,2,77.104,358.215,137.393,-309.308
19:35:05,32.5,1082.146,1000,2,77.104,358.004,134.563,-309.315
19:35:05,32.539,1082.412,1000,2,77.104,357.738,131.757,-309.318
19:35:05,32.582,1096.412,1000,2,77.104,357.418,128.711,-309.327
19:35:05,32.624,1096.757,1000,2,77.104,357.073,125.97,-309.336
19:35:05,32.663,1097.147,1000,2,77.104,356.683,123.259,-309.342
19:35:05,32.704,1097.568,1000,2,77.104,356.262,120.585,-309.354
19:35:05,32.752,1098.23,1000,2,77.104,355.6,116.879,-309.37
19:35:05,32.806,1098.746,1000,2,77.104,355.084,114.273,-309.385
19:35:05,32.842,1099.366,1000,2,77.104,354.464,111.444,-309.4
19:35:05,32.884,1099.891,1000,2,77.104,353.939,109.272,-309.415
19:35:05,32.925,1100.227,1000,2,77.104,353.603,107.895,-309.425
19:35:05,32.966,1100.392,1000,2,61.662,353.438,107.285,-309.43
19:35:05,33.03,1100.39,1000,2,61.662,353.44,107.282,-309.43
19:35:05,33.075,1101.27,1000,2,61.662,353.44,107.282,-309.43
19:35:05,33.116,1101.265,1000,2,61.662,353.445,107.268,-309.43
19:35:05,33.177,1100.918,1000,2,61.662,353.792,104.716,-309.425
19:35:05,33.217,1099.992,1000,2,61.662,354.718,97.435,-309.413
19:35:05,33.257,1099.183,1000,2,61.662,355.527,89.852,-309.402
19:35:05,33.298,1112.168,1000,2,61.662,356.312,80.409,-309.393
19:35:05,33.349,1111.431,1000,2,61.662,357.049,65.473,-309.381
19:35:05,33.41,1110.402,1000,2,61.662,357.178,51.685,-309.382
19:35:05,33.459,1110.731,1000,2,61.662,356.849,39.93,-309.384
19:35:05,33.505,1111.451,1000,2,135.577,356.129,28.356,-309.393
19:35:05,33.556,1112.274,1000,2,135.577,355.306,19.594,-309.402
19:35:05,33.597,1113.08,1000,2,135.577,354.5,12.774,-309.413
19:35:05,33.646,1114.019,1000,2,135.577,353.561,6.008,-309.426
19:35:05,33.685,1114.14,1000,2,135.577,353.44,5.277,-309.426
19:35:05,33.739,1114.091,1000,2,135.577,353.489,4.978,-309.427
19:35:05,33.808,1113.557,1000,2,135.577,354.023,1.376,-309.421
19:35:05,33.845,1112.533,1000,2,135.577,355.047,-7.584,-309.408
19:35:05,33.899,1111.342,1000,2,135.577,356.238,-19.948,-309.394
19:35:05,33.939,1110.69,1000,2,135.577,356.89,-28.928,-309.387
19:35:05,33.98,1110.282,1000,2,135.577,357.298,-37.857,-309.383
19:35:05,34.018,1110.091,1000,2,148.913,357.489,-47.828,-309.383
19:35:05,34.063,1096.422,1000,2,148.913,357.408,-56.67,-309.386
19:35:05,34.099,1096.665,1000,2,148.913,357.165,-63.323,-309.388
19:35:05,34.14,1098.061,1000,2,148.913,356.649,-72.112,-309.395
19:35:05,34.179,1098.819,1000,2,148.913,355.891,-82.886,-309.404
19:35:05,34.225,1100.134,1000,2,148.913,354.576,-93.142,-309.421
19:35:05,34.285,1101.065,1000,2,148.913,353.645,-100.502,-309.43
19:35:05,34.345,1101.087,1000,2,148.913,353.623,-100.327,-309.432
19:35:05,34.395,1101.087,1000,2,148.913,353.623,-100.327,-309.432
19:35:05,34.441,1114.851,1000,3,148.913,353.629,-100.309,-309.432
19:35:05,34.496,1114.518,1000,3,148.913,353.962,-102.216,-309.398
19:35:05,34.536,1113.368,1000,3,126.581,355.112,-110.298,-309.291
19:35:05,34.578,1112.18,1000,3,126.581,356.3,-120.302,-309.186
19:35:05,34.621,1097.501,1000,3,126.581,357.209,-130.139,-309.111
19:35:05,34.659,1096.992,1000,3,126.581,357.718,-139.913,-309.073
19:35:05,34.697,1082.94,1000,3,126.581,358.09,-149.521,-309.061
19:35:05,34.738,1069.288,1000,3,126.581,358.142,-161.972,-309.082
19:35:05,34.779,1069.559,1000,3,126.581,357.871,-171.357,-309.134
19:35:05,34.819,1070.893,1000,3,126.581,357.277,-182.649,-309.218
19:35:05,34.857,1071.808,1000,3,126.581,356.362,-193.861,-309.338
19:35:05,34.898,1086.629,1000,3,126.581,355.151,-203.17,-309.487
19:35:05,34.938,1073.638,1000,3,126.581,354.532,-208.584,-309.558
19:35:05,34.988,1073.702,1000,3,126.581,354.468,-208.164,-309.564
19:35:05,35.028,1072.962,1000,3,126.581,354.468,-208.164,-309.564
19:35:05,35.073,1046.062,1000,3,191.327,354.468,-208.164,-309.564
19:35:05,35.117,1046.058,1000,3,191.327,354.472,-208.212,-309.561
19:35:05,35.165,1032.877,1000,3,191.327,355.043,-204.18,-309.5
19:35:05,35.207,1018.405,1000,3,191.327,356.285,-194.253,-309.352
19:35:05,35.25,1004.225,1000,3,191.327,357.315,-183.032,-309.224
19:35:05,35.305,1015.82,1000,3,191.327,358.17,-170.923,-309.105
19:35:05,35.352,1002.398,1000,3,191.327,358.462,-159.51,-309.052
19:35:05,35.389,1002.414,1000,3,191.327,358.446,-149.995,-309.027
19:35:05,35.431,988.954,1000,3,191.327,358.076,-137.402,-309.039
19:35:05,35.469,989.602,1000,3,191.327,357.428,-127.647,-309.08
19:35:05,35.51,964.758,1000,3,191.327,356.492,-117.759,-309.153
19:35:05,35.55,965.978,1000,3,191.327,355.272,-107.74,-309.262
19:35:05,35.596,942.049,1000,3,202.91,353.791,-97.453,-309.397
19:35:05,35.64,929.845,1000,3,202.91,353.435,-95.514,-309.427
19:35:05,35.678,918.077,1000,3,202.91,353.433,-95.524,-309.427
19:35:05,35.721,904.987,1000,3,202.91,353.433,-95.524,-309.427
19:35:05,35.763,892.694,1000,3,202.91,353.436,-95.538,-309.427
19:35:05,35.815,853.5,919,3,202.91,353.79,-93.958,-309.425
19:35:05,35.869,807.227,747,3,202.91,354.723,-86.909,-309.415
19:35:05,35.907,739.252,496,3,202.91,355.998,-74.823,-309.404
19:35:05,35.958,685.244,296,3,202.91,356.706,-64.002,-309.398
19:35:05,35.998,623.068,266,3,202.91,357.172,-55.159,-309.394
19:35:05,36.041,612.817,266,3,202.91,357.403,-45.211,-309.392
19:35:05,36.079,563.901,266,3,202.91,357.369,-36.318,-309.393
19:35:05,36.122,555.447,266,3,131.483,356.973,-24.1,-309.396
19:35:05,36.166,537.452,266,3,131.483,356.398,-15.115,-309.402
19:35:05,36.209,502.057,266,3,131.483,355.593,-6.081,-309.409
19:35:05,36.249,485.645,266,3,131.483,354.455,3.705,-309.42
19:35:05,36.287,469.022,266,3,131.483,353.838,8.197,-309.426
19:35:05,36.327,452.341,266,3,131.483,353.439,10.849,-309.429
19:35:05,36.367,427.998,266,3,131.483,353.432,10.876,-309.429
19:35:05,36.41,396.298,266,3,131.483,353.432,10.885,-309.429
19:35:05,36.461,365.863,266,3,131.483,353.517,11.467,-309.427
19:35:05,36.515,309.766,0,3,131.483,353.844,13.792,-309.424
19:35:05,36.56,277.015,0,3,131.483,354.165,16.2,-309.417
19:35:05,36.599,236.687,0,3,131.483,354.443,18.401,-309.413
19:35:05,36.642,220.013,0,3,100.411,354.707,20.611,-309.409
19:35:05,36.681,214.355,0,3,100.411,354.955,22.83,-309.405
19:35:05,36.721,190.526,0,3,100.411,355.204,25.278,-309.403
19:35:05,36.759,189.999,0,3,100.411,355.421,27.515,-309.399
19:35:05,36.807,180.19,0,3,100.411,355.68,30.439,-309.396
19:35:05,36.851,180.338,0,3,100.411,355.862,32.696,-309.393
19:35:05,36.889,159.54,0,3,100.411,356.03,34.96,-309.39
19:35:05,36.939,159.091,0,3,100.411,356.189,37.458,-309.39
19:35:05,36.981,157.995,0,3,100.411,356.325,39.74,-309.388
19:35:05,37.02,154.385,0,3,100.411,356.445,42.03,-309.386
19:35:05,37.063,146.27,0,3,100.411,356.55,44.328,-309.384
19:35:05,37.1,141.244,0,3,100.411,356.646,46.867,-309.382
19:35:05,37.142,140.747,0,3,57.157,356.753,50.337,-309.382
19:35:05,37.199,123.275,0,3,57.157,356.795,52.891,-309.38
19:35:05,37.246,111.608,0,3,57.157,356.832,55.692,-309.381
19:35:05,37.29,99.784,0,3,57.157,356.846,57.565,-309.383
19:35:05,37.33,79.873,0,3,57.157,356.847,59.913,-309.383
19:35:05,37.372,77.053,0,3,57.157,356.827,62.506,-309.381
19:35:05,37.41,76.396,0,3,57.157,356.784,64.866,-309.381
19:35:05,37.45,76.485,0,3,57.157,356.735,67.235,-309.382
19:35:05,37.493,77.16,0,3,57.157,356.67,69.611,-309.383
19:35:05,37.533,77.16,0,3,57.157,356.67,69.611,-309.383
19:35:05,37.559,77.998,0,3,57.157,356.512,73.9,-309.387
19:35:05,37.6,77.998,0,3,57.157,356.512,73.9,-309.387
19:35:05,37.628,78.178,0,3,57.157,356.292,78.21,-309.387
19:35:05,37.673,78.321,0,3,58.627,356.139,80.859,-309.392
19:35:05,37.725,77.74,0,3,58.627,355.93,83.993,-309.395
19:35:05,37.77,77.488,0,3,58.627,355.752,86.412,-309.397
19:35:05,37.812,77.672,0,3,58.627,355.498,89.565,-309.401
19:35:05,37.858,78.039,0,3,58.627,355.271,91.994,-309.403
19:35:05,37.902,78.782,0,3,58.627,355.038,94.431,-309.406
19:35:05,37.94,78.521,0,3,58.627,354.789,96.874,-309.41
19:35:05,37.982,80.793,0,3,58.627,354.497,99.565,-309.416
19:35:05,38.02,83.314,0,3,58.627,354.266,101.529,-309.417
19:35:05,38.068,88.009,0,3,58.627,353.911,104.476,-309.424
19:35:05,38.112,89.601,0,3,58.627,353.589,106.922,-309.428
19:35:05,38.15,89.78,0,3,58.627,353.44,108.042,-309.431
19:35:05,38.199,91.191,0,3,54.516,353.439,108.074,-309.431
19:35:05,38.242,91.161,0,3,54.516,353.439,108.074,-309.431
19:35:05,38.282,95.801,0,3,54.516,353.439,108.074,-309.431
19:35:05,38.324,99.301,0,3,54.516,353.439,108.074,-309.431
19:35:05,38.365,101.241,0,3,54.516,353.439,108.074,-309.431
19:35:05,38.409,112.261,0,3,54.516,353.439,108.074,-309.431
19:35:05,38.455,117.351,0,3,54.516,353.439,108.074,-309.431
19:35:05,38.498,122.671,0,3,54.516,353.439,108.074,-309.431
19:35:05,38.537,128.491,0,3,54.516,353.439,108.074,-309.431
19:35:05,38.579,141.691,0,3,54.516,353.439,108.074,-309.431
19:35:05,38.618,156.351,0,3,54.516,353.439,108.074,-309.431
19:35:05,38.661,176.521,0,3,54.516,353.439,108.074,-309.431
19:35:05,38.704,203.761,0,3,0,353.439,108.074,-309.431
19:35:05,38.767,239.461,0,3,0,353.439,108.074,-309.431
19:35:05,38.811,279.791,0,3,0,353.439,108.074,-309.431
19:35:05,38.849,311.261,0,3,0,353.439,108.074,-309.431
19:35:05,38.887,338.181,174,3,0,353.439,108.074,-309.431
19:35:05,38.937,374.159,266,3,0,353.441,108.069,-309.431
19:35:05,39.004,428.017,266,3,0,353.533,107.444,-309.431
19:35:05,39.041,452.373,266,3,0,353.747,105.879,-309.428
19:35:05,39.081,468.915,266,3,0,354.015,103.891,-309.423
19:35:05,39.133,521.223,266,3,0,354.257,102.08,-309.42
19:35:05,39.176,530.123,266,3,0,354.457,100.422,-309.416
19:35:05,39.216,539.111,266,3,0,354.659,98.774,-309.415
19:35:05,39.257,576.485,266,3,19.049,354.815,97.454,-309.411
19:35:05,39.297,595.469,266,3,19.049,355.001,95.814,-309.411
19:35:05,39.333,655.362,266,3,19.049,355.178,94.171,-309.407
19:35:05,39.385,697.224,340,3,19.049,355.396,92.036,-309.405
19:35:05,39.427,707.745,379,3,19.049,355.615,89.911,-309.404
19:35:05,39.474,774.045,624,3,19.049,355.765,88.275,-309.4
19:35:05,39.516,831.78,838,3,19.049,355.92,86.478,-309.398
19:35:05,39.553,843.903,883,3,19.049,356.057,84.849,-309.398
19:35:05,39.61,831.87,839,3,19.049,356.22,82.733,-309.393
19:35:05,39.653,868.159,1000,3,19.049,356.341,81.108,-309.394
19:35:05,39.696,856.171,929,3,19.049,356.449,79.491,-309.391
19:35:05,39.736,855.87,928,3,19.049,356.57,77.711,-309.39
19:35:05,39.773,855.525,926,3,40.558,356.695,75.606,-309.389
19:35:05,39.824,903.881,1000,3,40.558,356.779,73.991,-309.386
19:35:05,39.865,915.253,1000,3,40.558,356.877,71.901,-309.386
19:35:05,39.914,965.721,1000,3,40.558,356.949,70.291,-309.383
19:35:05,39.953,952.249,1000,3,40.558,357.001,69.008,-309.384
19:35:05,40.002,952.18,1000,3,40.558,357.07,66.924,-309.384
19:35:05,40.044,952.136,1000,3,40.558,357.114,65.329,-309.381
19:35:05,40.098,951.323,1000,3,40.558,357.177,62.776,-309.38
19:35:05,40.144,950.449,1000,3,40.558,357.211,61.182,-309.382
19:35:05,40.188,964.773,1000,3,40.558,357.237,59.436,-309.379
19:35:05,40.223,990.569,1000,3,40.558,357.241,57.853,-309.38
19:35:05,40.266,1015.931,1000,3,40.558,357.249,56.268,-309.378
19:35:05,40.305,1056.68,1000,3,39.939,357.25,55.005,-309.38
19:35:05,40.347,1056.69,1000,3,39.939,357.24,53.433,-309.378
19:35:05,40.385,1070.938,1000,3,39.939,357.232,51.857,-309.381
19:35:05,40.426,1031.315,1000,3,39.939,357.205,50.129,-309.381
19:35:05,40.48,1044.077,1000,3,39.939,357.163,47.778,-309.379
19:35:05,40.525,1030.796,1000,3,39.939,357.124,46.22,-309.382
19:35:05,40.571,1044.18,1000,3,39.939,357.06,44.19,-309.38
19:35:05,40.616,1017.685,1000,3,39.939,357.005,42.64,-309.382
19:35:05,40.658,1044.308,1000,3,39.939,356.932,40.933,-309.383
19:35:05,40.699,1057.8,1000,3,39.939,356.86,39.384,-309.382
19:35:05,40.745,1045.08,1000,3,39.939,356.77,37.375,-309.385
19:35:05,40.791,1058.617,1000,3,39.939,356.663,35.53,-309.385
19:35:05,40.839,1072.221,1000,3,38.786,356.579,34.301,-309.387
19:35:05,40.878,1085.929,1000,3,38.786,356.481,32.765,-309.387
19:35:05,40.921,1099.091,1000,3,38.786,356.369,31.083,-309.389
19:35:05,40.959,1112.228,1000,3,38.786,356.252,29.562,-309.389
19:35:05,41.003,1126.204,1000,3,38.786,356.136,28.037,-309.393
19:35:05,41.038,1111.584,1000,3,38.786,355.996,26.517,-309.392
19:35:05,41.079,1124.547,1000,3,38.786,355.853,24.857,-309.395
19:35:05,41.119,1123.544,1000,3,38.786,355.716,23.344,-309.399
19:35:05,41.16,1123.695,1000,3,38.786,355.565,21.836,-309.399
19:35:05,41.206,1123.903,1000,3,38.786,355.357,19.886,-309.402
19:35:05,41.256,1109.061,1000,3,38.786,355.139,17.938,-309.406
19:35:05,41.304,1123.032,1000,3,38.786,354.968,16.442,-309.407
19:35:05,41.344,1123.261,1000,3,38.666,354.739,14.51,-309.411
19:35:05,41.395,1109.652,1000,3,38.666,354.548,13.025,-309.412
19:35:05,41.433,1111.062,1000,3,38.666,354.388,11.838,-309.416
19:35:05,41.472,1125.075,1000,3,38.666,354.185,10.36,-309.417
19:35:05,41.513,1125.277,1000,3,38.666,353.983,8.889,-309.422
19:35:05,41.552,1111.699,1000,3,38.666,353.751,7.274,-309.423
19:35:05,41.594,1111.906,1000,3,38.666,353.544,5.966,-309.425
19:35:05,41.632,1111.998,1000,3,38.666,353.452,5.337,-309.427
19:35:05,41.673,1098.27,1000,3,38.666,353.44,5.277,-309.426
19:35:05,41.717,1112.01,1000,3,38.666,353.44,5.277,-309.426
19:35:05,41.763,1111.98,1000,3,38.666,353.47,5.096,-309.427
19:35:05,41.82,1111.656,1000,3,38.666,353.794,2.934,-309.423
19:35:05,41.859,1125.149,1000,3,37.215,355.251,-9.803,-309.407
19:35:05,41.917,1124.162,1000,3,37.215,356.238,-19.948,-309.394
19:35:05,41.962,1123.407,1000,3,37.215,356.993,-29.119,-309.388
19:35:05,42.01,1136.905,1000,3,37.215,357.425,-41.303,-309.383
19:35:05,42.056,1122.928,1000,3,37.215,357.472,-51.255,-309.384
19:35:05,42.098,1123.129,1000,3,37.215,357.271,-60.085,-309.387
19:35:05,42.138,1123.572,1000,3,37.215,356.828,-70.881,-309.394
19:35:05,42.182,1124.258,1000,3,37.215,356.142,-79.656,-309.402
19:35:05,42.224,1125.29,1000,3,37.215,355.11,-89.49,-309.416
19:35:05,42.264,1126.279,1000,3,37.215,354.121,-97.755,-309.428
19:35:05,42.317,1126.774,1000,3,37.215,353.626,-100.336,-309.432
19:35:05,42.363,1126.771,1000,4,37.215,353.629,-100.309,-309.432
19:35:05,42.427,1126.193,1000,4,178.173,354.207,-104.644,-309.374
19:35:05,42.472,1125.024,1000,4,178.173,355.376,-112.34,-309.267
19:35:05,42.514,1109.965,1000,4,178.173,356.605,-123.268,-309.159
19:35:05,42.561,1109.023,1000,4,178.173,357.547,-135.01,-309.085
19:35:05,42.603,1109.545,1000,4,178.173,358.035,-147.614,-309.06
19:35:05,42.645,1096.543,1000,4,178.173,358.167,-157.133,-309.07
19:35:05,42.69,1096.727,1000,4,178.173,357.983,-168.549,-309.115
19:35:05,42.727,1097.972,1000,4,178.173,357.488,-179.873,-309.19
19:35:05,42.769,1098.886,1000,4,178.173,356.574,-190.028,-309.312
19:35:05,42.81,1100.012,1000,4,178.173,355.448,-201.626,-309.446
19:35:05,42.85,1100.823,1000,4,178.173,354.637,-207.385,-309.545
19:35:05,42.893,1100.989,1000,4,178.173,354.471,-208.169,-309.564
19:35:05,42.936,1102.182,1000,4,206.854,354.468,-208.164,-309.564
19:35:05,42.98,1102.182,1000,4,206.854,354.468,-208.164,-309.564
19:35:05,43.044,1088.345,1000,4,206.854,354.585,-208.961,-309.549
19:35:05,43.09,1101.312,1000,4,206.854,355.338,-202.381,-309.466
19:35:05,43.131,1086.412,1000,4,206.854,356.518,-192.418,-309.323
19:35:05,43.173,1071.835,1000,4,206.854,357.475,-181.18,-309.204
19:35:05,43.218,1084.684,1000,4,206.854,358.246,-167.056,-309.093
19:35:05,43.263,1070.824,1000,4,206.854,358.486,-157.618,-309.043
19:35:05,43.303,1057.4,1000,4,206.854,358.38,-145.118,-309.027
19:35:05,43.346,1057.811,1000,4,206.854,357.969,-135.458,-309.043
19:35:05,43.387,1045.087,1000,4,206.854,357.263,-125.679,-309.091
19:35:05,43.434,1059.13,1000,4,206.854,356.15,-114.772,-309.182
19:35:05,43.475,1060.8,1000,4,183.465,354.48,-101.159,-309.332
19:35:05,43.525,1061.671,1000,4,183.465,353.609,-96.543,-309.413
19:35:05,43.58,1048.417,1000,4,183.465,353.433,-95.524,-309.427
19:35:05,43.629,1035.084,1000,4,183.465,353.436,-95.538,-309.427
19:35:05,43.682,1021.074,1000,4,183.465,353.616,-94.768,-309.424
19:35:05,43.719,1007.035,1000,4,183.465,354.505,-87.191,-309.417
19:35:05,43.769,991.032,1000,4,183.465,355.998,-74.823,-309.404
19:35:05,43.818,977.394,1000,4,183.465,356.706,-64.002,-309.398
19:35:05,43.861,964.04,1000,4,183.465,357.21,-54.078,-309.394
19:35:05,43.899,976.697,1000,4,183.465,357.403,-45.211,-309.392
19:35:05,43.937,976.731,1000,4,183.465,357.369,-36.318,-309.393
19:35:05,43.978,964.277,1000,4,155.755,356.973,-24.1,-309.396
19:35:05,44.03,952.852,1000,4,155.755,356.398,-15.115,-309.402
19:35:05,44.073,953.757,1000,4,155.755,355.493,-6.973,-309.41
19:35:05,44.112,954.474,1000,4,155.755,354.776,1.201,-309.416
19:35:05,44.155,942.816,1000,4,155.755,353.764,8.658,-309.428
19:35:05,44.192,942.401,1000,4,155.755,353.439,10.849,-309.429
19:35:05,44.234,942.408,1000,4,155.755,353.432,10.876,-309.429
19:35:05,44.27,954.209,1000,4,155.755,353.451,11.044,-309.427
19:35:05,44.334,941.061,1000,4,155.755,353.949,14.568,-309.42
19:35:05,44.374,940.157,1000,4,155.755,354.853,21.917,-309.407
19:35:05,44.417,951.055,1000,4,155.755,355.665,30.322,-309.394
19:35:05,44.456,950.446,1000,4,155.755,356.274,38.846,-309.386
19:35:05,44.501,949.923,1000,4,145.947,356.797,52.716,-309.382
19:35:05,44.56,962.623,1000,4,145.947,356.827,61.521,-309.381
19:35:05,44.602,961.757,1000,4,145.947,356.643,70.426,-309.384
19:35:05,44.643,962.223,1000,4,145.947,356.177,80.321,-309.39
19:35:05,44.682,975.688,1000,4,145.947,355.502,89.408,-309.399
19:35:05,44.721,989.277,1000,4,145.947,354.803,96.738,-309.412
19:35:05,44.762,1003.164,1000,4,145.947,353.896,104.557,-309.425
19:35:05,44.8,1003.61,1000,4,145.947,353.45,107.892,-309.428
19:35:05,44.841,1016.701,1000,4,145.947,353.439,108.074,-309.431
19:35:05,44.881,1016.701,1000,4,145.947,353.439,108.073,-309.431
19:35:05,44.93,1041.781,1000,4,145.947,353.509,108.329,-309.43
19:35:05,44.971,1029.512,1000,4,145.947,353.788,109.468,-309.422
19:35:05,45.013,1027.662,1000,4,125.82,354.398,112.069,-309.407
19:35:05,45.064,1040.356,1000,4,125.82,354.934,114.628,-309.391
19:35:05,45.104,1054.458,1000,4,125.82,355.452,117.228,-309.376
19:35:05,45.147,1054.088,1000,4,125.82,355.822,119.331,-309.366
19:35:05,45.185,1053.64,1000,4,125.82,356.27,121.985,-309.357
19:35:05,45.225,1053.247,1000,4,125.82,356.663,124.673,-309.348
19:35:05,45.266,1052.861,1000,4,125.82,357.049,127.656,-309.336
19:35:05,45.304,1052.551,1000,4,125.82,357.359,130.401,-309.33
19:35:05,45.345,1052.27,1000,4,125.82,357.64,133.182,-309.325
19:35:05,45.386,1052.04,1000,4,125.82,357.87,135.992,-309.321
19:35:05,45.43,1051.835,1000,4,125.82,358.075,139.109,-309.312
19:35:05,45.476,1051.665,1000,4,125.82,358.245,142.269,-309.31
19:35:05,45.516,1052.695,1000,4,125.82,358.385,146.344,-309.308
19:35:05,45.567,1038.125,1000,4,68.787,358.435,149.295,-309.306
19:35:05,45.605,1039.261,1000,4,68.787,358.449,152.265,-309.302
19:35:05,45.645,1039.287,1000,4,68.787,358.423,155.277,-309.303
19:35:05,45.703,1039.372,1000,4,68.787,358.338,159.237,-309.305
19:35:05,45.745,1026.222,1000,4,68.787,358.218,162.629,-309.304
19:35:05,45.785,1027.39,1000,4,68.787,358.07,165.735,-309.307
19:35:05,45.826,1028.509,1000,4,68.787,357.881,168.882,-309.311
19:35:05,45.869,1015.52,1000,4,68.787,357.66,172.05,-309.316
19:35:05,45.908,1003.484,1000,4,68.787,357.376,175.579,-309.319
19:35:05,45.96,990.892,1000,4,68.787,356.918,180.442,-309.33
19:35:05,46.009,953.247,1000,4,68.787,356.643,183.066,-309.337
19:35:05,46.05,928.491,1000,4,68.787,356.139,187.368,-309.35
19:35:05,46.097,929.048,1000,4,78.349,355.582,191.723,-309.362
19:35:05,46.162,929.75,1000,4,78.349,354.88,196.814,-309.384
19:35:05,46.206,905.878,1000,4,78.349,354.362,200.224,-309.4
19:35:05,46.252,931.376,1000,4,78.349,353.784,203.909,-309.42
19:35:05,46.311,919.626,1000,4,78.349,353.454,205.906,-309.431
19:35:05,46.357,883,1000,4,78.349,353.42,206.068,-309.431
19:35:05,46.398,870.86,1000,4,78.349,353.42,206.068,-309.431
19:35:05,46.449,846.807,894,4,78.349,353.453,206.189,-309.429
19:35:05,46.505,822.676,805,4,78.349,353.944,208.206,-309.397
19:35:05,46.546,809.807,757,4,78.349,355.123,213.503,-309.326
19:35:05,46.584,774.27,625,4,78.349,356.17,219.107,-309.262
19:35:05,46.626,762.253,581,4,58.294,356.877,223.655,-309.224
19:35:05,46.665,772.566,619,4,58.294,357.594,229.408,-309.182
19:35:05,46.708,760.71,575,4,58.294,358.13,235.246,-309.156
19:35:05,46.749,738.03,491,4,58.294,358.48,241.167,-309.137
19:35:05,46.785,715.207,407,4,58.294,358.651,247.778,-309.13
19:35:05,46.837,599.112,266,4,58.294,358.588,255.112,-309.135
19:35:05,46.875,613.682,266,4,58.294,358.291,261.94,-309.148
19:35:05,46.914,581.994,266,4,58.294,357.722,269.521,-309.181
19:35:05,46.969,556.51,266,4,58.294,356.963,276.575,-309.224
19:35:05,47.007,528.006,266,4,58.294,356.079,283.077,-309.273
19:35:05,47.045,478.335,266,4,58.294,355.245,288.358,-309.323
19:35:05,47.085,437.542,266,4,58.294,354.132,294.499,-309.384
19:35:05,47.126,414.685,266,4,149.315,353.425,298.072,-309.426
19:35:05,47.193,384.579,266,4,149.315,353.425,298.072,-309.426
19:35:05,47.234,349.92,266,4,149.315,353.425,298.072,-309.426
19:35:05,47.276,328.048,89,4,149.315,353.425,298.072,-309.426
19:35:05,47.326,309.572,0,4,149.315,353.436,298.031,-309.426
19:35:05,47.375,283.099,0,4,149.315,353.563,297.359,-309.418
19:35:05,47.416,259.634,0,4,149.315,353.864,295.796,-309.396
19:35:05,47.458,260.91,0,4,149.315,354.14,294.354,-309.382
19:35:05,47.498,246.763,0,4,149.315,354.477,292.55,-309.364
19:35:05,47.536,227.747,0,4,149.315,354.823,290.58,-309.34
19:35:05,47.578,202.632,0,4,149.315,355.128,288.795,-309.324
19:35:05,47.618,167.313,0,4,149.315,355.417,287.014,-309.304
19:35:05,47.662,143.334,0,4,23.804,355.776,284.704,-309.285
19:35:05,47.724,120.1,0,4,23.804,356.16,282.063,-309.263
19:35:05,47.769,102.883,0,4,23.804,356.427,280.132,-309.249
19:35:05,47.805,83.238,0,4,23.804,356.652,278.383,-309.233
19:35:05,47.852,77.197,0,4,23.804,356.923,276.119,-309.219
19:35:05,47.898,76.356,0,4,23.804,357.124,274.382,-309.21
19:35:05,47.938,75.866,0,4,23.804,357.304,272.654,-309.197
19:35:05,47.981,75.855,0,4,23.804,357.475,270.935,-309.189
19:35:05,48.035,75.627,0,4,23.804,357.673,268.712,-309.179
19:35:05,48.071,75.641,0,4,23.804,357.809,267,-309.168
19:35:05,48.111,75.231,0,4,23.804,357.949,265.13,-309.162
19:35:05,48.153,75.71,0,4,23.804,358.06,263.439,-309.158
19:35:05,48.194,75.634,0,4,43.774,358.156,261.752,-309.149
19:35:05,48.237,76.449,0,4,43.774,358.241,260.074,-309.147
19:35:05,48.277,77.641,0,4,43.774,358.309,258.227,-309.142
19:35:05,48.317,79.204,0,4,43.774,358.366,256.554,-309.136
19:35:05,48.361,80.127,0,4,43.774,358.403,255.227,-309.137
19:35:05,48.41,80.092,0,4,43.774,358.438,253.241,-309.131
19:35:05,48.448,84.806,0,4,43.774,358.454,251.433,-309.132
19:35:05,48.487,90.986,0,4,43.774,358.454,249.461,-309.133
19:35:05,48.536,103.003,0,4,43.774,358.437,247.662,-309.131
19:35:05,48.578,121.161,0,4,43.774,358.409,246.037,-309.134
19:35:05,48.621,143.413,0,4,43.774,358.367,244.418,-309.138
19:35:05,48.661,166.04,0,4,43.774,358.31,242.804,-309.138
19:35:05,48.698,195.798,0,4,41.27,358.192,240.23,-309.145
19:35:05,48.757,208.657,0,4,41.27,358.103,238.634,-309.151
19:35:05,48.811,216.623,0,4,41.27,357.967,236.565,-309.16
19:35:05,48.849,233.046,0,4,41.27,357.844,234.98,-309.164
19:35:05,48.898,247.556,0,4,41.27,357.694,233.244,-309.174
19:35:05,48.943,239.614,0,4,41.27,357.546,231.675,-309.184
19:35:05,48.981,219.128,0,4,41.27,357.382,230.109,-309.19
19:35:05,49.025,219.357,0,4,41.27,357.153,228.083,-309.204
19:35:05,49.068,230.612,0,4,41.27,356.898,226.072,-309.22
19:35:05,49.131,253.137,0,4,41.27,356.613,224.053,-309.231
19:35:05,49.17,301.966,0,4,41.27,356.434,222.826,-309.244
19:35:05,49.215,356.887,266,4,41.27,356.123,220.836,-309.263
19:35:05,49.263,417.583,266,4,38.909,355.867,219.313,-309.276
19:35:05,49.301,475.956,266,4,38.909,355.514,217.341,-309.298
19:35:05,49.349,585.989,266,4,38.909,355.201,215.68,-309.319
19:35:05,49.393,645.641,266,4,38.909,354.899,214.177,-309.335
19:35:05,49.431,698.593,345,4,38.909,354.587,212.682,-309.356
19:35:05,49.471,709.429,385,4,38.909,354.261,211.192,-309.378
19:35:05,49.512,698.736,346,4,38.909,353.884,209.561,-309.399
19:35:05,49.556,731.153,466,4,38.909,353.577,208.272,-309.418
19:35:05,49.594,720.755,427,4,38.909,353.455,207.765,-309.429
19:35:05,49.637,732.045,469,4,38.909,353.435,207.683,-309.431
19:35:05,49.687,743.335,511,4,38.909,353.435,207.668,-309.43
19:35:05,49.744,743.283,511,4,38.909,353.487,207.377,-309.431
19:35:05,49.783,787.918,676,4,25.156,353.642,206.461,-309.423
19:35:05,49.825,810.765,760,4,25.156,353.875,205.095,-309.416
19:35:05,49.88,845.741,890,4,25.156,354.219,202.979,-309.406
19:35:05,49.925,893.859,1000,4,25.156,354.481,201.355,-309.397
19:35:05,49.965,881.371,1000,4,25.156,354.729,199.728,-309.389
19:35:05,50.006,892.444,1000,4,25.156,354.976,198.117,-309.381
19:35:05,50.046,942.515,1000,4,25.156,355.235,196.354,-309.374
19:35:05,50.092,980.593,1000,4,25.156,355.507,194.426,-309.366
19:35:05,50.142,1006.327,1000,4,25.156,355.793,192.359,-309.359
19:35:05,50.185,1045.843,1000,4,25.156,356.007,190.778,-309.353
19:35:05,50.224,1032.289,1000,4,25.156,356.231,189.038,-309.348
19:35:05,50.267,993.11,1000,4,25.156,356.42,187.466,-309.342
19:35:05,50.307,980.26,1000,4,39.616,356.66,185.435,-309.333
19:35:05,50.368,954.59,1000,4,39.616,356.89,183.412,-309.329
19:35:05,50.409,1006.33,1000,4,39.616,357.06,181.868,-309.325
19:35:05,50.45,1059.415,1000,4,39.616,357.215,180.327,-309.32
19:35:05,50.492,1059.26,1000,4,39.616,357.37,178.792,-309.317
19:35:05,50.532,1072.694,1000,4,39.616,357.526,177.117,-309.314
19:35:05,50.575,1059.025,1000,4,39.616,357.655,175.596,-309.31
19:35:05,50.614,1045.44,1000,4,39.616,357.79,174.084,-309.312
19:35:05,50.657,1045.326,1000,4,39.616,357.904,172.576,-309.309
19:35:05,50.696,1072.224,1000,4,39.616,357.996,171.376,-309.307
19:35:05,50.734,1072.107,1000,4,39.616,358.113,169.728,-309.305
19:35:05,50.775,1072.008,1000,4,39.616,358.212,168.244,-309.303
19:35:05,50.818,1071.839,1000,4,37.769,358.331,166.022,-309.298
19:35:05,50.873,1071.576,1000,4,37.769,358.414,164.406,-309.297
19:35:05,50.923,1056.781,1000,4,37.769,358.499,162.508,-309.297
19:35:05,50.966,1043.289,1000,4,37.769,358.561,161.053,-309.296
19:35:05,51.004,1016.096,1000,4,37.769,358.594,159.898,-309.298
19:35:05,51.045,1015.352,1000,4,37.769,358.638,158.459,-309.298
19:35:05,51.09,1028.532,1000,4,37.769,358.678,156.592,-309.295
19:35:05,51.135,1041.835,1000,4,37.769,358.695,155.165,-309.294
19:35:05,51.177,1027.676,1000,4,37.769,358.714,153.75,-309.298
19:35:05,51.215,1054.375,1000,4,37.769,358.725,152.337,-309.298
19:35:05,51.254,1040.98,1000,4,37.769,358.72,150.791,-309.299
19:35:05,51.296,1040.998,1000,4,37.769,358.702,149.391,-309.298
19:35:05,51.341,1054.444,1000,4,36.008,358.656,146.886,-309.299
19:35:05,51.405,1067.947,1000,4,36.008,358.623,145.51,-309.3
19:35:05,51.448,1053.561,1000,4,36.008,358.579,144.412,-309.299
19:35:05,51.486,1067.077,1000,4,36.008,358.533,143.044,-309.301
19:35:05,51.542,1080.73,1000,4,36.008,358.44,141.006,-309.304
19:35:05,51.587,1094.46,1000,4,36.008,358.36,139.522,-309.307
19:35:05,51.628,1080.9,1000,4,36.008,358.27,138.178,-309.308
19:35:05,51.666,1080.989,1000,4,36.008,358.181,136.844,-309.31
19:35:05,51.704,1094.734,1000,4,36.008,358.086,135.513,-309.313
19:35:05,51.746,1094.856,1000,4,36.008,357.964,134.058,-309.315
19:35:05,51.787,1095.991,1000,4,36.008,357.839,132.741,-309.317
19:35:05,51.83,1097.01,1000,4,36.008,357.7,131.298,-309.321
19:35:05,51.877,1083.465,1000,4,33.425,357.565,129.999,-309.324
19:35:05,51.927,1097.338,1000,4,33.425,357.372,128.319,-309.329
19:35:05,51.968,1097.499,1000,4,33.425,357.211,127.028,-309.332
19:35:05,52.011,1097.718,1000,4,33.425,356.992,125.368,-309.338
19:35:05,52.055,1084.965,1000,4,33.425,356.815,124.099,-309.342
19:35:05,52.097,1085.155,1000,4,33.425,356.625,122.83,-309.346
19:35:05,52.148,1085.481,1000,4,33.425,356.299,120.821,-309.351
19:35:05,52.197,1072.639,1000,4,33.425,356.161,119.95,-309.358
19:35:05,52.239,1072.877,1000,4,33.425,355.923,118.584,-309.364
19:35:05,52.276,1073.112,1000,4,33.425,355.688,117.347,-309.369
19:35:05,52.315,1059.826,1000,4,33.425,355.454,116.119,-309.375
19:35:05,52.37,1073.746,1000,4,33.425,355.054,114.163,-309.383
19:35:05,52.416,1060.492,1000,4,32.042,354.788,112.948,-309.389
19:35:05,52.457,1074.271,1000,4,32.042,354.529,111.742,-309.401
19:35:05,52.499,1074.547,1000,4,32.042,354.253,110.544,-309.408
19:35:05,52.536,1061.85,1000,4,32.042,353.93,109.233,-309.413
19:35:05,52.577,1075.629,1000,4,32.042,353.681,108.223,-309.423
19:35:05,52.62,1075.799,1000,4,32.042,353.511,107.568,-309.426
19:35:05,52.66,1075.864,1000,4,32.042,353.446,107.301,-309.427
19:35:05,52.708,1075.36,1000,4,32.042,353.44,107.282,-309.43
19:35:05,52.762,1075.36,1000,4,32.042,353.44,107.282,-309.43
19:35:05,52.81,1075.36,1000,4,32.042,353.44,107.282,-309.43
19:35:05,52.85,1075.35,1000,4,32.042,353.45,107.234,-309.429
19:35:05,52.915,1074.594,1000,4,20.494,354.206,101.635,-309.42
19:35:05,52.989,1072.848,1000,4,20.494,355.952,85.122,-309.397
19:35:05,53.047,1072.041,1000,4,20.494,356.759,72.913,-309.386
19:35:05,53.101,1071.614,1000,4,20.494,357.186,58.094,-309.381
19:35:05,53.152,1071.665,1000,4,20.494,357.135,48.959,-309.379
19:35:05,53.196,1072.086,1000,4,20.494,356.714,37.241,-309.384
19:35:05,53.245,1072.671,1000,4,20.494,356.129,28.356,-309.393
19:35:05,53.283,1073.824,1000,4,20.494,355.486,21.338,-309.4
19:35:05,53.323,1074.81,1000,4,20.494,354.5,12.774,-309.413
19:35:05,53.362,1062.089,1000,4,20.494,353.691,6.911,-309.426
19:35:05,53.405,1062.34,1000,4,20.494,353.44,5.277,-309.426
19:35:05,53.446,1062.34,1000,4,188.343,353.44,5.277,-309.426
19:35:05,53.496,1062.339,1000,4,188.343,353.441,5.262,-309.426
19:35:05,53.564,1061.58,1000,4,188.343,354.2,0.11,-309.418
19:35:05,53.606,1060.529,1000,4,188.343,355.251,-9.803,-309.407
19:35:05,53.662,1059.398,1000,4,188.343,356.382,-20.146,-309.393
19:35:05,53.706,1058.787,1000,4,188.343,356.993,-29.119,-309.388
19:35:05,53.747,1058.355,1000,4,188.343,357.425,-41.303,-309.383
19:35:05,53.794,1058.292,1000,4,188.343,357.488,-50.172,-309.383
19:35:05,53.835,1058.469,1000,4,188.343,357.311,-59,-309.387
19:35:05,53.878,1058.952,1000,4,188.343,356.828,-70.881,-309.394
19:35:05,53.914,1059.638,1000,4,188.343,356.142,-79.656,-309.402
19:35:05,53.956,1060.887,1000,4,177.786,354.893,-91.671,-309.417
19:35:05,54.008,1061.804,1000,4,177.786,353.976,-98.725,-309.427
19:35:05,54.049,1062.135,1000,4,177.786,353.645,-100.502,-309.43
19:35:05,54.096,1062.157,1000,5,177.786,353.623,-100.327,-309.432
19:35:05,54.148,1062.12,1000,5,177.786,353.66,-100.13,-309.429
19:35:05,54.198,1075.103,1000,5,177.786,354.207,-104.644,-309.374
19:35:05,54.238,1060.404,1000,5,177.786,355.376,-112.34,-309.267
19:35:05,54.282,1058.736,1000,5,177.786,357.044,-128.184,-309.122
19:35:05,54.337,1058.062,1000,5,177.786,357.718,-139.913,-309.073
19:35:05,54.378,1057.69,1000,5,177.786,358.09,-149.521,-309.061
19:35:05,54.421,1058.026,1000,5,177.786,358.154,-159.026,-309.076
19:35:05,54.461,1058.309,1000,5,177.786,357.871,-171.357,-309.134
19:35:05,54.5,1045.252,1000,5,162.803,357.488,-179.873,-309.19
19:35:05,54.54,1059.606,1000,5,162.803,356.574,-190.028,-309.312
19:35:05,54.58,1060.829,1000,5,162.803,355.351,-202.755,-309.462
19:35:05,54.62,1061.583,1000,5,162.803,354.597,-207.067,-309.551
19:35:05,54.66,1061.712,1000,5,162.803,354.468,-208.164,-309.564
19:35:05,54.703,1075.242,1000,5,162.803,354.468,-208.164,-309.564
19:35:05,54.742,1075.242,1000,5,162.803,354.468,-208.164,-309.564
19:35:05,54.781,1075.238,1000,5,162.803,354.472,-208.212,-309.561
19:35:05,54.829,1061.307,1000,5,162.803,354.873,-206.985,-309.519
19:35:05,54.872,1073.26,1000,5,162.803,356.05,-196.106,-309.383
19:35:05,54.911,1072.173,1000,5,162.803,357.137,-186.885,-309.249
19:35:05,54.965,1071.236,1000,5,162.803,358.074,-172.797,-309.122
19:35:05,55,1070.836,1000,5,22.679,358.474,-158.562,-309.048
19:35:05,55.061,1070.883,1000,5,22.679,358.427,-147.036,-309.026
19:35:05,55.098,1071.234,1000,5,22.679,358.076,-137.402,-309.039
19:35:05,55.14,1072.282,1000,5,22.679,357.428,-127.647,-309.08
19:35:05,55.18,1073.332,1000,5,22.679,356.378,-116.769,-309.165
19:35:05,55.222,1088.203,1000,5,22.679,355.137,-106.72,-309.273
19:35:05,55.263,1089.387,1000,5,22.679,353.953,-98.477,-309.383
19:35:05,55.301,1089.475,1000,5,22.679,353.455,-95.424,-309.426
19:35:05,55.339,1089.497,1000,5,22.679,353.433,-95.524,-309.427
19:35:05,55.381,1075.877,1000,5,22.679,353.433,-95.524,-309.427
19:35:05,55.422,1075.876,1000,5,22.679,353.434,-95.569,-309.427
19:35:05,55.477,1075.52,1000,5,22.679,353.79,-93.958,-309.425
19:35:05,55.53,1074.051,1000,5,144.315,355.259,-81.471,-309.411
19:35:05,55.589,1072.925,1000,5,144.315,356.385,-69.414,-309.401
19:35:05,55.63,1071.828,1000,5,144.315,356.972,-60.586,-309.396
19:35:05,55.671,1085.101,1000,5,144.315,357.309,-51.734,-309.393
19:35:05,55.712,1084.991,1000,5,144.315,357.419,-41.77,-309.392
19:35:05,55.76,1085.235,1000,5,144.315,357.175,-29.581,-309.395
19:35:05,55.804,1072.093,1000,5,144.315,356.707,-20.615,-309.398
19:35:05,55.871,1086.187,1000,5,144.315,355.593,-6.081,-309.409
19:35:05,55.912,1073.918,1000,5,144.315,354.252,5.207,-309.423
19:35:05,55.962,1061.099,1000,5,144.315,353.561,10.043,-309.428
19:35:05,56.009,1074.738,1000,5,144.315,353.432,10.876,-309.429
19:35:05,56.054,1061.229,1000,5,186.411,353.431,10.89,-309.429
19:35:05,56.126,1060.972,1000,5,186.411,353.688,12.694,-309.424
19:35:05,56.171,1060.374,1000,5,186.411,354.286,17.133,-309.415
19:35:05,56.207,1059.211,1000,5,186.411,355.449,27.791,-309.399
19:35:05,56.249,1058.657,1000,5,186.411,356.003,34.569,-309.39
19:35:05,56.288,1057.435,1000,5,186.411,356.495,43.15,-309.383
19:35:05,56.328,1043.733,1000,5,186.411,356.797,52.716,-309.382
19:35:05,56.369,1057.089,1000,5,186.411,356.841,59.752,-309.38
19:35:05,56.41,1056.404,1000,5,186.411,356.696,68.633,-309.383
19:35:05,56.448,1043.421,1000,5,186.411,356.279,78.516,-309.391
19:35:05,56.487,1057.44,1000,5,186.411,355.66,87.59,-309.4
19:35:05,56.539,1044.253,1000,5,186.411,354.507,99.437,-309.414
19:35:05,56.578,1045.196,1000,5,178.697,353.564,107.123,-309.427
19:35:05,56.628,1058.701,1000,5,178.697,353.439,108.074,-309.431
19:35:05,56.666,1044.271,1000,5,178.697,353.439,108.074,-309.431
19:35:05,56.722,1057.631,1000,5,178.697,353.449,108.095,-309.433
19:35:05,56.773,1044.147,1000,5,178.697,353.563,108.545,-309.43
19:35:05,56.814,1043.811,1000,5,178.697,353.899,109.948,-309.418
19:35:05,56.854,1043.312,1000,5,178.697,354.398,112.069,-309.407
19:35:05,56.897,1042.88,1000,5,178.697,354.83,114.112,-309.394
19:35:05,56.935,1042.362,1000,5,178.697,355.348,116.702,-309.378
19:35:05,56.976,1041.888,1000,5,178.697,355.822,119.331,-309.366
19:35:05,57.016,1041.401,1000,5,178.697,356.309,122.254,-309.356
19:35:05,57.056,1053.21,1000,5,178.697,356.7,124.94,-309.347
19:35:05,57.105,1039.412,1000,5,45.385,357.148,128.479,-309.334
19:35:05,57.144,1039.112,1000,5,45.385,357.448,131.235,-309.329
19:35:05,57.183,1052.128,1000,5,45.385,357.782,134.861,-309.322
19:35:05,57.25,1023.985,1000,5,45.385,358.075,139.109,-309.312
19:35:05,57.311,1023.758,1000,5,45.385,358.302,143.72,-309.309
19:35:05,57.356,1023.697,1000,5,45.385,358.363,145.76,-309.307
19:35:05,57.397,1010.472,1000,5,45.385,358.438,149.588,-309.306
19:35:05,57.453,1010.467,1000,5,45.385,358.443,153.47,-309.302
19:35:05,57.504,997.488,1000,5,45.385,358.372,158.009,-309.304
19:35:05,57.554,1009.308,1000,5,45.385,358.272,161.389,-309.307
19:35:05,57.595,1009.45,1000,5,45.385,358.13,164.491,-309.305
19:35:05,57.637,1022.796,1000,5,73.629,357.904,168.565,-309.31
19:35:05,57.685,1023.016,1000,5,73.629,357.684,171.734,-309.315
19:35:05,57.729,1010.15,1000,5,73.629,357.43,174.934,-309.321
19:35:05,57.769,1010.476,1000,5,73.629,357.104,178.484,-309.324
19:35:05,57.81,1009.269,1000,5,73.629,356.881,180.77,-309.331
19:35:05,57.847,1021.162,1000,5,73.629,356.528,184.054,-309.339
19:35:05,57.887,1033.065,1000,5,73.629,356.105,187.707,-309.352
19:35:05,57.935,1031.836,1000,5,73.629,355.544,192.066,-309.364
19:35:05,57.993,1047.571,1000,5,73.629,354.829,197.152,-309.386
19:35:05,58.04,1048.087,1000,5,73.629,354.313,200.56,-309.402
19:35:05,58.077,1063.617,1000,5,73.629,353.853,203.452,-309.415
19:35:05,58.118,1063.933,1000,5,73.629,353.537,205.404,-309.429
19:35:05,58.16,1077.467,1000,5,76.849,353.433,205.985,-309.431
19:35:05,58.216,1077.374,1000,5,76.849,353.526,206.491,-309.422
19:35:05,58.299,1076.675,1000,5,76.849,354.225,209.384,-309.38
19:35:05,58.345,1076.891,1000,5,76.849,355.669,216.296,-309.295
19:35:05,58.393,1062.476,1000,5,76.849,356.624,221.941,-309.238
19:35:05,58.437,1063.036,1000,5,76.849,357.594,229.408,-309.182
19:35:05,58.48,1075.98,1000,5,76.849,358.13,235.246,-309.156
19:35:05,58.529,1078.38,1000,5,76.849,358.48,241.167,-309.137
19:35:05,58.582,1064.69,1000,5,76.849,358.66,248.991,-309.127
19:35:05,58.62,1065.972,1000,5,76.849,358.568,255.726,-309.134
19:35:05,58.659,1081.086,1000,5,107.732,358.084,265.086,-309.161
19:35:05,58.719,1081.632,1000,5,107.732,357.538,271.434,-309.192
19:35:05,58.761,1082.368,1000,5,107.732,356.802,277.87,-309.231
19:35:05,58.813,1097.25,1000,5,107.732,355.57,286.37,-309.303
19:35:05,58.853,1084.833,1000,5,107.732,354.337,293.449,-309.375
19:35:05,58.893,1085.596,1000,5,107.732,353.574,297.347,-309.421
19:35:05,58.934,1099.395,1000,5,107.732,353.425,298.072,-309.426
19:35:05,58.985,1099.368,1000,5,107.732,353.452,297.928,-309.424
19:35:05,59.051,1098.602,1000,5,107.732,354.218,293.945,-309.376
19:35:05,59.091,1083.84,1000,5,107.732,355.33,287.579,-309.31
19:35:05,59.131,1096.685,1000,5,107.732,356.135,282.254,-309.266
19:35:05,59.174,1095.839,1000,5,107.732,356.981,275.682,-309.218
19:35:05,59.213,1095.192,1000,5,19.801,357.628,269.199,-309.179
19:35:05,59.257,1094.621,1000,5,19.801,358.199,260.916,-309.15
19:35:05,59.303,1094.392,1000,5,19.801,358.428,254.017,-309.135
19:35:05,59.341,1094.411,1000,5,19.801,358.409,246.005,-309.134
19:35:05,59.392,1094.644,1000,5,19.801,358.176,239.942,-309.145
19:35:05,59.434,1095.066,1000,5,19.801,357.754,233.967,-309.17
19:35:05,59.483,1096.902,1000,5,19.801,356.928,226.334,-309.216
19:35:05,59.532,1098.046,1000,5,19.801,355.784,218.84,-309.282
19:35:05,59.575,1099.137,1000,5,19.801,354.693,213.186,-309.349
19:35:05,59.615,1100.068,1000,5,19.801,353.762,209.019,-309.41
19:35:05,59.674,1100.395,1000,5,19.801,353.435,207.683,-309.431
19:35:05,59.732,1100.395,1000,5,125.736,353.435,207.683,-309.431
19:35:05,59.771,1100.395,1000,5,125.736,353.435,207.683,-309.431
19:35:05,59.811,1100.394,1000,5,125.736,353.436,207.683,-309.431
19:35:05,59.863,1100.36,1000,5,125.736,353.47,207.466,-309.431
19:35:05,59.917,1100.065,1000,5,125.736,353.765,205.75,-309.418
19:35:05,59.956,1099.487,1000,5,125.736,354.343,202.18,-309.4
19:35:05,60.012,1098.795,1000,5,125.736,355.035,197.716,-309.38
19:35:05,60.063,1098.069,1000,5,125.736,355.761,192.607,-309.36
19:35:05,60.114,1097.587,1000,5,125.736,356.243,188.895,-309.344
19:35:05,60.157,1083.505,1000,5,125.736,356.645,185.553,-309.335
19:35:05,60.194,1096.811,1000,5,125.736,357.019,182.246,-309.328
19:35:05,60.235,1096.389,1000,5,54.611,357.441,177.983,-309.315
19:35:05,60.291,1096.096,1000,5,54.611,357.734,174.745,-309.311
19:35:05,60.327,1095.849,1000,5,54.611,357.981,171.538,-309.307
19:35:05,60.37,1095.616,1000,5,54.611,358.214,168.039,-309.3
19:35:05,60.427,1081.685,1000,5,54.611,358.465,163.333,-309.296
19:35:05,60.475,1080.581,1000,5,54.611,358.589,160.236,-309.297
19:35:05,60.513,1080.492,1000,5,54.611,358.678,156.859,-309.297
19:35:05,60.555,1080.463,1000,5,54.611,358.707,154.431,-309.294
19:35:05,60.592,1094.104,1000,5,54.611,358.716,151.414,-309.296
19:35:05,60.638,1094.144,1000,5,54.611,358.676,147.548,-309.299
19:35:05,60.689,1094.26,1000,5,54.611,358.56,143.734,-309.302
19:35:05,60.731,1094.389,1000,5,54.611,358.431,140.835,-309.303
19:35:05,60.776,1094.562,1000,5,76.472,358.258,137.964,-309.308
19:35:05,60.82,1094.836,1000,5,76.472,357.984,134.281,-309.316
19:35:05,60.868,1095.101,1000,5,76.472,357.719,131.48,-309.323
19:35:05,60.906,1095.442,1000,5,76.472,357.378,128.436,-309.327
19:35:05,60.945,1096.725,1000,5,76.472,357.105,126.244,-309.335
19:35:05,60.992,1097.18,1000,5,76.472,356.65,122.99,-309.347
19:35:05,61.037,1097.661,1000,5,76.472,356.169,120.052,-309.355
19:35:05,61.077,1098.278,1000,5,76.472,355.552,116.621,-309.372
19:35:05,61.126,1098.806,1000,5,76.472,355.024,114.009,-309.386
19:35:05,61.165,1099.366,1000,5,76.472,354.464,111.444,-309.4
19:35:05,61.204,1099.891,1000,5,76.472,353.939,109.272,-309.415
19:35:05,61.245,1100.258,1000,5,76.472,353.572,107.803,-309.424
19:35:05,61.285,1100.392,1000,5,61.554,353.438,107.285,-309.43
19:35:05,61.337,1100.39,1000,5,61.554,353.44,107.282,-309.43
19:35:05,61.38,1100.39,1000,5,61.554,353.44,107.282,-309.43
19:35:05,61.424,1100.39,1000,5,61.554,353.44,107.282,-309.43
19:35:05,61.48,1100.358,1000,5,61.554,353.472,107.088,-309.431
19:35:05,61.535,1086.206,1000,5,61.554,353.944,103.631,-309.424
19:35:05,61.581,1084.914,1000,5,61.554,355.236,92.699,-309.407
19:35:05,61.629,1084.928,1000,5,61.554,356.102,83.235,-309.395
19:35:05,61.678,1084.318,1000,5,61.554,356.712,73.849,-309.389
19:35:05,61.718,1097.571,1000,5,61.554,357.139,61.774,-309.383
19:35:05,61.764,1083.852,1000,5,61.554,357.178,51.685,-309.382
19:35:05,61.804,1084.181,1000,5,121.872,356.849,39.93,-309.384
19:35:05,61.866,1084.021,1000,5,121.872,356.129,28.356,-309.393
19:35:05,61.905,1084.844,1000,5,121.872,355.306,19.594,-309.402
19:35:05,61.946,1085.839,1000,5,121.872,354.311,11.265,-309.418
19:35:05,61.987,1086.562,1000,5,121.872,353.588,6.265,-309.424
19:35:05,62.029,1086.71,1000,5,121.872,353.44,5.281,-309.426
19:35:05,62.082,1101.27,1000,5,121.872,353.44,5.277,-309.426
19:35:05,62.129,1101.27,1000,5,121.872,353.44,5.277,-309.426
19:35:05,62.171,1101.24,1000,5,121.872,353.47,5.096,-309.427
19:35:05,62.241,1100.778,1000,5,121.872,353.932,1.941,-309.419
19:35:05,62.28,1086.311,1000,5,121.872,354.719,-4.228,-309.413
19:35:05,62.333,1084.792,1000,5,112.367,356.238,-19.948,-309.394
19:35:05,62.381,1084.14,1000,5,112.367,356.89,-28.928,-309.387
19:35:05,62.422,1070.132,1000,5,112.367,357.298,-37.857,-309.383
19:35:05,62.461,1069.941,1000,5,112.367,357.489,-47.828,-309.383
19:35:05,62.499,1070.022,1000,5,112.367,357.408,-56.67,-309.386
19:35:05,62.54,1056.843,1000,5,112.367,357.087,-65.484,-309.391
19:35:05,62.588,1044.937,1000,5,112.367,356.303,-77.499,-309.399
19:35:05,62.63,1032.498,1000,5,112.367,355.422,-86.265,-309.41
19:35:05,62.69,1033.089,1000,5,112.367,354.121,-97.755,-309.428
19:35:05,62.736,1020.367,1000,5,112.367,353.623,-100.327,-309.432
19:35:05,62.795,1019.557,1000,5,112.367,353.623,-100.327,-309.432
19:35:05,62.844,1019.557,1000,5,165.326,353.623,-100.327,-309.432
19:35:05,62.902,1006.431,1000,6,165.326,353.629,-100.309,-309.432
19:35:05,62.954,992.996,1000,6,165.326,354.034,-103.746,-309.391
19:35:05,62.992,978.988,1000,6,165.326,355.112,-110.298,-309.291
19:35:05,63.047,977.495,1000,6,165.326,356.605,-123.268,-309.159
19:35:05,63.097,951.835,1000,6,165.326,357.415,-133.064,-309.093
19:35:05,63.136,937.897,1000,6,165.326,357.943,-144.731,-309.065
19:35:05,63.186,936.843,1000,6,165.326,358.167,-157.133,-309.07
19:35:05,63.225,925.297,1000,6,165.326,357.983,-168.549,-309.115
19:35:05,63.266,926.003,1000,6,165.326,357.277,-182.649,-309.218
19:35:05,63.314,927.023,1000,6,165.326,356.257,-194.777,-309.351
19:35:05,63.363,928.528,1000,6,199.523,354.752,-206.186,-309.533
19:35:05,63.416,942.109,1000,6,199.523,354.471,-208.169,-309.564
19:35:05,63.462,954.782,1000,6,199.523,354.468,-208.164,-309.564
19:35:05,63.506,955.422,1000,6,199.523,354.468,-208.164,-309.564
19:35:05,63.558,981.058,1000,6,199.523,354.472,-208.212,-309.561
19:35:05,63.607,993.358,1000,6,199.523,355.132,-204.859,-309.487
19:35:05,63.645,1018.64,1000,6,199.523,356.05,-196.106,-309.383
19:35:05,63.686,1017.879,1000,6,199.523,357.391,-182.11,-309.211
19:35:05,63.737,991.456,1000,6,199.523,358.074,-172.797,-309.122
19:35:05,63.777,991.474,1000,6,199.523,358.426,-161.404,-309.059
19:35:05,63.817,978.459,1000,6,199.523,358.461,-150.952,-309.029
19:35:05,63.855,953.313,1000,6,199.523,358.167,-139.342,-309.032
19:35:05,63.896,953.901,1000,6,131.773,357.579,-129.605,-309.071
19:35:05,63.937,929.477,1000,6,131.773,356.703,-119.748,-309.138
19:35:05,63.976,905.826,1000,6,131.773,355.404,-108.75,-309.247
19:35:05,64.017,919.515,1000,6,131.773,354.145,-99.299,-309.362
19:35:05,64.06,920.051,1000,6,131.773,353.609,-96.543,-309.413
19:35:05,64.096,907.797,1000,6,131.773,353.433,-95.524,-309.427
19:35:05,64.137,920.227,1000,6,131.773,353.433,-95.524,-309.427
19:35:05,64.18,903.16,1000,6,131.773,353.434,-95.569,-309.427
19:35:05,64.228,902.804,1000,6,131.773,353.79,-93.958,-309.425
19:35:05,64.27,906.637,1000,6,131.773,354.723,-86.909,-309.415
19:35:05,64.309,891.658,1000,6,131.773,355.738,-76.066,-309.407
19:35:05,64.35,890.81,1000,6,131.773,356.586,-66.164,-309.4
19:35:05,64.392,848.114,899,6,131.773,357.102,-57.33,-309.395
19:35:05,64.432,879.635,1000,6,150.934,357.367,-48.477,-309.392
19:35:05,64.474,903.826,1000,6,150.934,357.404,-39.593,-309.392
19:35:05,64.511,879.384,1000,6,150.934,357.266,-32.86,-309.394
19:35:05,64.566,892.295,1000,6,150.934,356.595,-18.419,-309.4
19:35:05,64.612,893.125,1000,6,150.934,355.765,-8.294,-309.407
19:35:05,64.667,895.038,1000,6,150.934,353.992,7.137,-309.425
19:35:05,64.729,907.921,1000,6,150.934,353.439,10.849,-309.429
19:35:05,64.772,945.498,1000,6,150.934,353.432,10.876,-309.429
19:35:05,64.811,945.495,1000,6,150.934,353.435,10.914,-309.429
19:35:05,64.867,920.092,1000,6,150.934,353.748,13.097,-309.424
19:35:05,64.909,894.457,1000,6,150.934,354.573,19.436,-309.412
19:35:05,64.949,893.747,1000,6,149.859,355.283,26.105,-309.4
19:35:05,64.988,880.777,1000,6,149.859,356.003,34.569,-309.39
