Time,Speed,accX,accY,accZ,velocity_magnitude
0.074,1500,0.01325137,0.00475824,-0.0088489,0
0.085,1500,0.01525137,0.00475824,-0.0098489,0
0.096,1500,0.02325137,0.00875824,-0.0058489,0
0.106,1500,0.02325137,0.00475824,0.0011511,0
0.116,1500,0.01525137,0.00575824,-0.0038489,0
0.126,1500,0.01325137,0.01175824,-0.0038489,0
0.136,1500,0.02125137,0.00375824,-0.0048489,0
0.146,1500,0.02825137,0.00275824,0.0001511,0
0.156,1500,0.02525137,0.00775824,0.0031511,0
0.166,1500,0.02525137,0.00675824,0.0071511,0
0.176,1500,0.02925137,0.00175824,0.0041511,0
0.187,1500,0.02125137,0.00175824,0.0051511,0
0.196,1500,0.02225137,0.00575824,0.0011511,0
0.206,1500,0.01525137,0.00775824,-0.0098489,0
0.216,1500,0.01725137,0.00975824,-0.0048489,0
0.225,1500,0.01525137,0.00575824,-0.0048489,0
0.236,1500,0.02825137,0.00575824,0.0031511,0
0.246,1500,0.01825137,0.00675824,-0.0008489,0
0.256,1500,0.02325137,0.00675824,-0.0028489,0
0.266,1500,0.02725137,0.00675824,0.0001511,0
0.276,1500,0.02725137,0.00475824,0.0031511,0
0.286,1500,0.02425137,0.00875824,0.0001511,0
0.296,1500,0.02525137,0.00675824,0.0011511,0
0.305,1500,0.01925137,0.00375824,-0.0018489,0
0.316,1500,0.01225137,0.00475824,-0.0048489,0
0.325,1500,0.02325137,0.00675824,-0.0068489,0
0.336,1500,0.01425137,0.00275824,-0.0058489,0
0.346,1500,0.01725137,0.00475824,0.0011511,0
0.356,1500,0.01725137,0.01075824,-0.0078489,0
0.366,1500,0.01825137,0.00775824,-0.0008489,0
0.375,1500,0.02625137,0.00275824,0.0001511,0
0.386,1500,0.02125137,0.00375824,-0.0038489,0
0.396,1500,0.03125137,0.00675824,0.0011511,0
0.406,1500,0.02625137,0.00275824,0.0041511,0
0.416,1500,0.03225137,-0.00024176,0.0041511,0
0.425,1500,0.01125137,0.00575824,-0.0018489,0
0.436,1500,0.02825137,0.00575824,-0.0048489,0
0.446,1500,0.01125137,0.00375824,-0.0008489,0
0.456,1500,0.01925137,0.00675824,0.0011511,0
0.466,1500,0.01525137,0.00275824,-0.0038489,0
0.476,1500,0.02025137,0.00975824,-0.0048489,0
0.486,1500,0.02925137,0.00475824,0.0001511,0
0.496,1500,0.02625137,0.00375824,0.0021511,0
0.506,1500,0.03025137,0.00475824,0.0031511,0
0.516,1500,0.02125137,0.00875824,-0.0028489,0
0.526,1500,0.03225137,0.00375824,0.0011511,0
0.536,1500,0.02125137,-0.00024176,0.0021511,0
0.546,1500,0.02925137,0.00875824,0.0041511,0
0.556,1500,0.01025137,0.01075824,-0.0038489,0
0.565,1500,0.02525137,0.00275824,-0.0018489,0
0.575,1500,0.00625137,0.00175824,-0.0028489,0
0.587,1500,0.02025137,0.00675824,-0.0058489,0
0.596,1500,0.01425137,0.00875824,-0.0128489,0
0.606,1500,0.02625137,0.00575824,-0.0038489,0
0.617,1500,0.02525137,0.00775824,-0.0058489,0
0.626,1500,0.02525137,0.00475824,0.0021511,0
0.636,1500,0.02725137,0.00675824,0.0011511,0
0.646,1500,0.02525137,-0.00024176,0.0071511,0
0.656,1500,0.02525137,0.00375824,0.0041511,0
0.666,1500,0.02625137,0.00975824,0.0011511,0
0.676,1500,0.01125137,0.00375824,-0.0038489,0
0.686,1500,0.02025137,0.00275824,-0.0038489,0
0.696,1500,0.01025137,0.00675824,-0.0058489,0
0.706,1500,0.02025137,0.00675824,-0.0038489,0
0.716,1500,0.01525137,0.00175824,0.0001511,0
0.726,1500,0.02525137,0.00575824,-0.0038489,0
0.736,1500,0.02525137,0.00475824,0.0041511,0
0.747,1500,0.03325137,0.00675824,-0.0008489,0
0.756,1500,0.01725137,0.01075824,0.0001511,0
0.766,1500,0.03025137,0.00375824,-0.0028489,0
0.776,1500,0.01925137,0.00475824,-0.0038489,0
0.786,1500,0.02525137,0.00975824,-0.0008489,0
0.796,1500,0.01925137,0.00275824,0.0021511,0
0.806,1500,0.02425137,0.00075824,0.0001511,0
0.816,1500,0.01325137,0.00775824,-0.0028489,0
0.826,1500,0.01025137,0.00675824,-0.0098489,0
0.836,1500,0.02825137,0.00875824,-0.0028489,0
0.846,1500,0.02225137,0.00175824,0.0001511,0
0.856,1500,0.03125137,0.00775824,0.0061511,0
0.866,1500,0.02525137,0.00875824,0.0031511,0
0.876,1500,0.02425137,0.00175824,-0.0008489,0
0.887,1500,0.02625137,0.00875824,0.0061511,0
0.896,1500,0.02125137,0.00575824,0.0011511,0
0.906,1500,0.02325137,0.00775824,0.0011511,0
0.916,1500,0.01825137,0.00675824,-0.0048489,0
0.926,1500,0.01925137,0.00675824,-0.0028489,0
0.937,1500,0.01825137,0.00775824,-0.0028489,0
0.946,1500,0.01925137,0.00675824,-0.0028489,0
0.956,1500,0.02225137,0.00475824,-0.0018489,0
0.966,1500,0.02825137,0.00575824,-0.0038489,0
0.977,1500,0.02525137,0.00475824,-0.0008489,0
0.987,1500,0.02525137,0.00275824,0.0021511,0
0.996,1500,0.02525137,0.00475824,0.0061511,0
1.006,1500,0.02525137,0.00775824,0.0001511,0
1.016,1500,0.02525137,0.00475824,0.0011511,0
1.026,1500,0.01725137,0.00375824,-0.0008489,0
1.036,1500,0.01925137,0.00675824,-0.0078489,0
1.046,1500,0.01425137,0.00475824,-0.0038489,0
1.056,1500,0.01925137,0.00875824,-0.0008489,0
1.066,1500,0.01825137,0.00975824,-0.0008489,0
1.076,1500,0.02025137,0.00675824,-0.0058489,0
1.086,1500,0.02125137,0.01875824,-0.0028489,0
1.096,1500,0.06225137,0.05975824,-0.0078489,0
1.106,1500,0.06325137,0.07875824,-0.0108489,0
1.116,1500,0.07425137,0.08475824,-0.0148489,0
1.126,1500,0.09425137,0.10675824,-0.0108489,13.8153124792558
1.136,1500,0.14425137,0.11975824,-0.0018489,13.8153124792558
1.146,1500,0.12125137,0.12775824,-0.0098489,13.8153124792558
1.156,1500,0.10025137,0.14775824,-0.0128489,13.8153124792558
1.166,1500,0.11625137,0.16375824,-0.0038489,13.8153124792558
1.176,1500,0.11925137,0.18175824,-0.0208489,13.8153124792558
1.186,1500,0.09925137,0.14175824,-0.0108489,13.8153124792558
1.196,1500,0.10625137,0.12475824,0.0091511,13.8153124792558
1.206,1500,0.17025137,0.10875824,0.0021511,13.8153124792558
1.216,1500,0.09425137,0.06975824,-0.0248489,13.8153124792558
1.226,1500,0.07825137,0.09375824,0.0031511,13.8153124792558
1.236,1500,0.04225137,0.07075824,-0.0268489,13.8153124792558
1.247,1500,0.01025137,0.08275824,0.0201511,13.8153124792558
1.256,1500,-0.04674863,0.05575824,-0.0228489,13.8153124792558
1.266,1500,0.05025137,-0.04224176,0.0061511,13.8153124792558
1.276,1500,0.05425137,0.00075824,-0.0038489,13.8153124792558
1.286,1500,-0.04674863,0.05475824,-0.0208489,13.8153124792558
1.296,1500,-0.04174863,0.05775824,-0.0618489,13.8153124792558
1.306,1500,0.04325137,-0.01124176,0.0231511,13.8153124792558
1.316,1500,-0.00774863,-0.04124176,0.0331511,13.8153124792558
1.326,1500,0.03025137,0.02275824,0.0611511,13.8153124792558
1.336,1500,0.01725137,0.07175824,-0.0068489,13.8153124792558
1.346,1500,0.00825137,0.01575824,-0.0198489,13.8153124792558
1.356,1500,0.08125137,-0.01624176,0.0141511,13.8153124792558
1.366,1500,0.03225137,0.00675824,-0.0378489,13.8153124792558
1.376,1500,-0.01774863,0.02075824,0.0281511,13.8153124792558
1.386,1500,-0.02674863,-0.00024176,0.0271511,13.8153124792558
1.396,1500,-0.05274863,0.00875824,-0.0418489,13.8153124792558
1.406,1500,-0.02174863,-0.02624176,-0.0308489,13.8153124792558
1.416,1500,-0.03174863,-0.05124176,0.0581511,13.8153124792558
1.426,1500,-0.07474863,0.03675824,-0.0498489,13.8153124792558
1.436,1500,0.01225137,0.05775824,-0.0268489,13.8153124792558
1.446,1500,0.13425137,0.04975824,0.0141511,13.8153124792558
1.456,1500,0.08625137,-0.03124176,0.0491511,13.8153124792558
1.466,1500,0.06525137,0.02675824,-0.0168489,13.8153124792558
1.476,1500,-0.01274863,0.08575824,-0.0188489,13.8153124792558
1.486,1500,-0.10174863,0.03575824,-0.0178489,13.8153124792558
1.496,1500,0.05525137,-0.00724176,-0.0118489,13.8153124792558
1.506,1500,0.12825137,0.05075824,-0.0478489,13.8153124792558
1.517,1500,0.08325137,0.15075824,-0.0088489,13.8153124792558
1.527,1500,-0.02474863,0.13075824,-0.0918489,13.8153124792558
1.537,1500,0.09225137,0.03075824,0.0111511,13.8153124792558
1.547,1500,0.09025137,0.09775824,0.2621511,13.8153124792558
1.557,1500,-0.01974863,0.13275824,-0.0478489,13.8153124792558
1.567,1500,-0.04574863,0.11875824,-0.0328489,13.8153124792558
1.576,1500,0.06525137,-0.02424176,0.0281511,13.8153124792558
1.586,1500,0.07025137,0.06075824,0.0741511,13.8153124792558
1.596,1500,0.03425137,0.10375824,0.0141511,13.8153124792558
1.606,1500,0.07925137,0.02475824,0.0611511,13.8153124792558
1.617,1500,0.06625137,-0.05324176,0.0821511,13.8153124792558
1.626,1500,-0.07674863,-0.08224176,0.0221511,13.8153124792558
1.636,1500,-0.04174863,-0.07124176,-0.0698489,13.8153124792558
1.646,1500,-0.23774863,-0.14824176,-0.1288489,223.760612676571
1.656,1500,-0.00874863,-0.21024176,-0.0518489,223.760612676571
1.666,1500,-0.05274863,-0.16224176,-0.0598489,223.760612676571
1.676,1500,-0.03974863,-0.09424176,-0.0378489,223.760612676571
1.686,1500,-0.04174863,-0.10824176,-0.0218489,223.760612676571
1.697,1500,0.15125137,-0.07624176,0.0411511,223.760612676571
1.707,1500,-0.09374863,-0.15624176,-0.0408489,223.760612676571
1.717,1500,-0.02774863,-0.02924176,0.1591511,223.760612676571
1.727,1500,-0.18474863,-0.08224176,0.0141511,223.760612676571
1.737,1500,-0.17074863,-0.02524176,0.0261511,223.760612676571
1.746,1500,-0.05174863,-0.01224176,-0.0378489,223.760612676571
1.757,1500,0.00525137,-0.01924176,-0.1018489,223.760612676571
1.766,1500,-0.05474863,-0.06824176,-0.0798489,223.760612676571
1.776,1500,-0.04574863,-0.03824176,-0.0388489,223.760612676571
1.786,1500,-0.00474863,-0.04224176,-0.0678489,223.760612676571
1.796,1500,-0.03574863,0.03575824,-0.0758489,223.760612676571
1.806,1500,0.10825137,0.03875824,-0.0858489,223.760612676571
1.816,1500,-0.07074863,-0.01524176,-0.1038489,223.760612676571
1.827,1500,0.03925137,0.01475824,-0.0168489,223.760612676571
1.837,1500,0.04125137,0.00775824,-0.0148489,223.760612676571
1.847,1500,-0.03474863,-0.01824176,0.0421511,223.760612676571
1.857,1500,-0.14374863,-0.04424176,-0.0228489,223.760612676571
1.867,1500,0.03025137,0.04575824,0.0321511,223.760612676571
1.877,1500,-0.04374863,0.01575824,0.0221511,223.760612676571
1.887,1500,-0.17574863,-0.06624176,-0.2108489,223.760612676571
1.896,1500,-0.20274863,0.00475824,0.0031511,223.760612676571
1.907,1500,0.01225137,-0.01024176,-0.1078489,223.760612676571
1.917,1500,0.02525137,0.01375824,-0.1608489,223.760612676571
1.927,1500,-0.03974863,-0.00324176,-0.0898489,223.760612676571
1.937,1500,0.06725137,0.03975824,0.0001511,223.760612676571
1.946,1500,-0.00274863,-0.04624176,-0.1108489,223.760612676571
1.956,1500,0.04925137,-0.01424176,-0.0028489,223.760612676571
1.966,1500,0.25025137,0.08475824,-0.0088489,223.760612676571
1.977,1500,-0.02874863,0.03475824,-0.0318489,223.760612676571
1.987,1500,0.05425137,0.04675824,0.1411511,223.760612676571
1.997,1500,0.04225137,0.03275824,0.1181511,223.760612676571
2.006,1500,0.10825137,0.06575824,0.0341511,223.760612676571
2.016,1500,-0.10074863,0.02775824,-0.0038489,223.760612676571
2.026,1500,0.10025137,0.04375824,-0.0428489,223.760612676571
2.036,1500,0.08725137,0.02275824,-0.0448489,223.760612676571
2.047,1500,-0.04274863,0.00375824,-0.1388489,223.760612676571
2.056,1500,-0.07274863,0.01875824,-0.0398489,223.760612676571
2.066,1500,-0.03274863,0.02175824,-0.0948489,223.760612676571
2.077,1500,-0.00074863,0.06975824,0.0631511,223.760612676571
2.087,1500,0.01425137,0.05575824,-0.0398489,223.760612676571
2.097,1500,0.01725137,0.08075824,0.0541511,223.760612676571
2.107,1500,0.06725137,0.08675824,-0.0238489,223.760612676571
2.117,1500,0.01725137,0.02075824,0.0331511,223.760612676571
2.126,1500,-0.03174863,0.10075824,-0.0118489,223.760612676571
2.136,1500,-0.02974863,0.05475824,-0.1108489,223.760612676571
2.146,1500,0.04025137,0.10175824,0.0831511,223.760612676571
2.157,1500,0.07725137,0.08975824,0.1221511,223.760612676571
2.166,1500,-0.05374863,-0.03024176,-0.0378489,195.206870289105
2.176,1500,-0.05474863,-0.09524176,-0.1928489,195.206870289105
2.188,1500,0.00225137,0.01275824,0.2161511,195.206870289105
2.196,1500,-0.12674863,-0.18424176,-0.2238489,195.206870289105
2.207,1500,-0.05774863,-0.12424176,-0.0208489,195.206870289105
2.217,1500,-0.06774863,-0.05524176,0.0841511,195.206870289105
2.226,1500,-0.12574863,-0.14624176,0.0181511,195.206870289105
2.236,1500,0.08825137,-0.07924176,0.0981511,195.206870289105
2.247,1500,-0.04974863,-0.13824176,0.0101511,195.206870289105
2.256,1500,-0.05274863,-0.14724176,-0.0398489,195.206870289105
2.266,1500,-0.00574863,-0.08724176,0.0141511,195.206870289105
2.277,1500,-0.06974863,-0.04124176,-0.0088489,195.206870289105
2.286,1500,-0.05774863,-0.05324176,-0.0418489,195.206870289105
2.296,1500,-0.01574863,-0.05724176,0.0041511,195.206870289105
2.307,1500,0.01725137,-0.03424176,0.0011511,195.206870289105
2.317,1500,-0.00374863,-0.01924176,0.0021511,195.206870289105
2.327,1500,-0.01974863,0.01975824,-0.0188489,195.206870289105
2.337,1500,0.01925137,0.02375824,-0.0108489,195.206870289105
2.347,1500,-0.00074863,0.00075824,-0.0468489,195.206870289105
2.357,1500,-0.00474863,-0.00624176,-0.0288489,195.206870289105
2.367,1500,-0.02874863,-0.01124176,0.0301511,195.206870289105
2.377,1500,0.01025137,0.00375824,-0.0018489,195.206870289105
2.386,1500,0.03925137,0.03075824,0.0301511,195.206870289105
2.396,1500,-0.03974863,-0.00324176,0.0091511,195.206870289105
2.407,1500,-0.00174863,0.01175824,-0.0278489,195.206870289105
2.416,1500,-0.00374863,-0.01024176,0.0021511,195.206870289105
2.426,1500,-0.05374863,0.00675824,0.0481511,195.206870289105
2.437,1500,-0.02174863,0.02575824,-0.0018489,195.206870289105
2.446,1500,-0.04874863,-0.01224176,-0.0048489,195.206870289105
2.457,1500,-0.01374863,-0.01424176,0.0221511,195.206870289105
2.467,1500,0.05125137,0.02575824,0.0521511,195.206870289105
2.477,1500,0.02125137,-0.00224176,0.0021511,195.206870289105
2.486,1500,0.02625137,0.01475824,0.0151511,195.206870289105
2.497,1500,-0.09474863,0.02775824,-0.0028489,195.206870289105
2.506,1500,-0.06474863,0.00975824,-0.0268489,195.206870289105
2.516,1500,-0.04574863,0.00475824,0.0051511,195.206870289105
2.527,1500,-0.01374863,0.01875824,-0.0008489,195.206870289105
2.536,1500,0.01025137,0.00775824,0.0071511,195.206870289105
2.547,1500,0.01525137,0.01275824,0.0181511,195.206870289105
2.557,1500,-0.01774863,0.03675824,-0.0138489,195.206870289105
2.566,1500,-0.05574863,-0.00124176,-0.0078489,195.206870289105
2.577,1500,-0.04574863,-0.00824176,-0.0088489,195.206870289105
2.587,1500,0.02125137,0.01775824,-0.0118489,195.206870289105
2.596,1500,0.01225137,0.01575824,0.0031511,195.206870289105
2.607,1500,0.00725137,0.04375824,-0.0168489,195.206870289105
2.617,1500,-0.00174863,0.01575824,0.0121511,195.206870289105
2.626,1500,0.06725137,0.01775824,0.0231511,195.206870289105
2.637,1500,0.08425137,0.06575824,-0.0008489,195.206870289105
2.646,1500,0.00025137,0.05675824,-0.0028489,195.206870289105
2.656,1500,0.03525137,0.05975824,-0.0018489,195.206870289105
2.667,1500,0.05025137,0.05675824,-0.0028489,195.206870289105
2.677,1500,0.00325137,0.04875824,-0.0218489,195.206870289105
2.686,1500,0.00025137,0.04975824,-0.0088489,195.206870289105
2.697,1500,-0.02474863,0.05375824,0.0121511,162.261689698434
2.706,1500,0.06525137,0.06375824,-0.0308489,162.261689698434
2.716,1500,-0.02974863,0.07575824,-0.0078489,162.261689698434
2.727,1500,0.02925137,0.08675824,-0.0028489,162.261689698434
2.737,1500,-0.08574863,0.08275824,-0.0328489,162.261689698434
2.747,1500,0.05225137,0.09175824,-0.0088489,162.261689698434
2.757,1500,0.04125137,0.05475824,0.0191511,162.261689698434
2.768,1500,0.08725137,0.01975824,0.0051511,162.261689698434
2.776,1500,0.02225137,0.01675824,-0.0008489,162.261689698434
2.786,1500,-0.05974863,-0.05024176,0.0041511,162.261689698434
2.796,1500,0.00925137,-0.09324176,0.0291511,162.261689698434
2.807,1500,-0.01174863,-0.09524176,-0.0028489,162.261689698434
2.817,1500,-0.04374863,-0.10824176,0.0371511,162.261689698434
2.827,1500,-0.08574863,-0.12424176,-0.0158489,162.261689698434
2.837,1500,-0.02874863,-0.10224176,0.0131511,162.261689698434
2.847,1500,-0.01874863,-0.08924176,0.0191511,162.261689698434
2.857,1500,-0.11174863,-0.10724176,0.0451511,162.261689698434
2.866,1500,-0.07474863,-0.08824176,-0.0028489,162.261689698434
2.876,1500,-0.00274863,-0.07024176,0.0181511,162.261689698434
2.888,1500,-0.00974863,-0.06724176,-0.0008489,162.261689698434
2.897,1500,-0.10374863,-0.05924176,-0.0118489,162.261689698434
2.907,1500,0.01625137,-0.02524176,0.0271511,162.261689698434
2.917,1500,-0.07874863,-0.03824176,-0.0088489,162.261689698434
2.927,1500,0.01125137,-0.00424176,0.0141511,162.261689698434
2.937,1500,0.02225137,0.01175824,-0.0038489,162.261689698434
2.947,1500,-0.05174863,-0.02024176,-0.0128489,162.261689698434
2.957,1500,-0.14174863,-0.05524176,-0.1208489,162.261689698434
2.966,1500,-0.02274863,0.00075824,-0.0298489,162.261689698434
2.977,1500,0.09025137,0.00475824,0.0221511,162.261689698434
2.987,1500,0.01925137,0.01075824,-0.0328489,162.261689698434
2.997,1500,0.03825137,0.07075824,0.0601511,162.261689698434
3.007,1500,-0.05074863,-0.00624176,-0.0328489,162.261689698434
3.017,1500,-0.00374863,0.00675824,-0.0068489,162.261689698434
3.027,1500,-0.04574863,-0.00124176,0.0161511,162.261689698434
3.037,1500,-0.02674863,-0.01324176,0.0051511,162.261689698434
3.047,1500,-0.02374863,0.02275824,-0.0298489,162.261689698434
3.057,1500,0.01025137,0.03375824,-0.0598489,162.261689698434
3.067,1500,0.02025137,-0.01424176,-0.0078489,162.261689698434
3.076,1500,0.00725137,0.00775824,-0.0208489,162.261689698434
3.087,1500,-0.00074863,0.01775824,-0.0018489,162.261689698434
3.097,1500,-0.06474863,-0.00824176,0.0151511,162.261689698434
3.107,1500,-0.03774863,0.02175824,0.0291511,162.261689698434
3.117,1500,-0.04074863,0.01475824,-0.0348489,162.261689698434
3.126,1500,-0.05774863,-0.01124176,0.0121511,162.261689698434
3.137,1500,0.05525137,-0.00924176,-0.0228489,162.261689698434
3.147,1500,0.06725137,-0.01224176,-0.0198489,162.261689698434
3.158,1500,-0.08374863,0.01575824,0.0311511,162.261689698434
3.168,1500,-0.06174863,0.02975824,-0.0278489,162.261689698434
3.177,1500,0.01125137,0.02775824,-0.0218489,162.261689698434
3.187,1500,-0.01474863,0.01775824,-0.0138489,162.261689698434
3.197,1500,0.00425137,0.00975824,0.0311511,162.261689698434
3.208,1500,0.02325137,0.00575824,0.0041511,139.345615587255
3.218,1500,-0.03774863,0.01875824,0.0301511,139.345615587255
3.227,1500,-0.06174863,0.02375824,0.0141511,139.345615587255
3.237,1500,-0.05474863,0.01575824,0.0161511,139.345615587255
3.247,1500,-0.11174863,-0.02024176,-0.0548489,139.345615587255
3.257,1500,0.04525137,0.01575824,0.0131511,139.345615587255
3.267,1500,-0.06174863,0.00675824,-0.0238489,139.345615587255
3.277,1500,0.02725137,0.01975824,-0.0178489,139.345615587255
3.286,1500,0.07025137,0.00675824,-0.0318489,139.345615587255
3.297,1500,-0.08874863,-0.08624176,-0.1558489,139.345615587255
3.307,1500,-0.04574863,0.02275824,0.0471511,139.345615587255
3.317,1500,0.23225137,0.09875824,0.0611511,139.345615587255
3.327,1500,-0.05474863,-0.01524176,0.0261511,139.345615587255
3.336,1500,0.12625137,0.04975824,0.0231511,139.345615587255
3.347,1500,0.10525137,0.02975824,0.0061511,139.345615587255
3.357,1500,-0.10774863,0.05375824,0.1451511,139.345615587255
3.367,1500,-0.12674863,0.06875824,0.1511511,139.345615587255
3.378,1500,0.00925137,0.02175824,0.0811511,139.345615587255
3.388,1500,-0.00074863,-0.02724176,0.0321511,139.345615587255
3.397,1500,-0.22674863,-0.03024176,-0.1598489,139.345615587255
3.407,1500,-0.14174863,-0.03024176,-0.0348489,139.345615587255
3.418,1500,-0.10174863,-0.00624176,0.0831511,139.345615587255
3.428,1500,0.04025137,-0.02724176,0.0401511,139.345615587255
3.437,1500,0.00525137,-0.07124176,0.0141511,139.345615587255
3.447,1500,-0.12974863,-0.04724176,0.0581511,139.345615587255
3.457,1500,-0.04374863,-0.11224176,-0.0708489,139.345615587255
3.467,1500,0.20125137,-0.12624176,0.0401511,139.345615587255
3.477,1500,0.01025137,-0.11124176,0.0141511,139.345615587255
3.486,1500,0.01125137,-0.15024176,-0.0548489,139.345615587255
3.497,1500,-0.08774863,-0.11024176,-0.0028489,139.345615587255
3.507,1500,-0.09074863,-0.09424176,-0.0758489,139.345615587255
3.516,1500,0.12725137,-0.06924176,-0.0118489,139.345615587255
3.527,1500,-0.00674863,-0.04024176,0.0491511,139.345615587255
3.537,1500,-0.15974863,-0.06424176,-0.0028489,139.345615587255
3.547,1500,-0.00674863,-0.02824176,0.0231511,139.345615587255
3.557,1500,0.02825137,-0.01124176,0.0131511,139.345615587255
3.567,1500,0.00325137,-0.04124176,-0.0328489,139.345615587255
3.578,1500,-0.05874863,-0.01424176,0.0051511,139.345615587255
3.587,1500,0.02425137,0.01275824,0.0381511,139.345615587255
3.597,1500,0.05025137,0.01175824,0.0541511,139.345615587255
3.607,1500,0.03725137,-0.00924176,0.0001511,139.345615587255
3.617,1500,0.07925137,0.09375824,0.2071511,139.345615587255
3.628,1500,-0.02174863,0.00775824,0.0201511,139.345615587255
3.638,1500,0.15625137,0.09875824,0.1851511,139.345615587255
3.647,1500,0.07825137,-0.00124176,0.0121511,139.345615587255
3.658,1500,-0.11874863,-0.07224176,-0.1468489,139.345615587255
3.668,1500,-0.09974863,-0.03324176,-0.0478489,139.345615587255
3.678,1500,-0.08474863,-0.06424176,-0.1788489,139.345615587255
3.688,1500,-0.03274863,-0.00224176,0.0061511,139.345615587255
3.698,1500,-0.09274863,-0.02524176,-0.0348489,139.345615587255
3.708,1500,0.00025137,0.00275824,0.0051511,139.345615587255
3.718,1500,-0.06874863,-0.03424176,-0.0728489,139.345615587255
3.728,1500,0.07625137,-0.01024176,-0.0048489,84.9121476405313
3.738,1500,-0.01674863,0.00275824,0.0141511,84.9121476405313
3.748,1500,0.07325137,0.01075824,0.0041511,84.9121476405313
3.758,1500,-0.00874863,-0.01224176,-0.0218489,84.9121476405313
3.768,1500,0.09525137,-0.00424176,-0.0378489,84.9121476405313
3.778,1500,0.02025137,-0.06924176,-0.1108489,84.9121476405313
3.788,1500,-0.16574863,-0.04924176,-0.0378489,84.9121476405313
3.798,1500,-0.09374863,-0.00824176,-0.0128489,84.9121476405313
3.808,1500,-0.22074863,-0.07424176,-0.0578489,84.9121476405313
3.817,1500,0.05725137,0.01575824,0.0611511,84.9121476405313
3.827,1500,0.00325137,-0.00224176,0.0811511,84.9121476405313
3.837,1500,-0.04374863,-0.00424176,0.0011511,84.9121476405313
3.847,1500,0.04725137,0.02675824,0.0451511,84.9121476405313
3.857,1500,-0.06174863,-0.01424176,0.0041511,84.9121476405313
3.867,1500,0.07425137,0.04175824,0.0481511,84.9121476405313
3.877,1500,-0.05674863,-0.04424176,-0.0808489,84.9121476405313
3.887,1500,-0.04074863,-0.05324176,-0.1218489,84.9121476405313
3.897,1500,0.03425137,-0.03024176,-0.0388489,84.9121476405313
3.907,1500,-0.08374863,-0.04724176,-0.0758489,84.9121476405313
3.917,1500,0.03325137,0.01075824,0.0421511,84.9121476405313
3.927,1500,-0.11574863,-0.09024176,-0.0868489,84.9121476405313
3.937,1500,0.01125137,0.02675824,0.0871511,84.9121476405313
3.947,1500,-0.05874863,-0.01124176,0.0621511,84.9121476405313
3.957,1500,0.00625137,-0.00424176,0.0321511,84.9121476405313
3.967,1500,0.10225137,0.07475824,0.1981511,84.9121476405313
3.978,1500,0.05225137,-0.01824176,-0.0058489,84.9121476405313
3.988,1500,0.03725137,0.01275824,0.0271511,84.9121476405313
3.998,1500,0.00525137,-0.03724176,-0.0308489,84.9121476405313
4.008,1500,-0.04874863,-0.03724176,-0.0358489,84.9121476405313
4.017,1500,0.06925137,-0.00424176,0.0211511,84.9121476405313
4.027,1500,-0.06074863,-0.00624176,0.0081511,84.9121476405313
4.037,1500,0.06225137,0.01375824,0.0431511,84.9121476405313
4.047,1500,-0.03774863,0.02075824,0.0731511,84.9121476405313
4.057,1500,0.11625137,-0.02824176,0.0271511,84.9121476405313
4.067,1500,-0.02774863,-0.00724176,0.0321511,84.9121476405313
4.077,1500,0.06825137,0.00875824,-0.0158489,84.9121476405313
4.087,1500,-0.03274863,-0.01224176,-0.0218489,84.9121476405313
4.097,1500,0.08425137,0.00775824,-0.0278489,84.9121476405313
4.107,1500,0.06225137,0.00175824,-0.0098489,84.9121476405313
4.117,1500,0.13625137,0.03575824,-0.0378489,84.9121476405313
4.127,1500,-0.05974863,-0.07424176,-0.0858489,84.9121476405313
4.137,1500,-0.04574863,-0.00424176,0.0081511,84.9121476405313
4.147,1500,-0.02874863,-0.00924176,-0.0018489,84.9121476405313
4.157,1500,-0.10474863,-0.01124176,0.0301511,84.9121476405313
4.167,1500,-0.04874863,-0.00624176,0.0161511,84.9121476405313
4.177,1500,-0.03374863,0.00075824,0.0941511,84.9121476405313
4.187,1500,0.06925137,0.01775824,0.0481511,84.9121476405313
4.197,1500,0.06225137,0.02975824,0.0861511,84.9121476405313
4.207,1500,-0.09274863,-0.03924176,-0.0458489,84.9121476405313
4.217,1500,0.03525137,-0.02124176,-0.0718489,84.9121476405313
4.227,1500,-0.02674863,-0.03424176,-0.0488489,84.9121476405313
4.237,1500,-0.04774863,-0.05224176,-0.0828489,41.058726989961
4.247,1500,0.06225137,-0.02724176,-0.0278489,41.058726989961
4.258,1500,0.04625137,-0.02524176,-0.0508489,41.058726989961
4.268,1500,-0.03774863,-0.01724176,0.0211511,41.058726989961
4.277,1500,-0.06074863,0.01275824,0.0451511,41.058726989961
4.287,1500,-0.02374863,-0.01424176,-0.0188489,41.058726989961
4.298,1500,0.01725137,-0.01624176,0.0011511,41.058726989961
4.307,1500,-0.03774863,-0.02324176,0.0171511,41.058726989961
4.318,1500,0.00325137,-0.07724176,-0.1348489,41.058726989961
4.327,1500,0.06625137,-0.01824176,-0.0138489,41.058726989961
4.337,1500,-0.11074863,-0.05124176,-0.0808489,41.058726989961
4.347,1500,0.02925137,-0.02724176,0.0021511,41.058726989961
4.357,1500,-0.01074863,-0.02324176,0.0181511,41.058726989961
4.367,1500,0.08525137,-0.02324176,0.0411511,41.058726989961
4.377,1500,-0.01674863,0.00275824,0.0421511,41.058726989961
4.388,1500,0.10225137,-0.00524176,0.0091511,41.058726989961
4.397,1500,-0.02974863,0.00775824,0.0191511,41.058726989961
4.407,1500,0.04025137,0.01475824,0.0161511,41.058726989961
4.417,1500,-0.12474863,-0.05224176,-0.1208489,41.058726989961
4.427,1500,-0.05574863,-0.02724176,-0.0748489,41.058726989961
4.437,1500,0.05825137,-0.02424176,-0.0578489,41.058726989961
4.447,1500,-0.29074863,-0.11724176,-0.0808489,41.058726989961
4.457,1500,0.03025137,0.02775824,0.0861511,41.058726989961
4.467,1500,-0.24874863,-0.12824176,-0.0248489,41.058726989961
4.478,1500,0.01725137,0.04675824,0.1481511,41.058726989961
4.488,1500,-0.25374863,-0.11024176,-0.0798489,41.058726989961
4.497,1500,-0.01474863,0.03475824,0.0831511,41.058726989961
4.508,1500,0.08625137,0.03775824,0.1021511,41.058726989961
4.517,1500,-0.00174863,-0.03324176,-0.0218489,41.058726989961
4.527,1500,0.26325137,0.07175824,0.1161511,41.058726989961
4.538,1500,0.01725137,-0.02724176,-0.0368489,41.058726989961
4.547,1500,0.03225137,-0.02524176,-0.0448489,41.058726989961
4.558,1500,0.00225137,-0.02324176,-0.0278489,41.058726989961
4.567,1500,-0.13374863,-0.02724176,0.0301511,41.058726989961
4.577,1500,-0.04474863,-0.02824176,0.0341511,41.058726989961
4.587,1500,-0.06774863,-0.02024176,0.0601511,41.058726989961
4.597,1500,-0.01774863,-0.00724176,0.0221511,41.058726989961
4.608,1500,0.00825137,0.00575824,0.0941511,41.058726989961
4.618,1500,0.00425137,-0.02624176,0.0251511,41.058726989961
4.628,1500,-0.07774863,0.00075824,0.0281511,41.058726989961
4.638,1500,0.07525137,0.01175824,0.0341511,41.058726989961
4.647,1500,-0.04974863,-0.07224176,-0.1108489,41.058726989961
4.657,1500,0.04325137,-0.00924176,0.0161511,41.058726989961
4.667,1500,-0.02374863,-0.02524176,-0.0168489,41.058726989961
4.678,1500,0.02225137,-0.03524176,0.0241511,41.058726989961
4.688,1500,-0.00374863,0.06275824,0.1741511,41.058726989961
4.698,1500,0.24625137,0.04475824,0.0731511,41.058726989961
4.708,1500,0.03425137,-0.02824176,-0.0058489,41.058726989961
4.718,1500,0.28525137,0.05975824,0.0291511,41.058726989961
4.728,1500,-0.10874863,-0.13024176,-0.2168489,41.058726989961
4.738,1500,-0.15374863,0.00275824,-0.0168489,41.058726989961
4.748,1500,0.00725137,-0.00524176,-0.0428489,41.058726989961
4.757,1500,-0.18374863,-0.08624176,-0.0138489,41.058726989961
4.768,1500,0.11125137,0.02375824,0.0641511,45.4599360042463
4.777,1500,0.22125137,0.10675824,0.1701511,45.4599360042463
4.787,1500,0.01525137,-0.03024176,-0.0128489,45.4599360042463
4.798,1500,0.03125137,-0.03924176,-0.1088489,45.4599360042463
4.807,1500,-0.00874863,-0.00124176,-0.0048489,45.4599360042463
4.818,1500,-0.01874863,0.00575824,-0.0048489,45.4599360042463
4.828,1500,0.14625137,0.00175824,0.0261511,45.4599360042463
4.837,1500,-0.04274863,-0.00224176,0.0201511,45.4599360042463
4.848,1500,0.02025137,0.02175824,-0.0318489,45.4599360042463
4.857,1500,-0.07874863,-0.04024176,-0.1028489,45.4599360042463
4.867,1500,0.01125137,0.05475824,0.1681511,45.4599360042463
4.878,1500,0.03225137,0.01275824,0.0311511,45.4599360042463
4.887,1500,-0.10874863,-0.05824176,-0.0438489,45.4599360042463
4.897,1500,0.12225137,0.03175824,0.0811511,45.4599360042463
4.908,1500,-0.16974863,-0.02524176,-0.0638489,45.4599360042463
4.917,1500,0.05625137,0.02675824,-0.0428489,45.4599360042463
4.928,1500,-0.02374863,-0.07224176,-0.1628489,45.4599360042463
4.938,1500,-0.05174863,-0.03824176,-0.1128489,45.4599360042463
4.947,1500,0.03325137,0.02275824,0.0601511,45.4599360042463
4.957,1500,-0.05274863,-0.00824176,0.0261511,45.4599360042463
4.967,1500,-0.14174863,-0.06524176,-0.0228489,45.4599360042463
4.978,1500,0.03125137,0.02075824,0.0811511,45.4599360042463
4.988,1500,0.07925137,0.08875824,0.1391511,45.4599360042463
4.997,1500,0.00425137,-0.00824176,-0.1048489,45.4599360042463
5.008,1500,0.11025137,-0.07324176,-0.1358489,45.4599360042463
5.018,1500,-0.18574863,-0.04324176,0.0021511,45.4599360042463
5.027,1500,0.12825137,0.08775824,0.0281511,45.4599360042463
5.038,1500,-0.00074863,-0.05624176,-0.1668489,45.4599360042463
5.047,1500,-0.13774863,-0.00824176,0.0401511,45.4599360042463
5.057,1500,0.05825137,0.06675824,0.0971511,45.4599360042463
5.068,1500,-0.00774863,-0.07224176,-0.1008489,45.4599360042463
5.077,1500,-0.00174863,0.12875824,0.1501511,45.4599360042463
5.087,1500,-0.25674863,-0.11424176,-0.3238489,45.4599360042463
5.098,1500,0.02625137,-0.00224176,-0.2158489,45.4599360042463
5.107,1500,0.32925137,0.00375824,-0.1038489,45.4599360042463
5.118,1500,0.06425137,0.00675824,-0.0328489,45.4599360042463
5.128,1500,0.15625137,0.00275824,-0.1368489,45.4599360042463
5.137,1500,0.10925137,0.04175824,-0.1538489,45.4599360042463
5.148,1500,0.07325137,-0.06924176,-0.0678489,45.4599360042463
5.158,1500,-0.05074863,-0.08024176,-0.1958489,45.4599360042463
5.167,1500,-0.18274863,-0.10724176,-0.3028489,45.4599360042463
5.178,1500,-0.28674863,-0.05624176,-0.0018489,45.4599360042463
5.187,1500,0.21325137,0.01375824,0.1051511,45.4599360042463
5.197,1500,0.07925137,0.03975824,0.1371511,45.4599360042463
5.208,1500,-0.09374863,-0.10324176,-0.2278489,45.4599360042463
5.217,1500,-0.17874863,-0.04324176,-0.1058489,45.4599360042463
5.228,1500,0.21325137,0.05375824,0.1151511,45.4599360042463
5.238,1500,-0.17074863,-0.07724176,-0.1138489,45.4599360042463
5.248,1500,0.10325137,-0.00124176,0.0251511,45.4599360042463
5.258,1500,-0.20674863,0.01275824,0.1071511,45.4599360042463
5.268,1500,0.02325137,-0.03524176,-0.1778489,45.4599360042463
5.279,1500,-0.07574863,-0.00124176,0.0071511,45.4599360042463
5.288,1500,-0.00574863,-0.05824176,-0.1678489,104.497416329764
5.298,1500,0.06625137,0.06975824,0.1101511,104.497416329764
5.308,1500,-0.20374863,-0.08224176,0.0271511,104.497416329764
5.318,1500,-0.05074863,0.08775824,0.0461511,104.497416329764
5.328,1500,0.17225137,-0.02924176,0.0091511,104.497416329764
5.338,1500,0.18125137,0.00575824,0.0871511,104.497416329764
5.347,1500,0.04425137,0.00175824,-0.0258489,104.497416329764
5.357,1500,0.03425137,-0.06524176,-0.1208489,104.497416329764
5.368,1500,0.00025137,0.19275824,0.3341511,104.497416329764
5.378,1500,-0.32074863,-0.24324176,-0.3198489,104.497416329764
5.388,1500,0.65225137,0.23275824,0.3161511,104.497416329764
5.398,1500,0.07025137,-0.04124176,0.1191511,104.497416329764
5.408,1500,-0.49174863,-0.16924176,-0.2278489,104.497416329764
5.418,1500,0.28825137,0.09875824,0.0651511,104.497416329764
5.428,1500,0.09125137,-0.09224176,-0.0658489,104.497416329764
5.438,1500,-0.08474863,0.08875824,0.2551511,104.497416329764
5.448,1500,-0.05474863,-0.08224176,-0.2048489,104.497416329764
5.458,1500,-0.16674863,-0.10424176,-0.2918489,104.497416329764
5.468,1500,0.04425137,0.07675824,0.3081511,104.497416329764
5.478,1500,-0.00974863,-0.09524176,-0.0028489,104.497416329764
5.488,1500,0.09425137,-0.02924176,0.0681511,104.497416329764
5.497,1500,-0.21074863,-0.19424176,-0.1638489,104.497416329764
5.507,1500,0.05125137,-0.06524176,-0.0778489,104.497416329764
5.518,1500,-0.05274863,-0.08024176,-0.0358489,104.497416329764
5.528,1500,-0.20774863,-0.12924176,-0.1048489,104.497416329764
5.538,1500,0.07525137,-0.02724176,-0.0268489,104.497416329764
5.548,1500,0.04125137,-0.00924176,0.0801511,104.497416329764
5.558,1500,-0.00474863,-0.02224176,0.0011511,104.497416329764
5.568,1500,-0.16374863,-0.07824176,-0.0618489,104.497416329764
5.578,1500,0.03125137,-0.01024176,-0.0038489,104.497416329764
5.588,1500,-0.09074863,-0.07324176,-0.1108489,104.497416329764
5.598,1500,0.08625137,-0.01024176,0.0221511,104.497416329764
5.608,1500,0.05525137,0.00775824,0.0271511,104.497416329764
5.619,1500,-0.02474863,-0.03124176,0.0211511,104.497416329764
5.628,1500,-0.13474863,-0.07024176,-0.0508489,104.497416329764
5.638,1500,0.06225137,-0.00824176,0.0371511,104.497416329764
5.648,1500,-0.05774863,-0.07024176,-0.0428489,104.497416329764
5.658,1500,0.00725137,-0.03624176,-0.0378489,104.497416329764
5.668,1500,-0.04374863,-0.03324176,0.0041511,104.497416329764
5.678,1500,0.05025137,-0.01724176,0.0461511,104.497416329764
5.688,1500,0.04525137,-0.06924176,-0.0118489,104.497416329764
5.698,1500,-0.05974863,-0.06924176,-0.0038489,104.497416329764
5.708,1500,0.04625137,-0.00824176,0.1111511,104.497416329764
5.718,1500,-0.06474863,-0.06924176,-0.0148489,104.497416329764
5.728,1500,-0.00974863,-0.03824176,-0.0048489,104.497416329764
5.738,1500,-0.05074863,-0.06924176,-0.0548489,104.497416329764
5.748,1500,-0.02774863,-0.07124176,0.0041511,104.497416329764
5.758,1500,-0.02274863,-0.06824176,0.0091511,104.497416329764
5.768,1500,-0.05574863,-0.06924176,-0.0008489,104.497416329764
5.778,1500,-0.02574863,-0.07524176,-0.0128489,104.497416329764
5.787,1500,-0.04974863,-0.05624176,-0.0058489,104.497416329764
5.798,1500,-0.06074863,-0.05424176,-0.0028489,104.497416329764
5.807,1500,-0.03974863,-0.04724176,-0.0018489,95.8184334057173
5.818,1500,0.00325137,-0.03924176,0.0141511,95.8184334057173
5.828,1500,-0.01074863,-0.04924176,0.0021511,95.8184334057173
5.838,1500,-0.01374863,-0.06124176,-0.0168489,95.8184334057173
5.848,1500,-0.02674863,-0.06724176,0.0001511,95.8184334057173
5.858,1500,-0.03374863,-0.08124176,0.0021511,95.8184334057173
5.868,1500,-0.01074863,-0.08224176,0.0071511,95.8184334057173
5.878,1500,-0.03574863,-0.01524176,-0.0028489,95.8184334057173
5.888,1500,-0.01874863,-0.12624176,0.0091511,95.8184334057173
5.898,1500,-0.06374863,-0.15624176,0.0601511,95.8184334057173
5.908,1500,-0.06774863,-0.17224176,0.0041511,95.8184334057173
5.918,1500,-0.01674863,-0.18124176,0.0451511,95.8184334057173
5.928,1500,-0.02974863,-0.11124176,0.0261511,95.8184334057173
5.938,1500,-0.05774863,-0.05724176,-0.0108489,95.8184334057173
5.948,1500,0.02125137,-0.10524176,-0.0318489,95.8184334057173
5.958,1500,-0.00974863,-0.06624176,-0.0148489,95.8184334057173
5.968,1500,-0.08374863,-0.06624176,0.0011511,95.8184334057173
5.978,1500,0.00025137,-0.08324176,-0.0428489,95.8184334057173
5.987,1500,-0.04574863,-0.01624176,0.0121511,95.8184334057173
5.998,1500,0.00125137,-0.04524176,-0.0568489,95.8184334057173
6.008,1500,0.01425137,-0.02824176,-0.0168489,95.8184334057173
6.018,1500,-0.07274863,-0.01224176,-0.0258489,95.8184334057173
6.028,1500,-0.00074863,-0.02824176,-0.0088489,95.8184334057173
6.037,1500,0.04125137,0.00275824,0.0251511,95.8184334057173
6.048,1500,0.02825137,0.01175824,0.0521511,95.8184334057173
6.058,1500,-0.05674863,-0.02924176,-0.0098489,95.8184334057173
6.068,1500,-0.02874863,-0.01324176,0.0011511,95.8184334057173
6.078,1500,-0.01774863,0.03275824,0.0211511,95.8184334057173
6.088,1500,0.05725137,0.03575824,-0.0048489,95.8184334057173
6.099,1500,-0.00874863,0.02675824,0.0311511,95.8184334057173
6.109,1500,-0.06374863,-0.03324176,-0.0238489,95.8184334057173
6.119,1500,0.05325137,-0.00224176,-0.0378489,95.8184334057173
6.128,1500,-0.08174863,-0.02524176,-0.0148489,95.8184334057173
6.138,1500,-0.07174863,-0.03424176,-0.0108489,95.8184334057173
6.148,1500,0.10425137,0.00275824,0.0311511,95.8184334057173
6.158,1500,0.03525137,-0.01124176,-0.0098489,95.8184334057173
6.168,1500,0.14525137,0.02775824,0.0651511,95.8184334057173
6.178,1500,-0.03774863,-0.01824176,0.0001511,95.8184334057173
6.188,1500,0.08725137,0.00875824,0.0211511,95.8184334057173
6.198,1500,-0.09574863,-0.01524176,0.0101511,95.8184334057173
6.208,1500,0.06125137,0.04275824,0.0121511,95.8184334057173
6.218,1500,0.14225137,0.05275824,0.0871511,95.8184334057173
6.228,1500,-0.07974863,-0.04524176,-0.0088489,95.8184334057173
6.238,1500,-0.12774863,-0.03824176,-0.0808489,95.8184334057173
6.248,1500,0.00425137,-0.05224176,-0.0638489,95.8184334057173
6.258,1500,-0.09274863,-0.08524176,0.0001511,95.8184334057173
6.268,1500,0.01725137,-0.01624176,-0.0368489,95.8184334057173
6.279,1500,-0.01574863,-0.03424176,-0.0378489,95.8184334057173
6.289,1500,0.01325137,-0.01724176,-0.0228489,95.8184334057173
6.298,1500,-0.01474863,-0.01324176,-0.0268489,95.8184334057173
6.308,1500,0.04125137,-0.02224176,-0.0278489,95.8184334057173
6.318,1500,-0.05374863,-0.03624176,0.0181511,95.8184334057173
6.328,1500,0.01325137,-0.05024176,-0.0068489,95.8184334057173
6.338,1500,-0.16474863,-0.03924176,0.0251511,112.946330609646
6.348,1500,-0.04474863,-0.00924176,-0.0038489,112.946330609646
6.358,1500,-0.10474863,-0.01724176,0.0471511,112.946330609646
6.369,1500,-0.01574863,-0.00324176,-0.0258489,112.946330609646
6.379,1500,-0.01274863,-0.00524176,0.0571511,112.946330609646
6.389,1500,-0.09574863,-0.04024176,-0.1138489,112.946330609646
6.398,1500,-0.10274863,0.00075824,-0.0328489,112.946330609646
6.408,1500,-0.00574863,-0.06224176,-0.0918489,112.946330609646
6.418,1500,0.07425137,-0.04824176,-0.0788489,112.946330609646
6.428,1500,0.03625137,-0.08824176,-0.1268489,112.946330609646
6.438,1500,-0.27074863,-0.07124176,-0.0408489,112.946330609646
6.448,1500,0.03825137,0.01575824,-0.0678489,112.946330609646
6.459,1500,0.10625137,0.01275824,0.0901511,112.946330609646
6.469,1500,0.12125137,0.00275824,0.0121511,112.946330609646
6.479,1500,-0.21874863,-0.13224176,-0.1258489,112.946330609646
6.488,1500,0.26725137,0.12075824,0.1791511,112.946330609646
6.498,1500,-0.15574863,-0.02224176,-0.0488489,112.946330609646
6.508,1500,0.08625137,0.06975824,0.0051511,112.946330609646
6.518,1500,0.03425137,0.11675824,0.0811511,112.946330609646
6.528,1500,0.01425137,0.09075824,0.0331511,112.946330609646
6.539,1500,0.12325137,0.12775824,0.0101511,112.946330609646
6.549,1500,0.04325137,0.09875824,0.0011511,112.946330609646
6.559,1500,0.05625137,0.07275824,-0.0478489,112.946330609646
6.568,1500,0.04325137,0.06775824,0.0021511,112.946330609646
6.579,1500,-0.07874863,0.03175824,-0.0338489,112.946330609646
6.589,1500,0.10125137,0.00575824,-0.0298489,112.946330609646
6.599,1500,0.23325137,0.10575824,0.0761511,112.946330609646
6.609,1500,0.09125137,0.00775824,-0.0318489,112.946330609646
6.619,1500,-0.17774863,-0.05224176,-0.1118489,112.946330609646
6.629,1500,0.06225137,0.01375824,-0.0208489,112.946330609646
6.639,1500,-0.11574863,-0.00824176,0.0541511,112.946330609646
6.649,1500,-0.05774863,0.00475824,0.0131511,112.946330609646
6.659,1500,0.15725137,0.04175824,0.0721511,112.946330609646
6.669,1500,0.02725137,-0.00624176,0.0221511,112.946330609646
6.678,1500,0.05225137,0.01475824,0.0501511,112.946330609646
6.689,1500,-0.02274863,-0.02324176,-0.0108489,112.946330609646
6.698,1500,0.07425137,-0.00624176,-0.0358489,112.946330609646
6.708,1500,-0.01074863,-0.00524176,0.0051511,112.946330609646
6.718,1500,0.01225137,-0.03624176,-0.0538489,112.946330609646
6.728,1500,0.01125137,-0.00724176,0.0001511,112.946330609646
6.738,1500,-0.04874863,-0.03224176,-0.0018489,112.946330609646
6.748,1500,-0.02374863,-0.01524176,0.0001511,112.946330609646
6.758,1500,-0.03174863,-0.02824176,-0.0448489,112.946330609646
6.768,1500,-0.02074863,-0.00224176,-0.0098489,112.946330609646
6.778,1500,-0.05974863,-0.00524176,-0.0218489,112.946330609646
6.789,1500,0.03425137,0.00675824,0.0211511,112.946330609646
6.799,1500,0.02525137,0.00975824,0.0451511,112.946330609646
6.809,1500,-0.08874863,-0.00124176,-0.0178489,112.946330609646
6.819,1500,-0.00674863,-0.04924176,-0.0968489,112.946330609646
6.829,1500,0.02125137,0.03275824,0.0291511,112.946330609646
6.839,1500,0.04825137,-0.04024176,-0.0518489,112.946330609646
6.849,1500,-0.19974863,-0.08224176,0.0101511,112.946330609646
6.859,1500,0.04625137,0.03175824,0.0971511,73.1388962150051
6.869,1500,-0.01674863,-0.03624176,0.0281511,73.1388962150051
6.878,1500,0.00825137,0.03075824,0.1031511,73.1388962150051
6.888,1500,0.01025137,-0.00124176,0.0551511,73.1388962150051
6.898,1500,0.02325137,0.01375824,0.0771511,73.1388962150051
6.909,1500,0.10825137,0.03075824,0.0931511,73.1388962150051
6.919,1500,-0.00274863,0.03175824,0.0661511,73.1388962150051
6.929,1500,0.14525137,0.03875824,0.0021511,73.1388962150051
6.939,1500,0.03225137,-0.01724176,-0.0038489,73.1388962150051
6.948,1500,0.04925137,-0.00824176,0.0011511,73.1388962150051
6.959,1500,-0.02274863,-0.01924176,-0.0048489,73.1388962150051
6.969,1500,-0.11674863,-0.03924176,-0.0228489,73.1388962150051
6.978,1500,0.01325137,0.00075824,0.0221511,73.1388962150051
6.988,1500,-0.06574863,-0.04024176,-0.0368489,73.1388962150051
6.999,1500,0.01225137,-0.01724176,0.0001511,73.1388962150051
7.008,1500,0.01125137,0.00575824,0.0401511,73.1388962150051
7.019,1500,-0.02974863,-0.02324176,-0.0008489,73.1388962150051
7.028,1500,0.06925137,0.02175824,0.0431511,73.1388962150051
7.038,1500,0.01725137,-0.02124176,-0.0028489,73.1388962150051
7.049,1500,-0.03074863,-0.02324176,-0.0408489,73.1388962150051
7.058,1500,-0.03874863,-0.00524176,0.0021511,73.1388962150051
7.069,1500,0.03525137,-0.02624176,-0.0328489,73.1388962150051
7.078,1500,0.03625137,-0.00624176,0.0121511,73.1388962150051
7.089,1500,-0.01974863,-0.02224176,0.0171511,73.1388962150051
7.098,1500,-0.00174863,-0.00624176,0.0191511,73.1388962150051
7.108,1500,0.05625137,-0.00024176,0.0281511,73.1388962150051
7.119,1500,-0.02674863,-0.02724176,-0.0028489,73.1388962150051
7.129,1500,-0.02874863,0.04175824,0.1331511,73.1388962150051
7.139,1500,-0.01174863,0.01975824,0.0311511,73.1388962150051
7.149,1500,0.00025137,-0.03124176,-0.0598489,73.1388962150051
7.158,1500,-0.08674863,0.00975824,-0.0228489,73.1388962150051
7.168,1500,0.00325137,-0.06124176,-0.1218489,73.1388962150051
7.178,1500,-0.05874863,-0.00124176,-0.0018489,73.1388962150051
7.189,1500,0.04025137,-0.02424176,-0.0598489,73.1388962150051
7.199,1500,-0.23974863,-0.06924176,0.0011511,73.1388962150051
7.209,1500,0.01425137,0.02075824,0.0821511,73.1388962150051
7.219,1500,0.00625137,-0.02424176,0.0041511,73.1388962150051
7.229,1500,0.02425137,-0.01324176,0.0201511,73.1388962150051
7.239,1500,0.06325137,0.00175824,0.0111511,73.1388962150051
7.249,1500,0.01625137,-0.01424176,0.0071511,73.1388962150051
7.259,1500,0.03525137,0.00275824,0.0121511,73.1388962150051
7.269,1500,-0.01574863,-0.03124176,-0.0438489,73.1388962150051
7.279,1500,-0.06174863,-0.05224176,-0.0238489,73.1388962150051
7.288,1500,0.01125137,-0.00724176,0.0041511,73.1388962150051
7.299,1500,-0.03774863,-0.04024176,-0.0338489,73.1388962150051
7.308,1500,0.00225137,0.00375824,0.0241511,73.1388962150051
7.318,1500,-0.06074863,-0.03624176,-0.0298489,73.1388962150051
7.329,1500,-0.00674863,-0.00624176,0.0121511,73.1388962150051
7.338,1500,-0.01674863,-0.04124176,0.0111511,73.1388962150051
7.349,1500,0.02025137,-0.00124176,0.0351511,73.1388962150051
7.358,1500,0.01125137,-0.01324176,0.0091511,73.1388962150051
7.369,1500,0.04025137,-0.01724176,-0.0098489,73.1388962150051
7.379,1500,0.08325137,-0.00824176,-0.0368489,45.6782572892922
7.389,1500,0.02425137,-0.03424176,-0.0468489,45.6782572892922
7.398,1500,0.05225137,-0.04524176,-0.0798489,45.6782572892922
7.408,1500,-0.03874863,-0.01924176,-0.0028489,45.6782572892922
7.418,1500,-0.01874863,-0.03024176,-0.0288489,45.6782572892922
7.429,1500,-0.03774863,-0.00924176,0.0181511,45.6782572892922
7.438,1500,-0.01974863,-0.00624176,0.0281511,45.6782572892922
7.449,1500,0.07525137,-0.00824176,0.0101511,45.6782572892922
7.458,1500,-0.00974863,0.00675824,0.0461511,45.6782572892922
7.469,1500,-0.03874863,-0.01824176,-0.0098489,45.6782572892922
7.479,1500,0.02325137,-0.01524176,0.0281511,45.6782572892922
7.488,1500,-0.05474863,-0.01424176,-0.0218489,45.6782572892922
7.499,1500,-0.01674863,-0.02824176,-0.0358489,45.6782572892922
7.509,1500,-0.02574863,-0.02424176,-0.0248489,45.6782572892922
7.518,1500,0.05625137,0.00975824,0.0331511,45.6782572892922
7.529,1500,-0.12174863,-0.05424176,-0.0198489,45.6782572892922
7.538,1500,-0.00074863,0.01175824,0.0551511,45.6782572892922
7.549,1500,0.05625137,-0.00824176,0.0661511,45.6782572892922
7.559,1500,0.00225137,-0.00924176,0.0421511,45.6782572892922
7.569,1500,0.06625137,0.01175824,0.0521511,45.6782572892922
7.579,1500,-0.04274863,-0.03724176,-0.0038489,45.6782572892922
7.588,1500,0.11125137,0.00575824,-0.0368489,45.6782572892922
7.599,1500,-0.00774863,-0.03024176,-0.0268489,45.6782572892922
7.608,1500,-0.05174863,-0.04124176,-0.0648489,45.6782572892922
7.619,1500,-0.00474863,-0.02724176,-0.0088489,45.6782572892922
7.628,1500,-0.06174863,-0.04124176,-0.0298489,45.6782572892922
7.639,1500,-0.04974863,0.00075824,0.0371511,45.6782572892922
7.649,1500,0.10125137,0.02175824,0.0831511,45.6782572892922
7.658,1500,0.06025137,-0.02524176,-0.0228489,45.6782572892922
7.669,1500,-0.00774863,0.03975824,0.1471511,45.6782572892922
7.678,1500,-0.02474863,-0.02724176,0.0321511,45.6782572892922
7.689,1500,0.07425137,-0.00324176,0.0031511,45.6782572892922
7.698,1500,-0.02074863,-0.02524176,0.0001511,45.6782572892922
7.709,1500,0.17625137,-0.01124176,-0.0468489,45.6782572892922
7.719,1500,0.09525137,-0.04224176,-0.0468489,45.6782572892922
7.729,1500,0.07525137,-0.04224176,-0.0788489,45.6782572892922
7.739,1500,-0.01474863,-0.05124176,-0.0398489,45.6782572892922
7.749,1500,-0.03274863,-0.06224176,-0.0368489,45.6782572892922
7.759,1500,-0.01574863,-0.02124176,-0.0068489,45.6782572892922
7.769,1500,0.07325137,0.01375824,0.0651511,45.6782572892922
7.779,1500,0.02325137,-0.03524176,-0.0118489,45.6782572892922
7.789,1500,0.00625137,-0.03324176,-0.0188489,45.6782572892922
7.8,1500,-0.10074863,-0.00824176,-0.0088489,45.6782572892922
7.81,1500,0.02725137,-0.04024176,-0.0558489,45.6782572892922
7.82,1500,0.02825137,-0.00924176,0.0611511,45.6782572892922
7.829,1500,-0.05774863,-0.02024176,0.0291511,45.6782572892922
7.839,1500,0.02925137,0.00475824,0.0391511,45.6782572892922
7.849,1500,0.01325137,-0.02724176,-0.0328489,45.6782572892922
7.859,1500,-0.00474863,-0.05324176,-0.0568489,45.6782572892922
7.869,1500,-0.04674863,-0.04124176,-0.0308489,45.6782572892922
7.879,1500,-0.00474863,-0.00324176,0.0651511,45.6782572892922
7.889,1500,0.01825137,-0.02624176,0.0301511,45.6782572892922
7.899,1500,-0.00774863,-0.05524176,-0.0558489,50.0168407292962
7.91,1500,0.11325137,-0.00924176,0.0221511,50.0168407292962
7.919,1500,-0.04474863,0.00675824,0.0861511,50.0168407292962
7.93,1500,-0.10574863,-0.05124176,-0.0258489,50.0168407292962
7.939,1500,0.03025137,-0.08024176,-0.0828489,50.0168407292962
7.949,1500,0.00925137,0.00575824,0.0761511,50.0168407292962
7.959,1500,0.05525137,0.00875824,0.0601511,50.0168407292962
7.969,1500,-0.02574863,-0.08024176,-0.1088489,50.0168407292962
7.978,1500,-0.03974863,-0.02924176,0.0341511,50.0168407292962
7.989,1500,0.08625137,-0.01024176,0.0271511,50.0168407292962
7.999,1500,-0.03374863,-0.04824176,-0.0048489,50.0168407292962
8.009,1500,0.02025137,-0.00324176,0.0551511,50.0168407292962
8.019,1500,0.01325137,-0.05524176,-0.0028489,50.0168407292962
8.029,1500,0.02725137,-0.04924176,0.0031511,50.0168407292962
8.039,1500,0.02225137,-0.02724176,0.0011511,50.0168407292962
8.049,1500,-0.03774863,-0.01324176,0.0041511,50.0168407292962
8.059,1500,-0.04374863,-0.03824176,-0.0038489,50.0168407292962
8.069,1500,0.02525137,-0.02124176,0.0131511,50.0168407292962
8.079,1500,0.05625137,-0.04324176,0.0101511,50.0168407292962
8.089,1500,0.05325137,-0.02124176,0.0261511,50.0168407292962
8.099,1500,-0.06274863,-0.01124176,-0.0708489,50.0168407292962
8.109,1500,-0.06174863,-0.06124176,-0.0978489,50.0168407292962
8.119,1500,0.01225137,-0.05324176,-0.0828489,50.0168407292962
8.129,1500,0.05125137,-0.03924176,-0.0258489,50.0168407292962
8.139,1500,0.08025137,-0.01624176,0.0291511,50.0168407292962
8.149,1500,0.07325137,-0.00924176,0.0101511,50.0168407292962
8.16,1500,0.00725137,-0.02724176,0.0121511,50.0168407292962
8.17,1500,0.09825137,-0.06624176,-0.0968489,50.0168407292962
8.179,1500,-0.07974863,-0.00824176,0.0521511,50.0168407292962
8.189,1500,-0.05574863,-0.03824176,0.0331511,50.0168407292962
8.199,1500,0.06125137,-0.05624176,-0.0708489,50.0168407292962
8.209,1500,-0.07374863,-0.03624176,0.0201511,50.0168407292962
8.219,1500,0.01725137,-0.06124176,0.0411511,50.0168407292962
8.229,1500,-0.00174863,-0.05724176,-0.0518489,50.0168407292962
8.239,1500,-0.12274863,-0.02524176,0.0251511,50.0168407292962
8.249,1500,0.03725137,-0.04324176,0.0241511,50.0168407292962
8.26,1500,-0.02974863,-0.04324176,-0.0378489,50.0168407292962
8.27,1500,-0.03774863,-0.03424176,-0.0178489,50.0168407292962
8.279,1500,0.00225137,-0.05024176,0.0031511,50.0168407292962
8.289,1500,0.01125137,-0.06924176,-0.0108489,50.0168407292962
8.299,1500,0.07125137,0.08475824,0.1941511,50.0168407292962
8.309,1500,-0.43974863,-0.07224176,-0.0508489,50.0168407292962
8.319,1500,0.14325137,0.01375824,0.0141511,50.0168407292962
8.329,1500,0.03825137,-0.09224176,-0.2168489,50.0168407292962
8.339,1500,0.07725137,0.01775824,0.0461511,50.0168407292962
8.349,1500,0.13625137,0.00875824,0.0651511,50.0168407292962
8.359,1500,0.29025137,0.02675824,0.1271511,50.0168407292962
8.369,1500,-0.01374863,-0.03524176,0.1971511,50.0168407292962
8.379,1500,-0.26574863,-0.08224176,-0.0078489,50.0168407292962
8.39,1500,0.09625137,0.02275824,0.0451511,50.0168407292962
8.4,1500,0.08725137,-0.04324176,-0.0578489,50.0168407292962
8.41,1500,-0.00374863,-0.05724176,-0.1368489,50.0168407292962
8.42,1500,0.15525137,0.02275824,-0.0618489,126.696090553042
8.43,1500,-0.03274863,-0.07424176,-0.1478489,126.696090553042
8.439,1500,0.01325137,-0.04724176,-0.0578489,126.696090553042
8.449,1500,0.11225137,-0.01424176,-0.0608489,126.696090553042
8.459,1500,-0.06074863,-0.02824176,-0.0308489,126.696090553042
8.469,1500,-0.08474863,-0.01324176,-0.0868489,126.696090553042
8.478,1500,-0.14574863,-0.02524176,-0.0828489,126.696090553042
8.489,1500,-0.06174863,-0.01824176,-0.0598489,126.696090553042
8.499,1500,-0.16374863,0.03075824,-0.0138489,126.696090553042
8.509,1500,0.04425137,0.00275824,-0.0468489,126.696090553042
8.519,1500,0.05025137,0.02575824,-0.0378489,126.696090553042
8.529,1500,-0.16874863,0.00975824,-0.0378489,126.696090553042
8.539,1500,-0.12074863,0.03675824,0.0001511,126.696090553042
8.549,1500,-0.03774863,-0.00824176,-0.0778489,126.696090553042
8.559,1500,0.07425137,0.00875824,0.0081511,126.696090553042
8.569,1500,0.01725137,0.00475824,-0.0068489,126.696090553042
8.579,1500,-0.05774863,0.02075824,0.0301511,126.696090553042
8.589,1500,0.05925137,0.01075824,0.0141511,126.696090553042
8.599,1500,0.01225137,-0.03324176,-0.0438489,126.696090553042
8.609,1500,0.08725137,-0.02124176,0.0111511,126.696090553042
8.619,1500,0.06925137,0.01375824,0.0071511,126.696090553042
8.629,1500,-0.02374863,0.02375824,-0.0318489,126.696090553042
8.639,1500,-0.17674863,-0.07024176,-0.0798489,126.696090553042
8.65,1500,-0.06074863,-0.01624176,0.0071511,126.696090553042
8.66,1500,-0.08974863,-0.03424176,0.0131511,126.696090553042
8.67,1500,0.16425137,-0.00824176,0.1251511,126.696090553042
8.679,1500,-0.00074863,-0.06024176,-0.0188489,126.696090553042
8.689,1500,-0.08074863,-0.02924176,-0.0018489,126.696090553042
8.699,1500,-0.01174863,-0.08524176,-0.0768489,126.696090553042
8.709,1500,-0.03474863,-0.03124176,0.0061511,126.696090553042
8.719,1500,-0.04374863,-0.08224176,-0.0018489,126.696090553042
8.729,1500,-0.02674863,-0.06724176,0.0121511,126.696090553042
8.739,1500,-0.02774863,-0.05724176,-0.0158489,126.696090553042
8.749,1500,0.00825137,-0.04924176,0.0211511,126.696090553042
8.759,1500,-0.01374863,-0.04324176,0.0041511,126.696090553042
8.77,1500,0.03725137,-0.03424176,0.0111511,126.696090553042
8.78,1500,-0.00974863,-0.08024176,-0.0068489,126.696090553042
8.79,1500,-0.16774863,-0.08824176,0.0161511,126.696090553042
8.8,1500,-0.04674863,-0.04824176,0.0291511,126.696090553042
8.81,1500,-0.03074863,-0.04424176,0.0101511,126.696090553042
8.82,1500,-0.06874863,-0.03624176,-0.0238489,126.696090553042
8.83,1500,-0.10174863,-0.01224176,-0.0078489,126.696090553042
8.84,1500,-0.08074863,0.02175824,0.0101511,126.696090553042
8.849,1500,0.00125137,0.01875824,0.0251511,126.696090553042
8.859,1500,-0.00074863,0.03175824,-0.0068489,126.696090553042
8.869,1500,0.00225137,0.03975824,-0.0118489,126.696090553042
8.879,1500,0.08125137,0.02475824,-0.0028489,126.696090553042
8.889,1500,-0.01574863,0.06575824,0.0011511,126.696090553042
8.899,1500,0.08425137,0.10175824,-0.0018489,126.696090553042
8.909,1500,0.09325137,0.11175824,0.0131511,126.696090553042
8.919,1500,0.14825137,0.15175824,-0.0038489,126.696090553042
8.929,1500,0.07625137,0.13575824,-0.0298489,126.696090553042
8.939,1500,0.04825137,0.11075824,0.0011511,187.249178407263
8.949,1500,0.07425137,0.06475824,0.0011511,187.249178407263
8.959,1500,0.08725137,0.04075824,0.0121511,187.249178407263
8.969,1500,0.04125137,0.03475824,0.0091511,187.249178407263
8.979,1500,0.01325137,-0.00224176,0.0001511,187.249178407263
8.989,1500,-0.05774863,0.03075824,0.0111511,187.249178407263
8.999,1500,0.00325137,0.00775824,0.0181511,187.249178407263
9.009,1500,0.01425137,0.01375824,0.0301511,187.249178407263
9.019,1500,0.12725137,0.06075824,0.0261511,187.249178407263
9.03,1500,-0.06074863,-0.03624176,-0.0678489,187.249178407263
9.04,1500,-0.01574863,0.01575824,0.0141511,187.249178407263
9.05,1500,-0.02274863,0.00775824,-0.0168489,187.249178407263
9.06,1500,-0.02374863,-0.00124176,-0.0278489,187.249178407263
9.07,1500,0.00025137,0.04575824,0.0031511,187.249178407263
9.08,1500,0.02025137,0.02675824,0.0001511,187.249178407263
9.09,1500,0.01025137,-0.01024176,0.0031511,187.249178407263
9.1,1500,-0.01774863,-0.00124176,0.0041511,187.249178407263
9.11,1500,-0.01274863,0.00375824,-0.0068489,187.249178407263
9.12,1500,-0.03874863,-0.00124176,-0.0098489,187.249178407263
9.13,1500,-0.02174863,0.01675824,0.0611511,187.249178407263
9.14,1500,-0.04574863,-0.02124176,0.0041511,187.249178407263
9.149,1500,-0.04474863,-0.01124176,0.0011511,187.249178407263
9.159,1500,-0.00674863,0.03075824,0.0031511,187.249178407263
9.169,1500,-0.04474863,-0.03524176,-0.0638489,187.249178407263
9.179,1500,0.00125137,0.00175824,-0.0238489,187.249178407263
9.19,1500,0.00625137,0.02575824,0.0051511,187.249178407263
9.2,1500,-0.09474863,-0.02924176,0.0071511,187.249178407263
9.21,1500,0.03725137,-0.01624176,0.0131511,187.249178407263
9.22,1500,-0.01374863,-0.02524176,0.0011511,187.249178407263
9.23,1500,0.08925137,-0.00324176,0.0071511,187.249178407263
9.24,1500,-0.03274863,0.00875824,-0.0008489,187.249178407263
9.249,1500,-0.06674863,-0.05324176,0.0041511,187.249178407263
9.259,1500,-0.10974863,-0.09424176,-0.0788489,187.249178407263
9.27,1500,-0.01074863,-0.01524176,0.0271511,187.249178407263
9.28,1500,-0.05274863,-0.07724176,-0.0018489,187.249178407263
9.29,1500,0.00625137,0.02175824,0.1971511,187.249178407263
9.299,1500,-0.05874863,-0.07724176,-0.0158489,187.249178407263
9.309,1500,-0.10474863,-0.12724176,-0.1318489,187.249178407263
9.32,1500,-0.10574863,-0.07524176,-0.0408489,187.249178407263
9.329,1500,-0.17374863,-0.08324176,0.0621511,187.249178407263
9.339,1500,0.10625137,-0.03824176,0.1371511,187.249178407263
9.35,1500,0.02125137,-0.01424176,0.1801511,187.249178407263
9.359,1500,0.18225137,-0.03324176,-0.0918489,187.249178407263
9.369,1500,0.13825137,-0.01024176,-0.1138489,187.249178407263
9.38,1500,-0.13674863,-0.11424176,-0.0708489,187.249178407263
9.39,1500,-0.34074863,-0.15224176,-0.1998489,187.249178407263
9.4,1500,-0.22074863,-0.12124176,-0.1208489,187.249178407263
9.41,1500,0.07225137,0.04675824,0.1501511,187.249178407263
9.42,1500,-0.34874863,-0.12324176,-0.1038489,187.249178407263
9.429,1500,0.05025137,0.15775824,0.0671511,187.249178407263
9.439,1500,0.27425137,0.06375824,-0.0428489,187.249178407263
9.45,1500,0.11825137,0.04175824,0.0821511,187.249178407263
9.459,1500,-0.12974863,0.04075824,-0.0918489,187.249178407263
9.47,1500,-0.14074863,0.01975824,-0.1508489,188.088312627738
9.479,1500,0.07625137,0.13375824,0.1611511,188.088312627738
9.489,1500,0.07725137,0.07975824,-0.1288489,188.088312627738
9.5,1500,0.11025137,0.10275824,-0.0088489,188.088312627738
9.509,1500,0.22325137,0.20575824,0.0371511,188.088312627738
9.519,1500,0.08825137,0.06175824,-0.0398489,188.088312627738
9.53,1500,-0.07374863,0.08175824,0.0131511,188.088312627738
9.539,1500,-0.00974863,0.04275824,0.1231511,188.088312627738
9.55,1500,-0.04974863,-0.01924176,0.0761511,188.088312627738
9.559,1500,-0.00374863,0.03075824,0.0211511,188.088312627738
9.569,1500,0.02825137,0.07675824,0.1261511,188.088312627738
9.58,1500,-0.04374863,0.07975824,0.1971511,188.088312627738
9.589,1500,-0.16074863,-0.01124176,0.0631511,188.088312627738
9.599,1500,0.04125137,0.02175824,0.1321511,188.088312627738
9.61,1500,0.09125137,0.06575824,0.1631511,188.088312627738
9.62,1500,-0.19074863,-0.08424176,-0.1438489,188.088312627738
9.63,1500,-0.08474863,-0.02524176,-0.0098489,188.088312627738
9.64,1500,-0.10674863,-0.00924176,-0.1198489,188.088312627738
9.65,1500,-0.06774863,0.00775824,-0.0048489,188.088312627738
9.66,1500,-0.07774863,-0.04224176,-0.1148489,188.088312627738
9.67,1500,-0.23174863,-0.01824176,-0.0988489,188.088312627738
9.68,1500,-0.07974863,0.01375824,-0.0098489,188.088312627738
9.69,1500,-0.09874863,-0.05824176,-0.2148489,188.088312627738
9.7,1500,0.02725137,-0.09424176,-0.1708489,188.088312627738
9.71,1500,0.12025137,0.05575824,-0.1038489,188.088312627738
9.72,1500,0.02525137,0.01575824,-0.0378489,188.088312627738
9.73,1500,-0.02474863,-0.02124176,-0.0478489,188.088312627738
9.74,1500,0.02625137,0.05975824,-0.0888489,188.088312627738
9.75,1500,-0.01174863,0.02875824,-0.0928489,188.088312627738
9.76,1500,-0.00574863,-0.01024176,-0.0108489,188.088312627738
9.77,1500,-0.06474863,0.00975824,0.0231511,188.088312627738
9.78,1500,-0.04374863,-0.02424176,-0.0178489,188.088312627738
9.79,1500,0.13325137,0.04075824,-0.0508489,188.088312627738
9.8,1500,0.02525137,-0.06524176,-0.1818489,188.088312627738
9.81,1500,0.13225137,-0.00924176,-0.0858489,188.088312627738
9.82,1500,0.29325137,0.15175824,0.2081511,188.088312627738
9.83,1500,0.32625137,0.04675824,0.0551511,188.088312627738
9.84,1500,0.19125137,0.06775824,0.1101511,188.088312627738
9.85,1500,0.07325137,0.14275824,0.3141511,188.088312627738
9.86,1500,-0.20574863,-0.02824176,0.1921511,188.088312627738
9.871,1500,0.13325137,0.00775824,0.2601511,188.088312627738
9.88,1500,-0.09474863,0.04875824,0.1701511,188.088312627738
9.891,1500,-0.15274863,-0.08124176,-0.1778489,188.088312627738
9.9,1500,-0.21374863,-0.01724176,-0.0418489,188.088312627738
9.909,1500,0.02525137,0.00775824,-0.0218489,188.088312627738
9.919,1500,-0.05874863,0.02075824,-0.0698489,188.088312627738
9.929,1500,0.08025137,0.05875824,-0.0988489,188.088312627738
9.939,1500,0.21525137,0.11575824,-0.0038489,188.088312627738
9.95,1500,0.03925137,0.10975824,0.0701511,188.088312627738
9.959,1500,0.03125137,0.08475824,-0.1668489,188.088312627738
9.97,1500,0.08425137,0.14775824,-0.0868489,188.088312627738
9.979,1500,0.08925137,0.14175824,0.0821511,188.088312627738
9.99,1500,0.07425137,0.12175824,0.0161511,140.396225956202
9.999,1500,0.10425137,0.14775824,-0.0348489,140.396225956202
10.01,1500,0.09225137,0.13475824,-0.0468489,140.396225956202
10.02,1500,0.07925137,0.10475824,-0.0088489,140.396225956202
10.029,1500,0.04125137,0.08075824,-0.0068489,140.396225956202
10.04,1500,0.06325137,0.07775824,-0.0098489,140.396225956202
10.05,1500,0.05025137,0.05875824,-0.0128489,140.396225956202
10.06,1500,0.02525137,0.02975824,-0.0048489,140.396225956202
10.07,1500,0.01325137,0.02275824,-0.0048489,140.396225956202
10.08,1500,0.01325137,0.02875824,0.0001511,140.396225956202
10.09,1500,-0.00174863,0.01875824,-0.0028489,140.396225956202
10.1,1500,-0.00974863,0.00575824,0.0011511,140.396225956202
10.11,1500,0.01525137,0.01175824,0.0011511,140.396225956202
10.12,1500,0.00425137,0.01375824,0.0061511,140.396225956202
10.13,1500,-0.00374863,0.00075824,-0.0008489,140.396225956202
10.14,1500,0.00825137,0.00075824,-0.0038489,140.396225956202
10.15,1500,0.00025137,0.00975824,-0.0058489,140.396225956202
10.16,1500,0.00525137,0.00375824,-0.0008489,140.396225956202
10.169,1500,0.00625137,-0.00424176,0.0021511,140.396225956202
10.18,1500,0.01025137,0.00475824,0.0041511,140.396225956202
10.189,1500,0.00025137,-0.00024176,-0.0028489,140.396225956202
10.2,1500,0.00225137,0.00175824,-0.0018489,140.396225956202
10.209,1500,0.00825137,-0.00024176,-0.0018489,140.396225956202
10.22,1500,-0.00074863,0.00375824,0.0011511,140.396225956202
10.23,1500,0.00325137,0.00575824,-0.0018489,140.396225956202
10.239,1500,0.00725137,0.00775824,-0.0048489,140.396225956202
10.25,1500,0.00325137,0.00475824,-0.0018489,140.396225956202
10.26,1500,0.00025137,0.00275824,0.0031511,140.396225956202
10.27,1500,0.00425137,0.00175824,-0.0028489,140.396225956202
10.28,1500,0.00225137,0.00175824,-0.0048489,140.396225956202
10.29,1500,-0.00074863,0.00675824,0.0041511,140.396225956202
10.3,1500,0.00425137,0.00275824,-0.0028489,140.396225956202
10.31,1500,0.00525137,0.00475824,-0.0028489,140.396225956202
10.32,1500,0.00325137,-0.00224176,-0.0048489,140.396225956202
10.33,1500,-0.00074863,0.00475824,-0.0068489,140.396225956202
10.34,1500,0.00425137,0.00675824,-0.0008489,140.396225956202
10.35,1500,0.00325137,0.00375824,-0.0028489,140.396225956202
10.36,1500,0.00425137,0.00075824,-0.0008489,140.396225956202
10.369,1500,0.00225137,0.00875824,0.0021511,140.396225956202
10.38,1500,0.00025137,0.00275824,0.0001511,140.396225956202
10.389,1500,0.00625137,-0.00224176,-0.0018489,140.396225956202
10.4,1500,-0.00074863,0.00175824,-0.0038489,140.396225956202
10.409,1500,-0.00074863,0.00675824,0.0051511,140.396225956202
10.42,1500,-0.00174863,0.00075824,0.0001511,140.396225956202
10.43,1500,0.00025137,0.00175824,-0.0038489,140.396225956202
10.44,1500,0.00225137,0.00275824,-0.0048489,140.396225956202
10.45,1500,0.00025137,0.00775824,-0.0018489,140.396225956202
10.46,1500,0.00125137,0.00075824,-0.0058489,140.396225956202
10.47,1500,0.00625137,0.00675824,-0.0028489,140.396225956202
10.48,1500,0.00525137,0.00275824,-0.0028489,140.396225956202
10.49,1500,-0.00474863,0.00175824,-0.0008489,140.396225956202
10.5,1500,-0.00074863,0.00375824,0.0051511,140.396225956202
10.51,1500,0.00125137,0.00575824,0.0041511,0
10.52,1500,0.00225137,0.00175824,0.0021511,0
10.53,1500,0.00325137,-0.00024176,-0.0028489,0
10.54,1500,0.00025137,0.00575824,0.0011511,0
10.55,1500,0.01025137,0.00075824,0.0001511,0
10.56,1500,0.00125137,0.00175824,-0.0048489,0
10.57,1500,0.00325137,0.01175824,-0.0048489,0
10.58,1500,0.00325137,0.00375824,0.0031511,0
10.59,1500,0.00025137,-0.00124176,0.0001511,0
10.6,1500,0.00325137,0.00475824,-0.0028489,0
10.61,1500,0.00125137,0.00375824,0.0001511,0
10.62,1500,-0.00374863,0.00175824,0.0041511,0
10.63,1500,-0.00174863,0.00475824,-0.0028489,0
10.64,1500,0.00625137,0.00275824,-0.0018489,0
10.651,1500,-0.00074863,0.00275824,-0.0038489,0
10.661,1500,0.00325137,0.00375824,-0.0008489,0
10.671,1500,0.00425137,0.00275824,0.0001511,0
10.68,1500,0.00125137,0.00375824,0.0011511,0
10.69,1500,-0.00074863,0.00275824,0.0001511,0
10.7,1500,0.00325137,0.00275824,-0.0028489,0
10.71,1500,0.00025137,0.00175824,0.0001511,0
10.721,1500,-0.00074863,0.00075824,-0.0008489,0
10.73,1500,-0.00074863,0.00875824,-0.0008489,0
10.741,1500,0.00225137,0.00075824,-0.0048489,0
10.751,1500,0.00325137,0.00175824,0.0001511,0
10.761,1500,-0.00174863,0.00475824,0.0011511,0
10.771,1500,0.00725137,0.00575824,-0.0018489,0
10.78,1500,0.00525137,0.00375824,0.0011511,0
10.791,1500,0.00625137,0.00075824,0.0031511,0
10.8,1500,0.00125137,0.00875824,-0.0048489,0
10.81,1500,-0.00074863,0.00175824,-0.0028489,0
10.82,1500,0.00225137,-0.00124176,0.0061511,0
10.83,1500,-0.00274863,0.00775824,-0.0008489,0
10.84,1500,-0.00274863,0.00675824,-0.0038489,0
10.85,1500,-0.00474863,0.00275824,0.0001511,0
10.86,1500,-0.00274863,0.00075824,-0.0008489,0
10.87,1500,0.00825137,0.00575824,-0.0018489,0
10.88,1500,0.00025137,0.00375824,-0.0078489,0
10.89,1500,0.00625137,0.00275824,-0.0028489,0
10.9,1500,0.00725137,-0.00024176,0.0041511,0
10.91,1500,0.00625137,0.00475824,0.0021511,0
10.92,1500,-0.00174863,0.00575824,-0.0058489,0
10.93,1500,0.00625137,0.00375824,-0.0058489,0
10.94,1500,0.00325137,-0.00124176,0.0041511,0
10.95,1500,-0.00474863,0.00375824,0.0021511,0
10.96,1500,-0.00574863,0.00475824,-0.0088489,0
10.97,1500,0.00225137,0.00475824,0.0041511,0
10.98,1500,-0.00074863,0.00075824,-0.0038489,0
10.99,1500,0.00325137,-0.00024176,-0.0028489,0
11,1500,0.00325137,0.00375824,-0.0078489,0
11.01,1500,0.00725137,0.00275824,-0.0048489,0
11.02,1500,0.00825137,0.00075824,-0.0038489,0
11.03,1500,0.00325137,0.00575824,-0.0008489,0
11.04,1500,-0.00074863,0.00675824,0.0011511,0
11.05,1500,0.00325137,0.00375824,0.0001511,0
11.06,1500,-0.00474863,0.00275824,0.0031511,0
11.07,1500,-0.00174863,0.00575824,-0.0008489,0
11.08,1500,-0.00174863,0.00575824,-0.0008489,0
11.09,1500,0.00425137,0.00175824,0.0001511,0
11.1,1500,0.00225137,-0.00024176,-0.0018489,0
11.11,1500,0.00325137,0.00575824,-0.0048489,0
11.12,1500,0.00525137,0.00075824,-0.0018489,0
11.13,1500,0.00825137,0.00175824,0.0001511,0
11.141,1500,0.00925137,0.00175824,-0.0018489,0
11.151,1500,0.00025137,0.00175824,-0.0048489,0
11.161,1500,-0.00174863,0.00475824,-0.0018489,0
11.171,1500,0.00125137,0.00175824,0.0021511,0
11.181,1500,-0.00174863,0.00375824,0.0041511,0
11.191,1500,-0.00174863,0.00375824,0.0011511,0
11.201,1500,-0.00174863,0.00775824,-0.0008489,0
11.211,1500,-0.00174863,-0.00024176,-0.0008489,0
11.221,1500,-0.00174863,0.00275824,-0.0018489,0
11.231,1500,0.00625137,0.00475824,-0.0058489,0
11.24,1500,0.01325137,0.00675824,-0.0008489,0
11.251,1500,0.00425137,0.00475824,-0.0038489,0
11.261,1500,0.00825137,-0.00024176,0.0011511,0
11.271,1500,0.00325137,0.00475824,-0.0038489,0
11.281,1500,0.00925137,0.00375824,-0.0008489,0
11.291,1500,0.00525137,0.00275824,0.0001511,0
11.3,1500,0.00125137,-0.00024176,0.0011511,0
11.31,1500,-0.00674863,0.00475824,-0.0038489,0
11.321,1500,-0.00074863,0.00275824,0.0031511,0
11.33,1500,-0.00274863,0.00675824,-0.0018489,0
11.34,1500,0.00025137,0.00075824,0.0031511,0
11.35,1500,0.00625137,0.00375824,0.0001511,0
11.36,1500,0.00525137,0.00675824,0.0011511,0
11.37,1500,0.01125137,0.00275824,-0.0008489,0
11.38,1500,0.00325137,0.00275824,-0.0008489,0
11.39,1500,0.00425137,0.00675824,-0.0028489,0
11.401,1500,0.00325137,0.00275824,0.0011511,0
11.411,1500,0.00225137,0.00875824,-0.0068489,0
11.421,1500,0.00025137,0.00275824,0.0001511,0
11.431,1500,-0.00074863,0.00175824,0.0061511,0
11.441,1500,-0.00474863,0.00575824,0.0021511,0
11.45,1500,-0.00274863,0.00275824,-0.0028489,0
11.46,1500,0.00025137,0.00275824,0.0001511,0
11.47,1500,0.00525137,0.00475824,0.0001511,0
11.48,1500,0.00325137,0.00375824,0.0001511,0
11.49,1500,0.00725137,0.00075824,-0.0008489,0
11.501,1500,0.00725137,0.00175824,0.0001511,0
11.511,1500,0.00125137,0.00575824,-0.0028489,0
11.521,1500,0.00225137,0.00475824,-0.0048489,0
11.531,1500,0.00025137,0.00175824,0.0041511,0
11.541,1500,0.00025137,-0.00224176,0.0021511,0
11.55,1500,0.00125137,0.00375824,-0.0018489,0
11.56,1500,-0.00174863,0.00475824,-0.0088489,0
11.57,1500,-0.00074863,0.00575824,0.0021511,0
11.58,1500,0.00425137,0.00375824,-0.0008489,0
11.59,1500,0.00325137,0.00275824,0.0031511,0
11.6,1500,0.00825137,0.00075824,-0.0088489,0
11.61,1500,0.01125137,0.00375824,0.0001511,0
11.621,1500,-0.00074863,0.00575824,-0.0018489,0
11.631,1500,0.00425137,-0.00024176,0.0001511,0
11.64,1500,0.00125137,0.00575824,-0.0018489,0
11.65,1500,-0.00074863,0.00375824,-0.0028489,0
11.66,1500,-0.00374863,0.00275824,0.0051511,0
11.67,1500,0.00125137,0.00275824,0.0021511,0
11.68,1500,0.00025137,0.00775824,-0.0028489,0
11.69,1500,0.00325137,0.00275824,-0.0008489,0
11.701,1500,0.00025137,-0.00024176,0.0011511,0
11.711,1500,0.00125137,0.00475824,-0.0018489,0
11.721,1500,0.00325137,0.00575824,-0.0008489,0
11.731,1500,0.00325137,0.00075824,-0.0038489,0
11.741,1500,0.00325137,0.00375824,-0.0048489,0
11.75,1500,0.00425137,0.00475824,0.0001511,0
11.761,1500,0.00225137,-0.00324176,0.0021511,0
11.771,1500,0.00125137,0.00475824,-0.0028489,0
11.781,1500,0.00225137,0.00775824,-0.0028489,0
11.791,1500,-0.00074863,0.00375824,-0.0018489,0
11.801,1500,-0.00174863,0.00575824,-0.0038489,0
11.811,1500,0.00225137,0.00475824,0.0031511,0
11.821,1500,0.00525137,0.00275824,0.0041511,0
11.831,1500,0.00325137,0.00175824,-0.0018489,0
11.841,1500,0.00225137,0.00775824,-0.0068489,0
11.851,1500,0.00925137,-0.00124176,-0.0038489,0
11.861,1500,0.00025137,-0.00024176,0.0021511,0
11.871,1500,-0.00074863,0.00575824,-0.0058489,0
11.88,1500,-0.00174863,0.00875824,-0.0018489,0
11.89,1500,-0.00274863,-0.00124176,0.0041511,0
11.9,1500,-0.00174863,-0.00324176,-0.0018489,0
11.91,1500,-0.00174863,0.00875824,0.0011511,0
11.921,1500,-0.00074863,0.00275824,0.0011511,0
11.931,1500,0.00025137,-0.00124176,0.0011511,0
11.941,1500,0.00225137,0.00275824,0.0001511,0
11.95,1500,0.00625137,0.00475824,-0.0048489,0
11.961,1500,0.00125137,0.00075824,0.0021511,0
11.971,1500,0.00525137,0.00075824,0.0021511,0
11.981,1500,0.00225137,0.00775824,-0.0028489,0
11.991,1500,0.00325137,0.00375824,-0.0008489,0
12.001,1500,-0.00074863,0.00275824,-0.0048489,0
12.011,1500,0.00025137,0.00175824,0.0041511,0
12.021,1500,-0.00074863,0.00275824,-0.0008489,0
12.032,1500,-0.00274863,0.00475824,-0.0078489,0
12.04,1500,-0.00374863,0.00775824,-0.0018489,0
12.051,1500,0.00425137,0.00075824,0.0061511,0
12.06,1500,0.00325137,0.00375824,-0.0058489,0
12.07,1500,0.00025137,0.00475824,-0.0048489,0
12.08,1500,0.00825137,0.00275824,-0.0038489,0
12.09,1500,0.00925137,-0.00124176,0.0011511,0
12.101,1500,0.00025137,0.00475824,-0.0028489,0
12.111,1500,0.00225137,0.00675824,-0.0048489,0
12.121,1500,0.00225137,0.00375824,0.0021511,0
