Time,Velocity_X,Velocity_Y,Velocity_Z,Velocity_Magnitude
0.085,1.5373401737155,0.513286337256,-1.008495292035,1.90891079618458
0.096,2.0767059237155,0.729032637256,-0.846685567035,2.35819264039324
0.106,2.280180476105,0.66275694296,-0.23034840185,2.38569280404811
0.116,1.887914476105,0.51565719296,-0.13228190185,1.961535600313
0.126,1.397581976105,0.858889942959999,-0.37744815185,1.68326896881822
0.136,1.691781476105,0.760823442960001,-0.42648140185,1.90338205843532
0.146,2.427280226105,0.319524192959999,-0.23034840185,2.45903342640191
0.156,2.623413226105,0.51565719296,0.16191759815,2.67851014635836
0.166,2.476313476105,0.711790192960001,0.50515034815,2.6256333683455
0.176,2.67244647610499,0.417590692959999,0.554183598149999,2.76106349346611
0.187,2.7239448237155,0.189666887256,0.501728807965,2.77625300135089
0.196,1.9197726534945,0.331701698664,0.278115613335,1.96796883928141
0.206,1.838881226105,0.662756942959999,-0.426481401849999,2.00065422182021
0.216,1.593714976105,0.858889942960001,-0.720680901850001,1.94858931575397
0.225,1.4343434784945,0.684741098664001,-0.427963186665,1.646014603714
0.236,2.3463887987155,0.621159487255999,-0.091573517035,2.42894322954816
0.246,2.280180476105,0.61372369296,0.11288434815,2.36402678727804
0.256,2.035014226105,0.662756942960001,-0.18131515185,2.14788380742111
0.266,2.476313476105,0.662756942960001,-0.13228190185,2.56688014892359
0.276,2.672446476105,0.56469044296,0.16191759815,2.73624976429548
0.286,2.52534672610499,0.662756942959997,0.161917598149999,2.6158822911365
0.296,2.427280226105,0.760823442960001,0.06385109815,2.5445271800735
0.305,1.9639025784945,0.464091473664,-0.030793861665,2.01822756290296
0.316,1.6991498987155,0.459349762256,-0.361256392035,1.79683576410747
0.325,1.5667332534945,0.508221398664001,-0.516223036665,1.72610205412342
0.336,2.0227693487155,0.513286337256,-0.684875842035001,2.19638649174497
0.346,1.54468172610499,0.368557442959998,-0.230348401849999,1.60466090186019
0.356,1.691781476105,0.760823442960001,-0.32841490185,1.88383471196564
0.366,1.740814726105,0.907923192960001,-0.42648140185,2.00914081663348
0.375,1.9639025784945,0.464091473664,-0.030793861665,2.01822756290296
0.386,2.5621350987155,0.351476612256,-0.199446667035,2.59381014070502
0.396,2.574379976105,0.51565719296,-0.13228190185,2.6288463446118
0.406,2.819546226105,0.46662394296,0.25998409815,2.86969868741953
0.416,2.86857947610499,0.123391192959999,0.407083848149998,2.89994669893353
0.425,1.9197726534945,0.243441848664,0.101595913335,1.93781131805773
0.436,2.1306424987155,0.621159487256001,-0.361256392035,2.24855125508113
0.446,1.936947726105,0.46662394296,-0.27938165185,2.01185449404208
0.456,1.495648476105,0.51565719296,0.01481784815,1.5821144943873
0.466,1.691781476105,0.46662394296,-0.13228190185,1.75993209204009
0.476,1.74081472610499,0.613723692959997,-0.426481401849998,1.89446009935506
0.486,2.427280226105,0.711790192960001,-0.23034840185,2.53995963768506
0.496,2.721479726105,0.41759069296,0.11288434815,2.75564452760232
0.506,2.770512976105,0.41759069296,0.25998409815,2.81384361130889
0.516,2.525346726105,0.662756942960001,0.01481784815,2.61090835172641
0.526,2.623413226105,0.61372369296,-0.08324865185,2.69553038644308
0.536,2.623413226105,0.17242444296,0.16191759815,2.63405475494026
0.546,2.476313476105,0.41759069296,0.30901734815,2.53021780490212
0.556,1.936947726105,0.956956442960001,0.01481784815,2.16049802036701
0.565,1.56673325349448,0.596481248663993,-0.251443486664997,1.69518930936914
0.575,1.544681726105,0.22145769296,-0.23034840185,1.57738566335844
0.587,1.559418571326,0.501108831552001,-0.51177768222,1.71604566887782
0.596,1.5226033284945,0.684741098664001,-0.825132511665001,1.86226607388652
0.606,1.985980976105,0.711790192960001,-0.818747401850001,2.26298763237476
0.617,2.7778813987155,0.729032637256001,-0.523066117035001,2.91919711809671
0.626,2.2286821284945,0.552351323664,-0.163183636665,2.3019002832224
0.636,2.574379976105,0.56469044296,0.16191759815,2.64055389385095
0.646,2.574379976105,0.31952419296,0.40708384815,2.62587989646932
0.656,2.476313476105,0.17242444296,0.55418359815,2.54341858154095
0.666,2.525346726105,0.662756942960001,0.25998409815,2.62377868422278
0.676,1.838881226105,0.662756942960001,-0.13228190185,1.95913997221234
0.686,1.544681726105,0.31952419296,-0.37744815185,1.62191382390818
0.696,1.49564847610498,0.466623942959995,-0.475514651849995,1.63731989920807
0.706,1.495648476105,0.662756942960001,-0.47551465185,1.70362123538095
0.716,1.740814726105,0.41759069296,-0.18131515185,1.79935907527131
0.726,1.985980976105,0.36855744296,-0.18131515185,2.02801139308993
0.736,2.476313476105,0.51565719296,0.01481784815,2.52947629781629
0.747,3.1554374237155,0.621159487256001,0.178109357965,3.22092337490155
0.756,2.2286821284945,0.773000948664001,-0.030793861665,2.35913178063933
0.766,2.329213726105,0.711790192960001,-0.13228190185,2.43913516686284
0.776,2.427280226105,0.41759069296,-0.32841490185,2.4847389461761
0.786,2.182113976105,0.711790192960001,-0.23034840185,2.30680017984689
0.796,2.182113976105,0.61372369296,0.06385109815,2.26767615385182
0.806,2.133080726105,0.17242444296,0.11288434815,2.14301340375369
0.816,1.83888122610498,0.417590692959996,-0.132281901849999,1.8903345344476
0.826,1.152415726105,0.711790192960001,-0.622614401850001,1.49075684736284
0.836,1.887914476105,0.760823442960001,-0.622614401850001,2.12854928856143
0.846,2.476313476105,0.51565719296,-0.13228190185,2.53288951084481
0.856,2.623413226105,0.46662394296,0.30901734815,2.68244787097603
0.866,2.770512976105,0.80985669296,0.45611709815,2.92226843755379
0.876,2.427280226105,0.51565719296,0.11288434815,2.48401580364316
0.887,2.7239448237155,0.567222912256,0.285982507965,2.79703472086004
0.896,2.0962923534945,0.640611173664001,0.322245538335,2.21555105879316
0.906,2.182113976105,0.662756942960001,0.11288434815,2.28333331912179
0.916,2.035014226105,0.711790192960001,-0.18131515185,2.1635164347733
0.926,1.838881226105,0.662756942960001,-0.37744815185,1.99077824895142
0.937,2.0227693487155,0.782969212256001,-0.307319817035,2.19068073789545
0.946,1.65499310349448,0.640611173663992,-0.251443486664997,1.79237514918716
0.956,2.035014226105,0.56469044296,-0.23034840185,2.12443370879276
0.966,2.476313476105,0.51565719296,-0.27938165185,2.54481529388305
0.977,2.8857545487155,0.567222912256,-0.253383242035,2.95186791963403
0.987,2.476313476105,0.36855744296,0.06385109815,2.504404117437
0.996,2.2286821284945,0.331701698664,0.366375463335,2.28282303889314
1.006,2.476313476105,0.61372369296,0.30901734815,2.56987877626501
1.016,2.476313476105,0.61372369296,0.06385109815,2.55203098844326
1.026,2.084047476105,0.41759069296,0.01481784815,2.12552474418207
1.036,1.789847976105,0.51565719296,-0.42648140185,1.91084915792495
1.046,1.642748226105,0.56469044296,-0.573581151850001,1.82934205891054
1.056,1.642748226105,0.662756942960001,-0.23034840185,1.78631712919282
1.066,1.838881226105,0.907923192960001,-0.08324865185,2.05249580415429
1.076,1.887914476105,0.80985669296,-0.32841490185,2.08037142836948
1.086,2.035014226105,1.25115594296,-0.42648140185,2.42663562987479
1.096,4.094410726105,3.84991819296,-0.52454790185,5.64457436728965
1.106,6.153807226105,6.79191319296001,-0.916813901850001,9.21086184498453
1.116,6.742206226105,8.01774444296001,-1.26004665185,10.5512695119016
1.126,8.26223697610482,9.3906754429598,-1.26004665184997,12.5712792781467
1.136,11.694564476105,11.10683919296,-0.622614401850001,16.1403954052384
1.146,13.018462226105,12.13653744296,-0.573581151850001,17.8074393210998
1.156,10.860999226105,13.50946844296,-1.11294690185,17.3696773892644
1.166,10.615832976105,15.27466544296,-0.818747401850001,18.6193893959751
1.176,11.547464726105,16.94179594296,-1.21101340185,20.538620811364
1.186,10.713899476105,15.86306444296,-1.55424615185,19.2052111835857
1.196,10.076467226105,13.06816919296,-0.08324865185,16.5020958715138
1.206,13.557827976105,11.45007194296,0.55418359815,17.7546040898994
1.216,12.969428976105,8.75324319296001,-1.11294690185,15.6864274188762
1.226,8.45836997610501,8.01774444296001,-1.06391365185,11.7029979434281
1.236,5.90864097610501,8.06677769296001,-1.16198015185,10.0665355711604
1.247,2.83181797371553,8.28015313725609,-0.361256392035004,8.75846077763989
1.256,-1.61062134650548,6.11272187366393,-0.119053711664999,6.32247132163127
1.266,0.171750726105,0.66275694296,-0.818747401850001,1.06728271109177
1.276,5.124108976105,-2.03407180704,0.11288434815,5.51422558400108
1.286,0.367883726105001,2.72215344296,-1.21101340185,3.00200120959539
1.296,-4.339308273895,5.51704869296001,-4.05494190185,8.10616903375227
1.306,0.073684226105,2.28085419296,-1.89747890185,2.96785299462184
1.316,1.740814726105,-2.57343755704,2.76067984815,4.15624469859386
1.326,1.103382476105,-0.906307057040001,4.62394334815,4.83939019475768
1.336,2.329213726105,4.63445019296,2.66261334815,5.83034090038049
1.346,1.250482226105,4.29121744296,-1.30907990185,4.65746101754983
1.356,4.388610226105,-0.02370855704,-0.27938165185,4.39755794956028
1.366,5.565408226105,-0.46500780704,-1.16198015185,5.70440170895237
1.376,0.711116476104985,1.34922244295997,-0.47551465184999,1.59756127497472
1.386,-2.181845273895,1.00598969296,2.71164659815,3.62291199655998
1.396,-3.898009023895,0.41759069296,-0.720680901850001,3.98600518056676
1.406,-3.652842773895,-0.857273807040001,-3.56460940185,5.17538586955516
1.416,-2.623144523895,-3.79926880704,1.33871559815,4.80702507941425
1.426,-5.22190677389501,-0.710174057040001,0.40708384815,5.28567638112359
1.436,-3.064443773895,4.63445019296,-3.76074240185,6.70910781307495
1.446,7.18350547610501,5.27188244296,-0.62261440185,8.93214107093095
1.456,10.811965976105,0.907923192960001,3.10391259815,11.2852650039652
1.466,7.42867172610501,-0.21984155704,1.58388184815,7.59882725381573
1.476,2.574379976105,5.51704869296001,-1.75037915185,6.33475222223358
1.486,-5.61417277389501,5.95834794296,-1.79941240185,8.38204814687026
1.496,-2.279911773895,1.39825569296,-1.45617965185,3.0452546458551
1.506,8.99773572610501,2.13375444296,-2.92717715185,9.69951144635598
1.517,11.4077333987154,10.8691087372559,-3.05808514203497,16.0507255528962
1.527,2.868579476105,13.80366794296,-4.93754040185,14.9381826910148
1.537,3.309878726105,7.91967794296001,-3.95687540185,9.45163789231768
1.547,8.94870247610501,6.30158069296,13.40089509815,17.3024040141061
1.557,3.456978476105,11.30297219296,10.50793334815,15.8153262321156
1.567,-3.211543523895,12.33267044296,-3.95687540185,13.3441236132725
1.576,0.860654453494512,4.17100517366406,-0.207313561665003,4.2639171145676
1.586,6.64413972610501,1.79052169296,5.01620934815,8.51545165316758
1.596,5.124108976105,8.06677769296001,4.32974384815,10.49171468051
1.606,5.565408226105,6.30158069296,3.69231159815,9.1824208622191
1.617,7.84791944871543,-1.53630351274399,7.72922985796493,11.1216483649705
1.626,-0.463243296505495,-5.97887757633593,4.60284826333495,7.55961530501754
1.636,-5.810305773895,-7.52579580704001,-2.33877815185,9.79117658705988
1.646,-13.704659023895,-10.76199030704,-9.74279890185001,19.9639736718906
1.656,-12.086561773895,-17.57761205704,-8.86020040185001,23.0989301116507
1.666,-3.015410523895,-18.26407755704,-5.47690615185,19.3045520702595
1.676,-4.535441273895,-12.57622055704,-4.79044065185,14.2014038984589
1.686,-3.996075523895,-9.92842505704001,-2.92717715185,11.0955220600135
1.697,5.90620274871556,-9.95040921274411,1.04109455796501,11.6179926101122
1.707,2.819546226105,-11.39942255704,0.01481784815,11.7429508695097
1.717,-5.95740552389501,-9.09485980704001,5.80074134815,12.3229767375413
1.727,-10.419431273895,-5.46639930704001,8.49757009815001,14.5139507725637
1.737,-17.431186023895,-5.27026630704,1.97614784815,18.3173992003369
1.746,-9.81878739650539,-1.65414492633598,-0.516223036664994,9.97051992619642
1.757,-2.50790295128448,-1.69811323774398,-7.53482086703493,8.12075681692093
1.766,-2.18431037150553,-3.86064117633605,-8.01831028666511,9.16346342518632
1.776,-4.927707273895,-5.22123305704001,-5.82013890185,9.24216373204635
1.786,-2.476044773895,-3.94636855704,-5.23173990185,7.00540683407725
1.796,-1.985712273895,-0.317908057040001,-7.04597015185001,7.32733335860935
1.806,3.555044976105,3.65378519296,-7.92856865185001,9.42606449614694
1.816,1.838881226105,1.15308944296,-9.30149965185001,9.55138708254215
1.827,-1.69885432628448,-0.026079412744,-6.51002594203494,6.72809214589638
1.837,3.947310976105,1.10405619296,-1.55424615185,4.38359271828861
1.847,0.318850476105,-0.514041057040001,1.33871559815,1.46903481482411
1.857,-8.75230077389501,-3.06377005704,0.946449598150001,9.32122431019533
1.867,-5.565139523895,0.07435794296,0.45611709815,5.58429492696476
1.877,-0.661814523895,3.01635294296,2.66261334815,4.07748615966853
1.887,-10.762664023895,-2.47537105704,-9.25246640185001,14.4073083287142
1.896,-16.7030556965053,-2.71326312633597,-9.16568833666489,19.2448359067613
1.907,-10.2747697512846,-0.295762287744003,-5.64704074203506,11.7280619846149
1.917,1.838881226105,0.17242444296,-13.17512640185,13.3039531740373
1.927,-0.710847773895001,0.51565719296,-12.29252790185,12.3238569091037
1.937,1.348548726105,1.79052169296,-4.39817465185,4.93644526636482
1.946,2.84650107849447,-0.286117251335997,-4.88508561166494,5.66113883460546
1.956,2.280180476105,-2.96570355704,-5.57497265185001,6.71378735593596
1.966,14.685592726105,3.45765219296,-0.573581151850001,15.0980458252804
1.977,11.9470991487156,6.44630958725607,-2.19509994203502,13.7516016928761
1.987,1.250482226105,3.99701794296,5.35944209815001,6.80172609251293
1.997,4.731842976105,3.89895144296,12.71442959815,14.1155545520319
2.006,6.64167462849426,4.34752487366384,6.72108466333476,10.4012399957709
2.016,0.367883726105009,4.58541694296011,1.48581534815003,4.83415289637354
2.026,-0.024382273895,3.50668544295992,-2.28974490184995,4.18812237245943
2.036,9.19386872610521,3.26151919296007,-4.3001081518501,10.6609408457467
2.047,2.40032537371553,1.43020811225602,-9.90803016703511,10.2944703086144
2.056,-5.09688542150544,0.993650573663988,-7.88592051166491,9.44210383223966
2.066,-5.17287352389489,1.98665469295996,-6.60467090184986,8.62131631973997
2.077,-1.80672747628452,4.93608548725605,-1.70967076703502,5.52740248604309
2.087,0.662083226105015,6.15448094296014,1.14258259815003,6.29455994245384
2.097,1.54468172610497,6.69384669295986,0.701283348149985,6.90546330945323
2.107,4.1434439761051,8.21387744296019,1.48581534815003,9.31898910182269
2.117,4.14344397610491,5.27188244295989,0.456117098149991,6.7207823415681
2.126,-0.639762996505493,5.36251314866394,0.940064488334989,5.48174837105096
2.136,-3.01541052389507,7.62547844296018,-6.01627190185014,10.1703564199422
2.146,0.514983476104989,7.67451169295984,-1.35811315184997,7.81074958241949
2.157,6.33769534871557,10.3297429872561,11.0732975079651,16.4160863245721
2.166,1.03717415349449,2.62645779866397,3.72024976333496,4.67057481413515
2.176,-5.31997327389512,-6.15286480704014,-11.3118629018503,13.9326272927588
2.188,-3.088933528674,-4.853322068448,1.37109911778,5.91406444295528
2.196,-4.883604219116,-6.72671544563201,-0.30195852148,8.31802078647116
2.207,-9.95115030128421,-16.6385445127435,-13.1981612420346,23.4533156716069
2.217,-6.15353852389514,-8.8006603070402,3.10391259815007,11.1781899975769
2.226,-8.5390195715054,-8.8914526263359,4.51458841333495,13.1283774165259
2.236,-1.83861252389504,-11.0561898070403,5.70267484815013,12.5753858583365
2.247,2.07670592371544,-11.7303161877437,5.84144973296483,13.2678393245016
2.256,-4.52319639650545,-12.5983663263359,-1.31056168666499,13.4497476433005
2.266,-2.86831077389507,-11.4974890570403,-1.26004665185003,11.9166765030037
2.277,-4.07206362628455,-6.92996101274408,0.285982507965003,8.04287559331391
2.286,-5.62644452150544,-4.16955065133595,-2.23729011166497,7.35170032246884
2.296,-3.60380952389492,-5.41736605703989,-1.84844565184996,6.76402612416057
2.307,0.081052648715501,-4.93430773774406,0.285982507965003,4.9432528134303
2.317,0.662083226105015,-2.62247080704006,0.161917598150004,2.7095986124623
2.327,-1.15214702389498,0.02532469296,-0.818747401849982,1.41365887426199
2.337,-0.024382273895001,2.13375444296005,-1.45617965185003,2.58340118769697
2.347,0.907249476104981,1.20212269295997,-2.82911065184994,3.20500665541164
2.357,-0.269548523895006,-0.268874807040006,-3.71170915185009,3.73118411453019
2.367,-1.64247952389496,-0.857273807039982,0.063851098149999,1.85384312426538
2.377,-0.906980773894981,-0.366941307039992,1.38774884814997,1.6979714109987
2.386,2.18455220349458,1.52320967366406,1.24897396333505,2.94149145856752
2.396,-0.024382273895,1.34922244295997,1.92711459814996,2.35260841838795
2.407,-2.23822007628452,0.459349762256005,-1.00849529203501,2.49753760092306
2.416,-0.242593671505497,0.066922148663999,-1.13404198666499,1.16162880945481
2.426,-2.81927752389507,-0.170808307040004,2.46648034815006,3.74980353382736
2.437,-4.07206362628438,1.75382756225595,2.49738208296493,5.08866687482598
2.446,-3.11103879650562,0.596481248664023,-0.295573411665011,3.18146442932405
2.457,-3.3708881512844,-1.42843036274396,0.933221407964972,3.77812154727221
2.467,1.83888122610504,0.564690442960013,3.64327834815008,4.11993162348493
2.477,3.55504497610492,1.15308944295998,2.66261334814994,4.58884188955567
2.486,2.09629235349458,0.552351323664021,0.763544788335029,2.29837643998254
2.497,-3.69450760128439,2.29319331225593,0.663538532964981,4.39868223085651
2.506,-7.03860212150542,1.65559944866398,-1.31056168666499,7.34850333699531
2.516,-5.41803977389512,0.711790192960016,-1.06391365185002,5.56719970262397
2.527,-3.20907842628453,1.26839838725601,0.232045932965002,3.45844822569951
2.536,-0.154333821505498,1.17017027366399,0.278115613334997,1.21262759832029
2.547,1.37553044871551,1.10658866225601,1.36471400796501,2.23138226360097
2.557,-0.122448773894997,2.42795394295995,0.210950848149995,2.44017505759287
2.566,-3.24342857150546,1.56733959866398,-0.957522286664989,3.72736250523856
2.577,-5.47441457628456,-0.511508587744006,-0.90062214203501,5.57153266445567
2.587,-1.20118027389503,0.466623942960011,-1.01488040185002,1.64029088414139
2.596,1.47847340349448,1.47907974866398,-0.383833261664996,2.12623810531861
2.607,1.05191099871551,3.21011508725603,-0.738812417035008,3.45791836372876
2.617,0.269817226104994,2.91828644295994,-0.230348401849995,2.93977167223946
2.626,2.89063100349447,1.47907974866398,1.55788343833498,3.60144766846747
2.637,8.17153889871559,4.50459288725605,1.20290428296501,9.40810202788614
2.646,3.72909957849446,5.40664307366394,-0.163183636664998,6.56997731286806
2.656,1.74081472610504,5.71318169296013,-0.230348401850005,5.97695084082459
2.667,4.61172494871536,6.28449986225582,-0.253383242034993,7.79917614807111
2.677,2.62341322610506,5.17381594296012,-1.21101340185003,5.92597855429731
2.686,0.154575653494498,4.34752487366395,-1.35469161166498,4.55632039287136
2.697,-1.32129830128451,5.58332438725606,0.178109357965002,5.74030167828315
2.706,1.78738287849448,5.18599344866394,-0.82513251166499,5.54708114829115
2.716,1.74081472610504,6.84094644296016,-1.89747890185004,7.30954241584516
2.727,-0.026820501284499,8.76558231225574,-0.577002692034983,8.78459360009531
2.737,-2.77024427389506,8.31194394296019,-1.75037915185004,8.93456728796601
2.747,-1.64247952389497,8.55711019295982,-2.04457865184996,8.94998188291304
2.757,4.58474322610511,7.18417919296017,0.505150348150012,8.53741635391613
2.768,6.9309976737153,4.01916371225588,1.31077743296496,8.11853085094413
2.776,4.295420180884,1.432417354368,0.16876067852,4.53110738937566
2.786,-1.83861252389504,-1.64180580704004,0.161917598150004,2.4702711652053
2.796,-2.47604477389495,-7.03546330703985,1.63291509814997,7.63511318742576
2.807,-0.134693651284501,-10.1661555127441,1.41865058296502,10.2655457607251
2.817,-2.72121102389506,-9.97745830704023,1.68194834815004,10.4777676034134
2.827,-6.34967152389486,-11.3994225570398,1.04451609814998,13.0903085133469
2.837,-5.61417277389513,-11.1052230570403,-0.132281901850003,12.4443727677742
2.847,-2.32894502389495,-9.3890593070398,1.58388184814997,9.80240283320037
2.857,-6.39870477389515,-9.63422555704022,3.15294584815007,11.9876099531459
2.866,-8.2301100965054,-8.6266730763359,1.86679291333498,12.0681032622304
2.876,-3.79994252389492,-7.77096205703983,0.750316598149984,8.68276393058783
2.888,-0.735337528674001,-8.08951656844801,1.01805971778,8.18641833656438
2.897,-5.00862557150544,-5.58170825133594,-0.560352961664994,7.52035853933951
2.907,-4.2902750238951,-4.1425015570401,0.750316598150017,6.01080310176578
2.917,-3.06444377389493,-3.11280330703993,0.897416348149981,4.45934032942194
2.927,-3.30961002389508,-2.08310505704005,0.259984098150006,3.91923932928616
2.937,1.64274822610496,0.368557442959992,0.505150348149989,1.75773524666494
2.947,-1.44634652389503,-0.41597455704001,-0.818747401850019,1.71327184279788
2.957,-9.4877995238948,-3.70120230703992,-6.55563765184986,12.1117143025093
2.966,-7.25925174650577,-2.40435365133609,-6.65028261166525,10.1342938192485
2.977,3.64086659871539,0.297540037255991,-0.415192967034988,3.67652347514428
2.987,5.36927522610512,0.760823442960017,-0.524547901850012,5.44822166090542
2.997,2.81954622610494,3.99701794295991,1.33871559814997,5.07130681483739
3.007,-0.612781273895014,3.16345269296007,1.33871559815003,3.48928263156812
3.017,-2.67217777389494,0.02532469296,-1.94651215184996,3.30606789898078
3.027,-2.42701152389506,0.270490942960006,0.456117098150011,2.48426912683944
3.037,-3.55477627389492,-0.710174057039985,1.04451609814998,3.77250519257871
3.047,-2.47604477389506,0.466623942960011,-1.21101340185003,2.79554808328116
3.057,-0.661814523894986,2.77118669295994,-4.39817465184991,5.24036395868184
3.067,1.49564847610503,0.956956442960022,-3.31944315185008,3.76449635889881
3.076,1.21369385349449,-0.286117251335997,-1.26643176166499,1.77729155134329
3.087,0.350735523715504,1.37627153725602,-1.22424159203501,1.87507499250709
3.097,-3.21154352389493,0.46662394295999,0.652250098149986,3.31016312295205
3.107,-5.02577377389512,0.662756942960015,2.17228084815005,5.51511132027751
3.117,-3.84897577389492,1.79052169295996,-0.279381651849994,4.25424923439855
3.126,-4.34667669650545,0.155181998663998,-1.00165221166499,4.46329328072739
3.137,-0.134693651284502,-1.10481091274401,-0.577002692035006,1.25366727612643
3.147,6.00670747610487,-1.05340680703998,-2.09361190184996,6.44774467547996
3.158,-0.889805701284509,0.189666887256002,0.609601957965007,1.09514485859843
3.168,-7.13420352389517,2.23182094296005,0.161917598150004,7.47690457010011
3.177,-2.22844029650547,2.53819794866397,-2.19316018666498,4.02720083756246
3.187,-0.171482023894996,2.23182094295995,-1.75037915184996,2.84152388362033
3.197,-0.514714773895012,1.34922244296003,0.848383098150019,1.67483921027645
3.208,1.48340359871552,0.836905787256009,1.90407975796502,2.55468535403421
3.218,-0.710847773894984,1.20212269295997,1.68194834814996,2.18617331710576
3.227,-4.39080662150545,1.87624907366398,1.95505276333498,5.15962447095763
3.237,-5.71223927389513,1.93762144296004,1.48581534815003,6.21222195572943
3.247,-8.16390177389483,-0.219841557039995,-1.89747890184996,8.38439316032893
3.257,-3.26057677389507,-0.219841557040005,-2.04457865185005,3.8548661549095
3.267,-0.808914273894983,1.10405619295998,-0.524547901849989,1.46575334932571
3.277,-1.69151277389504,1.30018919296003,-2.04457865185005,2.95499733761997
3.286,4.30278860349445,1.17017027366399,-2.19316018666497,4.9692293004148
3.297,-0.997678851284511,-4.28706883774405,-10.1237764670351,11.0392559651613
3.307,-6.59483777389486,-3.11280330703993,-5.32980640184989,9.03262231987529
3.317,9.14483547610521,5.95834794296014,5.31040884815012,12.1379721629653
3.327,8.70353622610481,4.09508444295991,4.28071059814991,10.5283304782479
3.336,3.15541055349446,1.52320967366398,2.17570238833497,4.12437441967316
3.347,12.4864648987156,4.28884658725605,1.58046030796502,13.2967614666477
3.357,-0.122448773895003,4.09508444296009,7.41883859815017,8.47489683964383
3.367,-11.4981627738948,6.00738119295987,14.5286598481497,19.4776367394955
3.378,-6.33739977628457,4.88214891225605,12.5295850329651,14.8656824607617
3.388,0.416916976104991,-0.268874807039994,5.55557509814988,5.57768124743682
3.397,-10.0394370215054,-2.53674342633597,-5.63529433666494,11.7890587063039
3.407,-18.0686182738954,-2.96570355704007,-9.54666590185022,20.649677812439
3.418,-13.1334082262846,-1.96779611274402,2.60525523296503,13.5331440548183
3.428,-3.01541052389494,-1.64180580703996,6.04590759814987,6.95278545771497
3.437,2.00803250349448,-4.34607035133595,2.39635201333497,5.35378604406884
3.447,-6.10450527389514,-5.80963205704013,3.54521184815008,9.14250164481613
3.457,-8.50713452389482,-7.81999530703983,-0.622614401849988,11.5720055782548
3.467,7.72287122610518,-11.6936220570403,-1.50521290185004,14.094296813527
3.477,10.3706667261048,-11.6445888070398,2.66261334814994,15.8188712198664
3.486,0.948914303494536,-11.5392481263364,-1.79599086166507,11.7166662857538
3.497,-4.12600020128438,-14.0495889127436,-3.11202171703491,14.969953421617
3.507,-8.7523007738952,-10.0264915570402,-3.85880890185009,13.8572619200592
3.516,1.61086317849448,-7.21451547633592,-3.87009733666496,8.34396591156633
3.527,6.49950507371557,-5.90516608774407,2.01195290796502,9.00902365581121
3.537,-8.16390177389483,-5.12316655703989,2.27034734814995,9.90205053644075
3.547,-8.16390177389519,-4.5347675570401,0.995482848150023,9.3917194949143
3.557,1.05434922610498,-1.93600530703996,1.78001484814996,2.83341167130888
3.567,1.54468172610504,-2.57343755704006,-0.965847151850022,3.1530117690367
3.578,-2.99333212628441,-2.99259103774391,-1.49392446703496,4.48859094267201
3.587,-1.52236149650556,-0.065467626336002,1.91092283833507,2.44407377757123
3.597,3.65311147610492,1.20212269295997,4.5258768481499,5.93918207082407
3.607,4.2905437261051,0.123391192960003,2.66261334815006,5.05108906017968
3.617,5.71250797610488,4.14411769295991,10.1647005981498,12.3744736082062
3.628,3.10150084871553,5.47545123725606,12.2599021579651,13.7806050189761
3.638,6.59510647610486,5.22284919295989,10.0666340981498,13.1190969654772
3.647,10.3485883284944,4.30339494866395,8.7069312883349,14.1923620633291
3.658,-2.18428350128452,-3.96344938774404,-7.26513799203508,8.55933732870156
3.668,-10.7136307738952,-5.17219980704012,-9.54666590185022,15.2536017072969
3.678,-9.04650027389481,-4.7799338070399,-11.1157299018498,15.1078253119414
3.688,-5.76127252389513,-3.25990305704007,-8.4679344018502,10.7482622814075
3.698,-6.15353852389487,-1.34760630703997,-1.40714640184997,6.45462160936421
3.708,-4.5354412738951,-1.10244005704003,-1.45617965185003,4.8893824565869
3.718,-3.35864327389493,-1.54373930703997,-3.31944315184993,4.96813028490027
3.728,0.367883726105009,-2.18117155704005,-3.80977565185009,4.40536471981642
3.738,2.91761272610494,-0.366941307039992,0.45611709814999,2.97576086901594
3.748,2.77051297610506,0.662756942960015,0.897416348150021,2.98669466436313
3.758,3.16277897610493,-0.072741807039999,-0.867780651849981,3.28047336247499
3.768,4.24151047610491,-0.808240557039983,-2.92717715184994,5.21651511981556
3.778,5.66347472610513,-3.60313580704008,-7.29113640185017,9.91050975720172
3.788,-7.13420352389485,-5.80963205703988,-7.29113640184985,11.739222912481
3.798,-12.7239940238953,-2.81860380704006,-2.48587790185006,13.2674089514151
3.808,-15.4208227738947,-4.04443505703991,-3.46654290184993,16.3149057504127
3.817,-7.21512182150577,-2.5808733513361,0.145725838335005,7.66421073397412
3.827,2.96664597610494,0.662756942959986,6.97753934814985,7.61093229952551
3.837,-1.98571227389505,-0.317908057040007,4.03554434815009,4.508850957097
3.847,0.171750726104997,1.10405619295998,2.27034734814995,2.53039828295515
3.857,-0.710847773895016,0.613723692960014,2.41744709815006,2.59345557149262
3.867,0.613049976104986,1.34922244295997,2.56454684814995,2.9619473341275
3.877,0.858216226104981,-0.121775057039997,-1.60327940184997,1.82259954341686
3.887,-4.78060752389511,-4.77993380704011,-9.93893190185023,12.0201640108122
3.897,-0.318581773894993,-4.09346830703991,-7.87953540184983,8.88510299751236
3.907,-2.42701152389506,-3.79926880704009,-5.62400590185013,7.20793110325788
3.917,-2.47604477389495,-1.78890555703996,-1.65231265184996,3.47291202218029
3.927,-4.04510877389509,-3.89733530704009,-2.19167840185005,6.02955899757854
3.937,-5.12384027389489,-3.11280330703993,0.014817848149999,5.99529008049901
3.947,-2.32894502389505,0.760823442960017,7.32077209815017,7.71987962009364
3.957,-2.57411127389495,-0.759207307039984,4.6239433481499,5.34633488217449
3.967,5.32024197610512,3.45765219296008,11.2924653481503,12.9529960631109
3.978,8.33334862371559,3.04830536225603,10.3721220329651,13.6498271173177
3.988,4.38861022610491,-0.268874807039994,1.04451609814998,4.51920427263781
3.998,2.08404747610505,-1.20050655704003,-0.181315151850004,2.41191729966977
4.008,-2.13281202389495,-3.65216905703992,-3.27040990184993,5.34628907529221
4.017,0.904784378494534,-1.83066462633607,-0.648612811665025,2.14258402989053
4.027,0.416916976104991,-0.514041057039989,1.43678209814997,1.58189783831054
4.037,0.073684226104999,0.368557442959992,2.51551359814995,2.54343716580835
4.047,1.20144897610497,1.69245519295996,5.70267484814988,6.06863943945281
4.057,3.84924447610526,-0.366941307040025,4.91814284815033,6.25615361339948
4.067,4.33957697610491,-1.73987230703996,2.90777959814994,5.50583927914368
4.077,1.98598097610496,0.074357942959999,0.799349848149983,2.14210404062675
4.087,1.74081472610496,-0.170808307039996,-1.84844565184996,2.54486988198234
4.097,2.52534672610517,-0.219841557040015,-2.43684465185016,3.51623637636929
4.107,7.18350547610485,0.46662394295999,-1.84844565184996,7.43217600418712
4.117,9.73323447610479,1.83955494295996,-2.33877815184995,10.1779024852164
4.127,3.75117797610492,-1.88697205703996,-6.06530515184987,7.37698626388316
4.137,-5.17287352389489,-3.84830205703992,-3.80977565184992,7.48882098423102
4.147,-3.65284277389525,-0.661140807040044,0.309017348150021,3.72503143865793
4.157,-6.54580452389486,-1.00437355703998,1.38774884814997,6.76625228414261
4.167,-7.52646952389484,-0.857273807039982,2.27034734814995,7.90804267537841
4.177,-4.04510877389491,-0.268874807039994,5.40847534814989,6.75920145032292
4.187,1.74081472610512,0.907923192960061,6.97753934815047,7.24850438296945
4.197,6.44800672610486,2.32988744295995,6.58527334814986,9.50636583067414
4.207,-1.49537977389497,-0.46500780703999,1.97614784814996,2.52141889548921
4.217,-2.81927752389494,-2.96570355703994,-5.77110565184988,7.07455891132388
4.227,0.416916976105028,-2.72053730704018,-5.9182054018504,6.52689039148454
4.237,-3.65284277389492,-4.24056805703991,-6.45757115184986,8.54551946685438
4.247,0.711116476104985,-3.89733530703992,-5.42787290184989,6.71987450602496
4.258,5.85226617371557,-2.83078131274403,-4.24468979203505,7.76400242395652
4.268,0.416916976104991,-2.08310505703996,-1.45617965184997,2.57557869654411
4.277,-4.34667669650566,-0.197857401336007,2.92591111333511,5.24344368696249
4.287,-4.14317527389491,-0.072741807039998,1.28968234814997,4.33987019158814
4.298,-0.350439951284504,-1.64417666274402,-0.95455871703501,1.93321168060714
4.307,-0.904542546505534,-1.74240477633607,0.80767471333503,2.12285422617717
4.318,-1.86066405128437,-5.41973691274362,-6.34821621703456,8.55192773901407
4.327,3.06715070349462,-4.21368057633616,-6.56202276166525,8.37989619040433
4.337,-2.18184527389495,-3.40700280703993,-4.6433409018499,6.15863066413208
4.347,-3.99607552389527,-3.84830205704026,-3.85880890185026,6.75784392065206
4.357,0.90724947610498,-2.47537105703995,0.995482848149979,2.81807551050085
4.367,3.65311147610492,-2.27923805703995,2.90777959814994,5.19570320254398
4.377,3.35891197610493,-1.00437355703998,4.08457759814991,5.38282732962988
4.388,4.61172494871555,-0.133952562744002,2.76706495796503,5.37983259714177
4.397,3.19954047849462,0.111052073664004,1.24897396333505,3.43647025269818
4.407,0.514983476104989,1.10405619295998,1.73098159814996,2.11670625052421
4.417,-4.14317527389491,-1.83793880703996,-5.13367340184989,6.84824963078148
4.427,-8.85036727389481,-3.89733530703992,-9.5956991518498,13.6233500135297
4.437,0.122717476105008,-2.52440430704017,-6.50660440185044,6.98022761280204
4.447,-11.4000962738948,-6.93739680703985,-6.80080390184985,14.9780039799638
4.457,-12.7730272738947,-4.38766780703991,0.259984098149994,13.5081251939669
4.467,-10.7136307738948,-4.9270335570399,3.00584609814994,12.1693325534848
4.478,-12.4861693262846,-4.39494198774405,6.65049835796507,14.8138134161864
4.488,-11.5962292738958,-3.11280330704021,3.34907884815023,12.4650875220435
4.497,-11.8487639465048,-3.3310820763358,0.145725838334992,12.3089622178003
4.508,3.85661289871554,3.91129056225604,9.99456600796511,11.4045169384987
4.517,3.72909957849464,0.199311923664007,3.54373006333513,5.14819693397881
4.527,12.8223292261047,1.88858819295996,4.6239433481499,13.7608046360708
4.538,15.1293570737157,2.40106646225603,4.27728905796505,15.9046460918044
4.547,2.18455220349437,-2.31609380133586,-3.60531778666478,4.80987267702794
4.558,1.86095962371552,-2.61503501274403,-3.92107034203504,5.06718575406146
4.567,-5.80296422150572,-2.22783395133608,0.101595913335004,6.2167483140632
4.577,-8.75230077389481,-2.72053730703994,3.15294584814993,9.69253112438035
4.587,-5.51610627389488,-2.37730455703995,4.6239433481499,7.58022806178845
4.597,-4.19220852389528,-1.34760630704009,4.03554434815027,5.97296184924047
4.608,-0.512249676284464,-0.080015987743994,6.27294233296456,6.29433140228945
4.618,0.613049976105041,-1.00437355704007,5.84977459815039,5.96694723995858
4.628,-3.60380952389492,-1.24953980703997,2.61358009814994,4.62380727791922
4.638,-0.122448773894998,0.613723692959987,3.05487934814993,3.11832299566318
4.647,1.12543400349454,-2.6691332013361,-3.38466816166513,4.45498061805953
4.657,-0.318581773894994,-3.99540180703992,-4.6433409018499,6.13395016911192
4.667,0.956282726104979,-1.69083905703996,-0.034215401849999,1.94282888149788
4.678,-0.080757076284501,-3.26227391274404,0.393855657965004,3.28695528817344
4.688,0.90724947610498,1.34922244295997,9.72340134814979,9.85839929145096
4.698,11.8906974761058,5.27188244296036,12.1260305981508,17.7826333547074
4.708,13.7539609761047,0.809856692959982,3.30004559814993,14.167484298393
4.718,15.6662577261047,1.54535544295997,1.14258259814998,15.7837020239048
4.728,8.65450297610482,-3.45603605703993,-9.2034331518498,13.0976253103964
4.738,-12.8710937738959,-6.25093130704042,-11.4589626518508,18.3315853705638
4.748,-7.18323677389485,-0.121775057039997,-2.92717715184994,7.75771137595777
4.757,-7.78881084650503,-4.03716087633575,-2.50206966166485,9.12275150028072
4.768,-3.91025390128454,-3.37014706274404,2.71312838296503,5.83172722437218
4.777,14.6733209784951,5.75968247366422,10.3397385133354,18.8518031832376
4.787,11.5964979761048,3.75185169295992,7.71303809814984,14.4238036987224
4.798,2.50819852371553,-3.74770308774404,-6.56396251703507,7.96378943677546
4.807,0.993044228494538,-1.78653470133607,-5.01747538666519,5.41783188504546
4.818,-1.4831080262844,0.243603462255983,-0.523066117034963,1.59139882720905
4.828,6.25187372610542,0.368557442960025,1.04451609815007,6.34923409201639
4.837,4.56756815349422,-0.021337701335999,2.04331261333488,5.00382459426051
4.848,-1.21342515128451,1.05265208725601,-0.630939267035007,1.72585091281401
4.857,-2.5814796965056,-0.815676351336031,-5.94420381166522,6.53168617496393
4.867,-3.30961002389493,0.711790192959985,3.20197909814993,4.65970320235623
4.878,2.34638879871553,3.64160768725604,10.7496780579651,11.5897551869104
4.887,-3.37581834650529,-2.00718432633588,-0.560352961664966,3.96723252030138
4.897,0.662083226105045,-1.29857305704009,1.82904809815012,2.33881660848103
4.908,-2.56183952628453,0.351476612256004,0.93322140796501,2.74908344065452
4.917,-5.00862557150519,0.066922148663996,-4.70856591166471,6.87469283924806
4.928,1.75308647371552,-2.45322528774403,-11.0946348170351,11.4970669398816
4.938,-3.70187602389492,-5.41736605703988,-13.5183591518497,15.0265689780021
4.947,-0.816282696505531,-0.683286576336026,-2.32554996166509,2.55761228692229
4.957,-0.95601402389498,0.711790192959985,4.23167734814991,4.39632815785207
4.967,-9.5368327738948,-3.60313580703992,0.161917598149997,10.1960769078012
4.978,-5.95984375128457,-2.39928871274403,3.14462098296503,7.15296896353749
4.988,5.41830847610537,5.36994894296036,10.8021328481507,13.2242388235139
4.997,3.68496965349428,3.55318622366378,1.51375351333491,5.33812545621978
5.008,6.17588562371557,-4.39494198774405,-12.9824149420351,15.0333022333761
5.018,-3.70187602389492,-5.71156555703988,-6.55563765184986,9.44998689052021
5.027,-2.5373497715056,1.96450892366407,1.33723381333505,3.47643976585844
5.038,6.87706109871558,1.69989098725602,-7.48088429203508,10.3027777086977
5.047,-6.11187369650513,-2.84565290133583,-5.59116441166466,8.75864487207797
5.057,-3.89800902389526,2.86925319296019,6.73237309815045,8.2916787062923
5.068,2.72394482371531,-0.29576228774398,-0.199446667034986,2.74720397977441
5.077,-0.419113371505516,2.49406802366409,2.17570238833508,3.33612233100728
5.087,-12.6749607738947,0.711790192959985,-8.51696765184982,15.2872500431314
5.098,-12.4322327512846,-6.28272211274407,-29.1094508670353,32.2706234539778
5.107,15.6883092534951,0.066922148664003,-14.1082399366655,21.0990511615524
5.118,21.2241900487157,0.567222912256006,-7.37301114203508,22.4755262086734
5.128,10.8119659761048,0.46662394295999,-8.32083465184982,13.6511038189597
5.137,11.7166160034938,1.96450892366388,-12.8284721116642,17.484509790218
5.148,9.84357272371561,-1.48236693774402,-11.9576200170351,15.5588563903969
5.158,1.10338247610507,-7.32966280704049,-12.9299601518509,14.9038679302368
5.167,-10.3042165715049,-8.2736336763355,-22.0074965116637,25.670212232733
5.178,-25.3230741762848,-8.8177411377441,-16.4343557420352,31.449939477933
5.187,-3.24342857150562,-1.87479455133607,4.55871833833517,5.90055899016795
5.197,14.3423599761047,2.62408694295994,11.8808643481497,18.8080849537511
5.208,-0.781932551284508,-3.42408363774404,-4.89192869203505,6.0221867789849
5.217,-12.0252836465048,-6.46430675133561,-14.7260588866641,20.0811234468532
5.228,1.86095962371552,0.567222912256006,0.501728807965006,2.00914020168568
5.238,2.08404747610514,-1.15147330704008,0.063851098150005,2.38185256097454
5.248,-3.30961002389493,-3.84830205703992,-4.34914140184991,6.68415874779829
5.258,-5.07480702389489,0.564690442959988,6.48720684814986,8.25568860343132
5.268,-8.99746702389481,-1.10244005703998,-3.46654290184993,9.704983596885
5.279,-2.83152240128453,-1.96779611274402,-9.2068546920351,9.8313739614845
5.288,-3.59646797150564,-2.6250032763361,-7.09158186166527,8.37351523385137
5.298,2.96664597610494,0.564690442959988,-2.82911065184994,4.13808297697385
5.308,-6.74193752389486,-0.612107557039987,6.73237309814986,9.54742084388129
5.318,-12.4788277738947,0.270490942959994,3.59424509814992,12.9889532213464
5.328,5.9576742261054,2.86925319296019,2.71164659815018,7.14699400748121
5.338,17.3333882261046,-1.15147330703998,4.7220098481499,18.0019336511307
5.347,9.95141900349488,0.331701698664013,2.7052614883351,10.3179070513493
5.357,3.84924447610492,-3.11280330703993,-7.19306990184985,8.73192316033765
5.368,1.86095962371552,6.87780218725608,11.5047901079651,13.5324620478484
5.378,-15.7150222738947,-2.47537105703995,0.701283348149984,15.9242326431583
5.388,16.2546567261047,-0.514041057039989,-0.181315151849995,16.2637934897155
5.398,35.4266574761042,9.3906754429598,21.3442815981495,42.4123944401318
5.408,-20.6673805238964,-10.3206910570407,-5.32980640185036,23.7078914687835
5.418,-9.97813202389479,-3.45603605703993,-7.97760190184983,13.2344035006582
5.428,18.6082527261046,0.319524192959993,-0.03421540185,18.6110272667091
5.438,0.318850476104993,-0.170808307039997,9.2821020981498,9.28914745627085
5.448,-6.84000402389546,0.319524192960022,2.46648034815017,7.27813685393479
5.458,-10.8607305238948,-9.1438930570398,-24.3547074018495,28.1907435230244
5.468,-6.00643877389487,-1.34760630703997,0.799349848149982,6.20743986544043
5.478,1.69178147610496,-0.90630705703998,14.9699590981497,15.0924879474793
5.488,4.14344397610528,-6.10383155704041,3.20197909815022,8.04223587100232
5.497,-5.14101534650519,-9.8623109763354,-4.22313673666474,11.8966424037841
5.507,-7.82066902389483,-12.7233203070397,-11.8512286518497,19.0656068399425
5.518,-0.080757076284501,-7.84688278774409,-6.13246991703507,9.95928102190637
5.528,-12.7730272738947,-10.2716578070398,-6.89887040184985,17.7834640232464
5.538,-6.49677127389544,-7.67289555704052,-6.45757115185044,11.949125005446
5.548,5.71250797610488,-1.78890555703996,2.61358009814994,6.53174795889399
5.558,1.78984797610496,-1.54373930703997,3.98651109814991,4.63453962776668
5.568,-8.26196827389482,-4.92703355703989,-2.97621040184994,10.0694392985469
5.578,-6.49677127389544,-4.33863455704029,-3.22137665185022,8.45038782174776
5.588,-2.91734402389494,-4.09346830703991,-5.62400590184988,7.54299816508913
5.598,-0.220515273894995,-4.09346830703991,-4.34914140184991,5.97663288985079
5.608,6.93833922610485,-0.121775057039998,2.41744709814995,7.34843050272478
5.619,1.64521332371552,-1.26662063774401,2.60525523296503,3.33142755427486
5.628,-7.03860212150577,-4.47846012633617,-1.31056168666505,8.44488584070873
5.638,-3.55477627389492,-3.84830205703992,-0.671647651849986,5.28175857531367
5.648,0.220783976104995,-3.84830205703992,-0.279381651849994,3.86474169818797
5.658,-2.47604477389517,-5.22123305704035,-3.95687540185027,7.00349450660399
5.668,-1.78957927389496,-3.40700280703993,-1.65231265184996,4.18812597759378
5.678,0.318850476104993,-2.47537105703995,2.46648034814995,3.5089389854988
5.688,4.6828097261049,-4.24056805703991,1.68194834814996,6.53758935871123
5.698,-0.710847773895048,-6.79029705704046,-0.769714151850052,6.87065488553035
5.708,-0.661814523894986,-3.79926880703992,5.26137559814989,6.52338218388222
5.718,-0.906980773894981,-3.79926880703992,4.7220098481499,6.12816731155297
5.728,-3.65284277389492,-5.27026630703989,-0.96584715184998,6.48473808250209
5.738,-2.9663772738952,-5.27026630704036,-2.9271771518502,6.71888883346946
5.748,-3.84897577389492,-6.88836355703985,-2.48587790184995,8.27307415323292
5.758,-2.47604477389495,-6.83933030703985,0.652250098149986,7.30292180991026
5.768,-3.84897577389492,-6.74126380703986,0.407083848149991,7.77334995246966
5.778,-3.99607552389491,-7.08449655703985,-0.671647651849986,8.16148403341066
5.787,-3.33168842150563,-5.80235787633622,-0.825132511665031,6.74153901753022
5.798,-5.95984375128457,-5.95910266274407,-0.469129542035005,8.44101443027194
5.807,-4.43493654650567,-4.47846012633617,-0.207313561665008,6.3062069572418
5.818,-1.96853720128436,-4.66462486274368,0.663538532964954,5.10628506917663
5.828,-0.367615023895025,-4.33863455704029,0.799349848150054,4.4269459907565
5.838,-1.20118027389497,-5.41736605703989,-0.720680901849985,5.5955401891733
5.848,-1.98571227389496,-6.29996455703987,-0.818747401849982,6.65604642131436
5.858,-2.96637727389494,-7.28062955703984,0.112884348149998,7.86255071551083
5.868,-2.18184527389515,-8.01612830704054,0.456117098150031,8.32026469779538
5.878,-2.27991177389495,-4.7799338070399,0.210950848149995,5.30002501472993
5.888,-2.67217777389494,-6.93739680703985,0.309017348149993,7.44066530863219
5.898,-4.04510877389491,-13.8510850570397,3.39811209814993,14.824393008875
5.908,-6.44773802389544,-16.1066145570411,3.15294584815021,17.6334178659511
5.918,-4.14317527389491,-17.3324458070396,2.41744709814995,17.9839825810785
5.928,-2.27991177389495,-14.3414175570397,3.49617859814993,14.9364493783587
5.938,-4.29027502389491,-8.26129455703982,0.750316598149984,9.33908039028959
5.948,-1.78957927389512,-7.96709505704054,-2.09361190185014,8.42973359134459
5.958,0.564016726104988,-8.40839430703982,-2.28974490184995,8.73281978547214
5.968,-4.5844745238949,-6.49609755703986,-0.671647651849986,7.97921053106485
5.978,-4.09414202389491,-7.32966280703984,-2.04457865184996,8.64096393004427
5.987,-2.00779067150558,-4.39020027633617,-1.35469161166505,5.01400749995875
5.998,-2.40002980128453,-3.31621048774404,-2.41084624203503,4.75074464150745
6.008,0.760149726104984,-3.60313580703992,-3.61364265184992,5.15934380181624
6.018,-2.86831077389494,-1.98503855703996,-2.09361190184996,4.06826689932517
6.028,-3.60380952389492,-1.98503855703996,-1.70134590184996,4.45223528524635
6.037,1.78738287849457,-1.12458582633604,0.719414863335027,2.23091653378579
6.048,3.74873974871554,0.782969212256008,4.16941590796505,5.66128249644307
6.058,-1.39731327389497,-0.857273807039982,2.07421434814996,2.64381692401555
6.068,-4.19220852389491,-2.08310505703996,-0.426481401849991,4.70061967963869
6.078,-2.27991177389515,0.956956442960064,1.09354934815007,2.7036296912314
6.088,1.93694772610496,3.35958569295993,0.799349848149983,3.95948768172621
6.099,2.61607167371553,3.37192481225604,1.41865058296502,4.4973633851482
6.109,-3.55477627389492,-0.317908057039993,0.358050598149992,3.58687888295838
6.119,-0.514714773894989,-1.73987230703996,-3.02524365184993,3.5276317971592
6.128,-1.25758194650555,-1.21284567633605,-2.32554996166509,2.90872645860421
6.138,-7.52646952389484,-2.91667030703994,-1.26004665184997,8.16960382998616
6.148,1.59371497610497,-1.54373930703997,0.995482848149979,2.43188087169628
6.158,6.84027272610546,-0.415974557040028,1.04451609815007,6.93205450634237
6.168,8.85063597610481,0.809856692959982,2.71164659814994,9.29207470470998
6.178,5.27120872610489,0.46662394295999,3.20197909814993,6.18514749082808
6.188,2.42728022610495,-0.46500780703999,1.04451609814998,2.68308319586678
6.198,-0.416648273895028,-0.317908057040021,1.5348485981501,1.621857433967
6.208,-1.69151277389496,1.34922244295997,1.09354934814998,2.42434874588537
6.218,9.97840072610479,4.6834834429599,4.8691095981499,12.0503828358274
6.228,3.06471247610493,0.368557442959992,3.83941134814992,4.92639590880157
6.238,-10.1742650238957,-4.09346830704028,-4.3981746518503,11.8159253478257
6.248,-6.05547202389487,-4.43670105703991,-7.09500340184985,10.3291883017967
6.258,-4.33930827389491,-6.74126380703986,-3.12331015184993,8.60402814480794
6.268,-3.70187602389492,-4.97606680703989,-1.79941240184996,6.45778692404323
6.279,0.081052648715501,-2.72290816274403,-4.02894349203504,4.86345392253421
6.289,-0.122448773894997,-2.52440430703995,-2.97621040184994,3.90454083903728
6.298,-0.066073971505503,-1.34523545133605,-2.19316018666508,2.57370856812007
6.308,1.29951547610497,-1.73987230703996,-2.68201090184994,3.4509532878732
6.318,-0.612781273894987,-2.86763705703994,-0.47551465184999,2.97068297949631
6.328,-1.98571227389513,-4.24056805704029,0.554183598150037,4.71514476358327
6.338,-7.42840302389484,-4.38766780703991,0.897416348149981,8.6739931042324
6.348,-10.2723315238948,-2.37730455703995,1.04451609814998,10.5954417450628
6.358,-7.33033652389484,-1.29857305703997,2.12324759814995,7.74133747495008
6.369,-6.49920950128457,-1.10481091274401,1.14896770796501,6.69182023730855
6.379,-1.39731327389497,-0.415974557039991,1.53484859814997,2.11690326579903
6.389,-5.31997327389536,-2.23020480704015,-2.78007740185019,6.40349587932904
6.398,-8.75966919650497,-1.74240477633589,-6.47376291166461,11.0307472581526
6.408,-5.31997327389536,-3.0147368070402,-6.11433840185041,8.64730523012959
6.418,3.35891197610493,-5.41736605703988,-8.36986790184982,10.5206859735288
6.428,5.41830847610488,-6.69223055703986,-10.0860316518498,13.2616760272947
6.438,-11.4981627738948,-7.81999530703983,-8.22276815184982,16.1546894076048
6.448,-11.4000962738958,-2.72053730704018,-5.32980640185036,12.875183671478
6.459,7.79398287371496,1.53808126225589,1.20290428296492,8.03485169241101
6.469,11.1551987261058,0.760823442960051,5.01620934815034,12.2547813997125
6.479,-4.7806075238949,-6.34899780703987,-5.57497265184988,9.70795042839587
6.488,2.14042227849458,-0.506766876336019,2.35222208833509,3.22042993249019
6.498,5.46734172610488,4.8305831929599,6.38914034814986,9.6978076864037
6.508,-3.40767652389493,2.32988744295995,-2.14264515184995,4.65097441780894
6.518,5.90864097610487,9.1455091929598,4.23167734814991,11.6815867827048
6.528,2.37824697610495,10.1752074429598,5.60460834814988,11.8575941878093
6.539,7.41642684871558,11.7860305122561,2.33557235796503,14.1198017223144
6.549,8.16417047610555,11.1068391929608,0.554183598150037,13.7957484712378
6.559,4.8789427261049,8.41001044295982,-2.28974490184995,9.98875815558936
6.568,4.39104845349423,6.20098172366362,-2.01664048666488,7.86131793725456
6.579,-1.91460062628452,5.36757808725606,-1.70967076703502,5.94975329006292
6.589,1.10338247610507,1.83955494296012,-3.12331015185021,3.78899479828033
6.599,16.4017564761047,5.46801544295988,2.27034734814995,17.4376399053066
6.609,15.9114239761047,5.56608194295988,2.17228084814995,16.9962785699206
6.619,-4.24124177389491,-2.18117155703995,-7.04597015184985,8.50830985135299
6.629,-5.66320602389488,-1.88697205703996,-6.50660440184986,8.82997547308603
6.639,-2.62314452389518,0.270490942960018,1.63291509815011,3.10168732486549
6.649,-8.50713452389482,-0.170808307039996,3.30004559814993,9.12638012769936
6.659,4.8789427261049,2.28085419295995,4.18264409814991,6.81915607871994
6.669,9.04676897610481,1.74148844295996,4.6239433481499,10.3081357669986
6.678,3.50844995349463,0.375831623664014,3.19069066333512,4.75720268588761
6.689,1.59127674871552,-0.457572012744005,2.11982605796502,2.6898320307924
6.698,2.27281205349459,-1.30110552633605,-2.06077041166508,3.33246529025686
6.708,3.11374572610493,-0.563074307039988,-1.50521290184997,3.50401641006159
6.718,0.073684226104998,-2.03407180703996,-2.38781140184995,3.13759793029255
6.728,1.15241572610498,-2.13213830703995,-2.63297765184994,3.57863760127545
6.738,-1.83861252389512,-1.93600530704013,-0.083248651850006,2.67124369909344
6.748,-3.55477627389492,-2.32827130703995,-0.083248651849998,4.25020140401213
6.758,-2.72121102389494,-2.13213830703995,-2.19167840184995,4.09322090951003
6.768,-2.57411127389495,-1.49470605703997,-2.68201090184994,4.00666663512039
6.778,-3.94704227389491,-0.366941307039992,-1.55424615184997,4.25787150290685
6.789,-1.37523487628451,0.081793737256001,-0.037636942035001,1.37817913197426
6.799,2.9176127261052,0.809856692960055,3.25101234815022,4.4426808539989
6.809,-3.11347702389493,0.417590692959991,1.33871559814997,3.41471530554137
6.819,-4.6825410238949,-2.47537105703995,-5.62400590184988,7.72548346024584
6.829,0.711116476104985,-0.808240557039983,-3.31944315184993,3.48964787320951
6.839,3.40794522610523,-0.366941307040025,-1.11294690185008,3.60380179716967
6.849,-7.42840302389484,-6.00576505703987,-2.04457865184996,9.76886315132788
6.859,-7.52646952389484,-2.47537105703995,5.26137559814989,9.51090314055169
6.869,1.44661522610497,-0.219841557039995,6.14397409814987,6.31580902508436
6.878,-0.374983446505514,-0.241987326336009,5.79435623833522,5.8115174152707
6.888,0.90724947610498,1.44728894295997,7.76207134814983,7.94779834357135
6.898,1.64274822610496,0.613723692959987,6.48720684814986,6.72005440427039
6.909,7.09280739871558,2.40106646225603,9.1855173829651,11.8510238605869
6.919,5.17314222610489,3.06538619295993,7.81110459814983,9.85755284270576
6.929,6.98737247610547,3.45765219296023,3.34907884815023,8.48499039118173
6.939,8.70353622610481,1.05502294295998,-0.083248651849998,8.76764201979789
6.948,3.59670980349464,-1.12458582633604,-0.119053711665005,3.77030349940314
6.959,1.4294670237154,-1.4823669377439,-0.199446667034986,2.06895304030743
6.969,-6.84000402389546,-2.86763705704019,-1.35811315185009,7.54012391615976
6.978,-4.56732632150522,-1.6982748513359,-0.030793861664998,4.8729411508565
6.988,-2.57411127389517,-1.93600530704013,-0.720680901850048,3.30053728377263
6.999,-2.8854589762843,-3.10046418774378,-1.97935364203486,4.67510347730807
7.008,1.03717415349454,-0.506766876336019,1.77853306333507,2.12031194615427
7.019,-0.997678851284511,-0.94300118774401,2.11982605796502,2.52552506350947
7.028,1.74325295349439,-0.065467626335996,1.86679291333489,2.55502106669247
7.038,4.24151047610529,0.025324692960002,1.97614784815013,4.679338925183
7.049,-0.727995976284508,-2.39928871274403,-2.35690966703503,3.44116079937432
7.058,-3.06690887150531,-1.25697560133592,-1.7077310116649,3.72857384219138
7.069,-0.188630226284502,-1.69811323774402,-1.65573419203502,2.37920693617505
7.078,3.15541055349462,-1.43349530133605,-0.913392361665034,3.58410520861285
7.089,0.89010127371551,-1.53630351274402,1.58046030796502,2.37704933600303
7.098,-0.948672471505442,-1.25697560133592,1.6020133633349,2.24642247514791
7.108,2.67244647610494,-0.317908057039993,2.31938059814995,3.55282451852763
7.119,1.59127674871552,-1.48236693774402,1.36471400796501,2.56749250294039
7.129,-2.72121102389494,0.711790192959985,6.38914034814986,6.98088455023559
7.139,-1.98571227389513,3.0163529429602,8.05627084815054,8.82864306051404
7.149,-0.563748023894988,-0.563074307039988,-1.40714640184997,1.61707312943274
7.158,-3.81711759650564,-0.948066126336036,-3.64944771166514,5.36541561536819
7.168,-4.09414202389491,-2.52440430703995,-7.09500340184985,8.57167949059489
7.178,-2.72121102389494,-3.06377005703993,-6.06530515184987,7.31980894450384
7.189,-0.997678851284511,-1.37449378774402,-3.32776801703504,3.73612583273751
7.199,-9.78199902389479,-4.5838008070399,-2.87814390184994,11.1795548686812
7.209,-11.0568635238948,-2.37730455703995,4.08457759814991,12.02454082692
7.219,1.00531597610507,-0.170808307040012,4.23167734815029,4.35280701024226
7.229,1.49564847610497,-1.83793880703996,1.19161584814997,2.65234457641928
7.239,4.29054372610491,-0.563074307039988,1.53484859814997,4.59146799619791
7.249,3.89827772610492,-0.612107557039987,0.897416348149981,4.04680132859991
7.259,2.52534672610517,-0.563074307040038,0.946449598150064,2.75503096246433
7.269,0.956282726104979,-1.39663955703997,-1.55424615184997,2.29799038402601
7.279,-3.79994252389492,-4.09346830703991,-3.31944315184993,6.49728780369228
7.288,-2.22844029650558,-2.6250032763361,-0.869262436665033,3.55136671433154
7.299,-1.42917145128452,-2.56109843774403,-1.60179761703502,3.34178273544536
7.308,-1.5664914215054,-1.6100150013359,-0.427963186664974,2.28674357270707
7.318,-2.86831077389494,-1.59277255703997,-0.279381651849994,3.29274736678839
7.329,-3.64057102628454,-2.29141556274402,-0.954558717035011,4.40630514409471
7.338,-1.03693232150554,-2.09544417633608,1.02832433833504,2.55412722477481
7.349,0.188925798715502,-2.29141556274403,2.49738208296503,3.39458325968307
7.358,1.39021355349442,-0.639156651335961,1.95505276333488,2.48262890031715
7.369,2.77788139871553,-1.64417666274402,-0.037636942035001,3.22821289617763
7.379,6.05574072610487,-1.24953980703997,-2.28974490184995,6.59365431204355
7.389,5.27120872610536,-2.08310505704014,-4.10397515185028,6.99768391397039
7.398,3.37606017849429,-3.50760177633579,-5.59116441166466,7.4136476870994
7.408,0.662083226105045,-3.16183655704021,-4.05494190185027,5.18441109858262
7.418,-2.81927752389494,-2.42633780703995,-1.55424615184997,4.0312680401024
7.429,-3.04726870128453,-2.12960583774402,-0.577002692035006,3.76218017492483
7.438,-2.53734977150535,-0.683286576335958,2.04331261333488,3.32868605371136
7.449,2.99362769871553,-0.781191462744008,2.06588948296502,3.72021051229718
7.458,2.89063100349461,-0.065467626336003,2.48461186333509,3.8122604475413
7.469,-2.61577610128453,-0.619381737744007,1.95801633296502,3.32561968800701
7.479,-0.759881023894984,-1.64180580703996,0.897416348149981,2.01948052241974
7.488,-1.38997172150555,-1.30110552633605,0.27811561333501,1.92412194822158
7.499,-3.85631732628423,-2.29141556274384,-3.11202171703478,5.45952816363106
7.509,-2.08377877389514,-2.57343755704017,-2.9762104018502,4.45225147477118
7.518,1.34608362849442,-0.639156651335961,0.366375463334978,1.5345010068363
7.529,-3.53269787628454,-2.39928871274403,0.717475107965008,4.33027841400014
7.538,-5.4057948965057,-1.87479455133607,1.55788343833506,5.92996407073814
7.549,2.99362769871553,0.189666887256002,6.54262520796507,7.19748045766977
7.559,2.86857947610494,-0.857273807039982,5.31040884814989,6.09623725961153
7.569,3.35891197610493,0.123391192959997,4.6239433481499,5.71649955275262
7.579,1.15241572610498,-1.24953980703997,2.36841384814995,2.91526943716357
7.588,3.02302077849461,-1.38936537633605,-1.79599086166507,3.78081657203256
7.599,5.58258329871556,-1.32055721274401,-3.43564116703504,6.6867583975985
7.608,-2.62560962150534,-3.15456237633581,-4.04661703666475,5.76369665337796
7.619,-3.04726870128453,-3.69376651274404,-3.97500691703504,6.22337830916409
7.628,-2.93451909650561,-3.02217260133611,-1.70773101166506,4.54546749721361
7.639,-6.01378032628457,-2.18354241274402,0.393855657965004,6.41003381897243
7.649,2.52534672610495,1.10405619295998,5.89880784814987,6.51093312772116
7.658,7.12710380349477,-0.153727476336006,2.6611315633351,7.60926159099216
7.669,2.8318179737153,0.782969212255945,6.70443493296453,7.31995092838421
7.678,-1.43410164650555,0.552351323664021,7.9125926383353,8.06045046988698
7.689,2.67000824871553,-1.64417666274402,1.90407975796502,3.66848479228321
7.698,2.36107190349459,-1.25697560133605,0.145725838335005,2.67878409278988
7.709,8.38728519871491,-1.96779611274386,-2.51871939203482,8.97567389791565
7.719,13.3126617261059,-2.62247080704018,-4.59430765185031,14.3252217493257
7.729,8.36030347610482,-4.14250155703991,-6.16337165184987,11.1822244424567
7.739,2.96664597610494,-4.5838008070399,-5.82013890184988,7.98036559456931
7.749,-2.32894502389495,-5.56446580703988,-3.76074240184992,7.10847719663733
7.759,-2.37797827389516,-4.09346830704028,-2.14264515185014,5.19636331472382
7.769,2.81954622610494,-0.366941307039992,2.85874634814994,4.03198679648327
7.779,4.7318429761049,-1.05340680703998,2.61358009814994,5.50734099008559
7.789,1.44661522610497,-3.35796955703993,-1.50521290184997,3.95402592787418
7.8,-5.09685855128456,-2.23747898774402,-1.49392446703502,5.76334014488165
7.81,-3.60380952389492,-2.37730455703995,-3.17234340184993,5.35749780221135
7.82,2.72147972610518,-2.42633780704016,0.259984098150018,3.65529188776558
7.829,-1.30171187150542,-1.30110552633592,3.98502931333476,4.38950885808621
7.839,-1.39731327389509,-0.759207307040051,3.34907884815023,3.70745320288654
7.849,2.08404747610496,-1.10244005703998,0.309017348149993,2.37783928882576
7.859,0.416916976104991,-3.94636855703992,-4.39817465184991,5.9238150562904
7.869,-2.52507802389495,-4.6328340570399,-4.30010815184991,6.80662181588136
7.879,-2.52507802389495,-2.18117155703995,1.68194834814996,3.73664001930099
7.889,0.662083226105045,-1.4456728070401,4.67297659815032,4.93609505076284
7.899,0.514983476104989,-3.99540180703992,-1.26004665184997,4.22091946679836
7.91,5.69045644871556,-3.47802021274404,-1.81754391703502,6.91240805257731
7.919,3.02302077849432,-0.109597551335993,4.77936796333471,5.65623765231071
7.93,-8.11730675128459,-2.39928871274403,3.25249413296503,9.06785384236663
7.939,-3.33168842150563,-5.80235787633622,-4.79682576166518,8.23268134029554
7.949,1.93694772610496,-3.65216905703992,-0.328414901849993,4.14704251999183
7.959,3.16277897610493,0.711790192959985,6.68333984814986,7.42811198464005
7.969,1.4466152261051,-3.50506930704024,-2.38781140185016,4.48105453552624
7.978,-2.89038917150532,-4.83149952633571,-3.2964083116648,6.5241125827924
7.989,2.50819852371553,-2.12960583774402,3.30643070796504,4.66462912621104
7.999,2.57437997610494,-2.86763705703994,1.09354934814998,4.00582385148399
8.009,-0.661814523895045,-2.52440430704017,2.46648034815017,3.59084124924124
8.019,1.64274822610496,-2.86763705703994,2.56454684814995,4.18316441962726
8.029,1.98598097610496,-5.12316655703989,0.01481784815,5.49464972288922
8.039,2.42728022610495,-3.75023555703992,0.210950848149995,4.47218696944368
8.049,-0.759881023894984,-1.98503855703996,0.259984098149994,2.14135213701573
8.059,-3.99607552389491,-2.52440430703995,0.01481784815,4.72667496943651
8.069,-0.906980773895142,-2.91667030704046,0.456117098150071,3.08830416432898
8.079,3.99634422610491,-3.16183655703993,1.14258259814998,5.22240103597487
8.089,5.36927522610488,-3.16183655703993,1.78001484814996,6.48033793306585
8.099,-0.46568152389499,-1.59277255703997,-2.19167840184995,2.74904309120326
8.109,-6.10450527389487,-3.55410255703992,-8.27180140184982,10.8774688258166
8.119,-2.42701152389495,-5.61349905703988,-8.86020040184981,10.765914162831
8.129,3.11374572610493,-4.5347675570399,-5.32980640184989,7.65939720372422
8.139,6.44800672610486,-2.72053730703994,0.161917598149996,7.00030937084072
8.149,7.52673822610484,-1.24953980703997,1.92711459814996,7.86936520489982
8.16,4.3420420737159,-1.96779611274418,1.20290428296511,4.9165566838211
8.17,5.17314222610489,-4.5838008070399,-4.15300840184991,8.06350476628898
8.179,0.816524528494531,-3.28695215133612,-1.97251056166507,3.91938319977604
8.189,-6.64387102389486,-2.27923805703995,4.18264409814991,8.17498990547372
8.199,0.269817226104994,-4.6328340570399,-1.84844565184996,4.99526816731743
8.209,-0.612781273894986,-4.5347675570399,-2.48587790184995,5.20761045287797
8.219,-2.77024427389494,-4.7799338070399,3.00584609814994,6.28944602508789
8.229,0.760149726104984,-5.80963205703988,-0.524547901849988,5.88258469940026
8.239,-6.10450527389595,-4.04443505704063,-1.3090799018502,7.43882583201616
8.249,-4.19220852389491,-3.35796955703993,2.41744709814995,5.89021411547812
8.26,0.404672098715472,-4.66462486274368,-0.738812417034948,4.74007683536567
8.27,-3.30961002389493,-3.79926880703992,-2.73104415184994,5.73119220911026
8.279,-1.56649142150556,-3.72825140133614,-0.648612811665025,4.09566264048584
8.289,0.662083226104986,-5.85866530703988,-0.377448151849992,5.90802678442957
8.299,4.04537747610491,0.760823442959983,8.98790259814981,9.88566256501619
8.309,-18.0686182738946,0.613723692959987,7.02657259814985,19.3965034368592
8.319,-14.5382242738973,-2.86763705704045,-1.79941240185028,14.9271963985532
8.329,8.89966922610481,-3.84830205703992,-9.93893190184979,13.8850966293325
8.339,5.66347472610488,-3.65216905703992,-8.36986790184982,10.7456025186513
8.349,10.4687332261048,1.30018919295997,5.45750859814988,11.8772584124334
8.359,20.9128154761046,1.74148844295996,9.4292018481498,23.0062704632392
8.369,13.5578279761047,-0.415974557039991,15.9015908481497,20.9009168641883
8.379,-13.7046590238947,-5.76059880703988,9.2821020981498,17.5259692153491
8.39,-9.14210167628534,-3.20833733774429,2.01195290796518,9.89542348948103
8.4,8.99773572610481,-1.00437355703998,-0.622614401849987,9.07500210095265
8.41,4.09441072610491,-4.9270335570399,-9.5466659018498,11.4968990909628
8.42,7.42867172610484,-1.69083905703996,-9.74279890184979,12.3679517614246
8.43,6.00670747610487,-2.52440430703995,-10.2821646518498,12.172759002652
8.439,-0.860412621505532,-5.3610586263362,-9.07742848666534,10.5773799877277
8.449,6.15380722610487,-3.01473680703994,-5.82013890184988,8.99066172362236
8.459,2.52534672610495,-2.08310505703996,-4.4962411518499,5.56173419549181
8.469,-7.13420352389485,-2.03407180703996,-5.77110565184988,9.39893443329413
8.478,-10.1718267965059,-1.69827485133606,-7.48875118666528,12.7448653262628
8.489,-11.1916915262855,-2.34535213774422,-7.69663059203571,13.7837860669633
8.499,-11.0568635238948,0.613723692959987,-3.61364265184992,11.6485750618951
8.509,-5.85933902389488,1.64342194295997,-2.97621040184994,6.77425404274297
8.519,4.6337764761049,1.39825569295997,-4.15300840184991,6.3776549137778
8.529,-5.81030577389488,1.74148844295996,-3.71170915184992,7.11120383697765
8.539,-14.1949915238947,2.28085419295995,-1.84844565184996,14.4954072568117
8.549,-7.77163577389483,1.39825569295997,-3.80977565184992,8.76743018805427
8.559,1.78984797610496,0.02532469296,-3.41750965184993,3.85792293055835
8.569,4.4866767261057,0.662756942960104,0.06385109815001,4.53581214037303
8.579,-1.98571227389496,1.25115594295997,1.14258259814998,2.6103523558892
8.589,0.073684226104998,1.54535544295997,2.17228084814995,2.66690024063552
8.599,3.50601172610492,-1.10244005703998,-1.45617965184997,3.95322039373135
8.609,4.8789427261049,-2.67150405703994,-1.60327940184997,5.78891361930623
8.619,7.67383797610484,-0.366941307039992,0.897416348149981,7.73484268154485
8.629,2.23114722610495,1.83955494295996,-1.21101340184997,3.1350492487654
8.639,-9.83103227389479,-2.27923805703995,-5.47690615184988,11.4821871909141
8.65,-12.8097887762857,-4.66462486274443,-3.92107034203536,14.1853518190554
8.66,-7.37936977389484,-2.47537105703995,0.995482848149979,7.84688130602628
8.67,3.65311147610492,-2.08310505703996,6.78140634814986,7.97947505756125
8.679,7.21536365349477,-3.02217260133611,4.69110811333518,9.12148536234309
8.689,-3.99607552389491,-4.38766780703991,-1.01488040184998,6.02081644028994
8.699,-4.5354412738949,-5.61349905703988,-3.85880890184992,8.18364254799372
8.709,-2.27991177389495,-5.71156555703988,-3.46654290184993,7.05952537352726
8.719,-3.84897577389492,-5.56446580703988,0.210950848149995,6.76922406824307
8.729,-3.45670977389493,-7.32966280703984,0.505150348149989,8.11960443618283
8.739,-2.67217777389542,-6.10383155704095,-0.181315151850028,6.66559591606933
8.749,-0.95601402389498,-5.22123305703989,0.259984098149994,5.31439828965621
8.759,-0.269548523894994,-4.5347675570399,1.24064909814997,4.70913828506405
8.77,1.26765729871541,-4.17919568774371,0.825348257964942,4.44452825059846
8.78,1.34854872610497,-5.61349905703988,0.210950848149996,5.77706288613878
8.79,-8.70326752389481,-8.26129455703982,0.45611709814999,12.0084926680197
8.8,-10.5174977738966,-6.69223055704105,2.22131409815035,12.6624620660895
8.81,-3.79994252389492,-4.5347675570399,1.92711459814996,6.22233482349586
8.82,-4.8786740238949,-3.94636855703992,-0.671647651849986,6.31081576245542
8.83,-8.36003477389482,-2.37730455703995,-1.55424615184997,8.82935102248144
8.84,-8.94843377389481,0.46662394295999,0.112884348149998,8.96130279512873
8.849,-3.50820812150563,1.78798922366407,1.55788343833506,4.23455198281655
8.859,0.024650976105,2.47698719295995,0.897416348149981,2.63465924298331
8.869,0.073684226104999,3.50668544295993,-0.91681390184998,3.62530273103766
8.879,4.09441072610491,3.16345269295993,-0.720680901849985,5.22408011968899
8.889,3.21181222610493,4.43831719295991,-0.083248651849998,5.4791721654932
8.899,3.35891197610493,8.21387744295983,-0.034215401849999,8.87418970976557
8.909,8.70353622610636,10.4694069429616,0.554183598150087,13.625973140915
8.919,11.8416642261047,12.9210694429597,0.45611709814999,17.5324581847732
8.929,11.0080989761048,14.0978674429597,-1.65231265184996,17.9626904055725
8.939,6.10477397610487,12.0875041929597,-1.40714640184997,13.6145541208806
8.949,6.00670747610487,8.60614344295982,0.112884348149998,10.4956649403624
8.959,7.91900422610483,5.17381594295989,0.652250098149986,9.48179463684111
8.969,6.30090697610487,3.70281844295992,1.04451609814998,7.38263550653461
8.979,2.67244647610494,1.59438869295997,0.45611709814999,3.14516903824088
8.989,-2.18184527389534,1.39825569296022,0.554183598150087,2.65003532855199
8.999,-2.67217777389494,1.88858819295996,1.43678209814997,3.57374344566732
9.009,0.858216226104982,1.05502294295998,2.36841384814995,2.73111564329126
9.019,6.93833922610485,3.65378519295992,2.76067984814994,8.31336578509448
9.03,3.58693002371525,1.32233496225591,-2.24903651703484,4.4354032513843
9.04,-3.75090927389492,-1.00437355703998,-2.63297765184994,4.69155176228647
9.05,-1.8876457738953,1.15308944296018,-0.132281901850021,2.21592426150535
9.06,-2.27991177389495,0.319524192959993,-2.19167840184995,3.17860781219815
9.07,-1.15214702389498,2.18278769295995,-1.21101340184997,2.74928324053156
9.08,1.00531597610498,3.55571869295992,0.161917598149996,3.69865015159142
9.09,1.49564847610497,0.809856692959983,0.161917598149996,1.70852261787717
9.1,-0.367615023894992,-0.563074307039988,0.358050598149992,0.761835751246583
9.11,-1.49537977389497,0.123391192959997,-0.132281901849997,1.50628169883037
9.12,-2.52507802389495,0.123391192959997,-0.818747401849982,2.65736556034231
9.13,-2.96637727389546,0.760823442960119,2.51551359815039,3.96308656288513
9.14,-3.30961002389493,-0.219841557039995,3.20197909814993,4.61026235321338
9.149,-3.99363729650486,-1.43349530133577,0.233985688334963,4.24956432323738
9.159,-2.52507802389539,0.95695644296015,0.210950848150033,2.70855771967622
9.169,-2.52507802389495,-0.219841557039995,-2.97621040184994,3.90924259838638
9.179,-2.13281202389495,-1.64180580703996,-4.30010815184991,5.07300143454613
9.19,0.404672098715472,1.4841446872559,-1.00849529203493,1.83943135621999
9.2,-4.33930827389491,-0.170808307039996,0.603216848149987,4.38436339045233
9.21,-2.81927752389544,-2.23020480704035,0.995482848150155,3.73003020618453
9.22,1.15241572610498,-2.03407180703996,0.701283348149985,2.44075981128035
9.23,3.70214472610492,-1.39663955703997,0.407083848149991,3.97771226771619
9.24,2.77051297610494,0.270490942959994,0.309017348149993,2.80078546526629
9.249,-4.39080662150567,-1.96305440133607,0.145725838335005,4.81186049153769
9.259,-8.65423427389482,-7.23159630703985,-3.66267590184992,11.8577801791668
9.27,-6.49920950128405,-5.90516608774359,-2.78840226703481,9.21335432229883
9.28,-3.11347702389493,-4.5347675570399,1.24064909814997,5.63888873444437
9.29,-2.27991177389495,-2.72053730703994,9.5763015981498,10.2129757286732
9.299,-2.31670014650559,-2.44848357633609,8.0008524883353,8.68192443715722
9.309,-8.01680202389483,-10.0264915570398,-7.24210315184985,14.7393251438371
9.32,-11.3535012512855,-10.921267562745,-9.31472784203585,18.3013723696122
9.329,-12.334193121506,-6.99386585133627,0.940064488335036,14.2102146622534
9.339,-3.30961002389493,-5.95673180703987,9.77243459814979,11.9137168971896
9.35,6.87706109871502,-2.8307813127438,17.1141939079638,18.6601962828751
9.359,8.98056065349484,-2.09544417633608,3.89676946333515,10.0113020230948
9.369,15.7152909761047,-2.13213830703995,-10.0860316518498,18.794797650044
9.38,0.081052648715508,-6.71421471274462,-9.96196674203591,12.0136601462722
9.39,-23.4132425238945,-13.0665530570397,-13.2731929018497,29.918094593153
9.4,-27.5320355238944,-13.4097858070397,-15.7248554018497,34.4253745497235
9.41,-7.28130327389485,-3.65216905703992,1.43678209814997,8.27164185547198
9.42,-13.5575592738947,-3.75023555703992,2.27034734814995,14.2487247597708
9.429,-13.172661696506,1.52320967366406,-1.61947116166506,13.3589621873858
9.439,15.9114239761047,10.8616729429598,1.19161584814997,19.3020543050926
9.45,21.170253473714,5.6911975372556,2.11982605796485,22.024146386759
9.459,-0.50737322150552,3.64144607366414,-0.427963186665016,3.70144695794028
9.47,-14.5896957512858,3.2640516622563,-13.0902880920362,19.8713084043671
9.479,-2.84625924650505,6.77467074866292,0.454635313334926,7.36233989430233
9.489,7.52673822610618,10.4694069429616,1.58388184815025,12.9911104902761
9.5,10.1132555987148,9.84431381225531,-7.42694771703448,15.948291621069
9.509,14.7174509034951,13.6148091236645,1.24897396333505,20.0879646687188
9.519,15.2739917261047,13.1172024429597,-0.132281901849997,20.1338849127599
9.53,0.782228123715445,7.74078738725546,-1.4399878920349,7.9123470185168
9.539,-3.68472782150564,5.49490292366421,6.01500586333523,8.94155874526519
9.55,-3.20907842628479,1.26839838725612,10.749678057966,11.28993344377
9.559,-2.36083007150512,0.508221398663919,4.29393878833432,4.9264305470132
9.569,1.20144897610519,5.27188244296082,7.22270559815113,9.02239991865504
9.58,-0.835869126284441,8.44196286225541,17.4378133579638,19.3918217006849
9.589,-9.02444874650584,3.02362712366411,11.4871165633354,14.9176688226051
9.599,-5.85933902389488,0.515657192959989,9.57630159814979,11.2384744710443
9.61,7.146743973715,4.72033918725567,15.9275892579639,18.0844035300858
9.62,-4.8786740238949,-0.906307057039981,0.946449598149979,5.05159574341668
9.63,-13.5085260238971,-5.36833280704084,-7.53630265185118,16.3736107846057
9.64,-9.3897330238948,-1.69083905703996,-6.35950465184986,11.4660072559602
9.65,-8.55616777389482,-0.072741807039999,-6.11433840184987,10.5165789322319
9.66,-7.13420352389485,-1.69083905703996,-5.86917215184988,9.3916440725368
9.67,-15.1756565238947,-2.96570355703994,-10.4782976518498,18.6786153180643
9.68,-15.2737230238947,-0.219841557039995,-5.32980640184989,16.1784356970027
9.69,-8.75230077389481,-2.18117155703995,-11.0176634018498,14.2390022485573
9.7,-3.50574302389493,-7.47676255703984,-18.9120166518496,20.636292940443
9.71,7.23253872610613,-1.8869720570403,-13.4693259018521,15.4043182328521
9.72,7.13447222610485,3.50668544295993,-6.94790365184985,10.5579781159234
9.73,0.024650976105,-0.268874807039994,-4.20204165184991,4.21070722995143
9.74,0.073684226104998,1.88858819295996,-6.70273740184986,6.96411397134778
9.75,0.711116476104985,4.34025069295991,-8.90923365184981,9.93568855105574
9.76,-0.857947523894982,0.907923192959981,-5.08464015184989,5.235834599362
9.77,-3.45670977389493,-0.02370855704,0.603216848149987,3.50902766055066
9.78,-5.31997327389489,-0.710174057039985,0.259984098149994,5.3734583424029
9.79,4.38861022610491,0.809856692959983,-3.36847640184993,5.59127899944409
9.8,7.77190447610622,-1.20050655704019,-11.4099294018518,13.8574963155131
9.81,7.72287122610484,-3.65216905703992,-13.1260931518497,15.6612707092124
9.82,20.8637822261046,6.98804619295985,5.99687434814987,22.8055410003963
9.83,30.3762327261043,9.73390819295979,12.9105625981497,34.4114386496724
9.84,25.3748412261045,5.61511519295988,8.10530409814983,27.2232995870027
9.85,12.9694289761047,10.3223071929598,20.8049158481496,26.6007638461875
9.86,-6.49677127389486,5.61511519295988,24.8256423481495,26.2688041907839
9.871,-3.91025390128486,-1.1048109127441,24.3956315329672,24.731711032958
9.88,1.69912302849456,2.49406802366409,18.9892038133357,19.2275129914669
9.891,-13.3491545262836,-1.75204981274388,-0.415192967034972,13.4700404718326
9.9,-16.1734965965061,-4.34607035133617,-9.69524743666537,19.3511793571897
9.909,-8.31836994650581,-0.418507026336016,-2.81097913666511,8.79045109222446
9.919,-1.64247952389497,1.39825569295997,-4.4962411518499,4.98688705154806
9.929,1.05434922610498,3.89895144295992,-8.27180140184982,9.20522531374393
9.939,14.4894597261047,8.55711019295982,-5.03560690184989,17.5649057748348
9.95,13.7270061237145,12.1635865372552,3.57611358296475,18.6861478889593
9.959,3.11128062849462,8.58399767366432,-4.26726666166516,10.0784248755686
9.97,6.22982219871607,12.5411425622572,-13.6835904170363,19.578855638052
9.979,7.65666290349328,12.776340548662,-0.207313561664967,14.8963869292511
9.99,8.81877779871631,14.2131763872573,5.30208398296549,17.5470031470003
9.999,7.8773125284948,11.8937420486645,-0.825132511665031,14.2896464705589
10.01,10.5986847737148,15.2379713122549,-4.40649951703469,19.0773459013382
10.02,8.40933672610482,11.7442714429598,-2.73104415184994,14.7004577499576
10.029,5.3177768784947,8.18682834866431,-0.692742736665026,9.7868688475502
10.04,5.63651987371511,8.5498360122554,-0.900622142034937,10.2801348418184
10.05,5.56540822610587,6.69384669296105,-1.11294690185017,8.77610409455188
10.06,3.70214472610492,4.34025069295991,-0.867780651849981,5.77032883902561
10.07,1.88791447610496,2.57505369295994,-0.47551465184999,3.22819404231489
10.08,1.29951547610497,2.52602044295995,-0.230348401849995,2.85001405910966
10.09,0.564016726104988,2.32988744295995,-0.132281901849997,2.4008308698752
10.1,-0.563748023894988,1.20212269295997,-0.083248651849998,1.33035376551115
10.11,0.269817226104994,0.858889942959982,0.112884348149998,0.907323616841336
10.12,0.95628272610498,1.25115594295997,0.358050598149992,1.6149514162
10.13,0.024650976105004,0.711790192960111,0.259984098150041,0.758185122979877
10.14,0.220783976104995,0.074357942959998,-0.230348401849995,0.327620289391271
10.15,0.416916976104991,0.515657192959989,-0.47551465184999,0.815987922545378
10.16,0.269817226104994,0.662756942959986,-0.328414901849993,0.787340109928232
10.169,0.507615053494519,-0.021337701336001,0.057465988335002,0.51130292376229
10.18,0.890101273715438,0.027857162255998,0.339919082964976,0.953205792010598
10.189,0.463485128494518,0.199311923664008,0.057465988335002,0.507785434081705
10.2,0.134989223715491,0.081793737255994,-0.253383242034982,0.298521981297478
10.209,0.463485128494518,0.066922148664003,-0.163183636665006,0.495909202972281
10.22,0.404672098715537,0.189666887256017,-0.037636942035004,0.448497017833977
10.23,0.122717476104997,0.46662394295999,-0.034215401849999,0.483702570603946
10.239,0.463485128494518,0.596481248664023,-0.295573411665011,0.811154723851538
10.25,0.566481823715461,0.675096062255953,-0.361256392034975,0.952450802225298
10.26,0.171750726104996,0.368557442959992,0.063851098149999,0.411594294680772
10.27,0.220783976104995,0.221457692959995,0.01481784815,0.31306332027194
10.28,0.318850476104993,0.172424442959996,-0.377448151849992,0.523319139701025
10.29,0.073684226104999,0.417590692959991,-0.034215401849999,0.425419846442611
10.3,0.171750726105027,0.466623942960073,0.06385109815001,0.501311458871799
10.31,0.46595022610499,0.368557442959992,-0.279381651849994,0.656504614880147
10.32,0.416916976104991,0.123391192959997,-0.377448151849992,0.575771012469016
10.33,0.122717476104997,0.123391192959997,-0.573581151849988,0.599399952618642
10.34,0.171750726104996,0.564690442959988,-0.377448151849992,0.70060025379878
10.35,0.367883726104992,0.515657192959989,-0.181315151849996,0.658874768734283
10.36,0.367883726104992,0.221457692959995,-0.181315151849996,0.466108495947503
10.369,0.286965428494511,0.419961548664016,0.057465988335002,0.511878109829513
10.38,0.134989223715512,0.621159487256057,0.124172782965011,0.64767281798513
10.389,0.286965428494454,0.022792223663996,-0.074923786664988,0.297459604684024
10.4,0.296798948715527,-0.026079412744002,-0.307319817035028,0.428036472359725
10.409,-0.066073971505503,0.375831623664014,0.057465988335002,0.385898327117076
10.42,-0.134693651284491,0.405413187255972,0.28598250796498,0.514089707112809
10.43,-0.073415523894999,0.123391192959997,-0.181315151849996,0.231279938471229
10.44,0.122717476104997,0.221457692959995,-0.426481401849991,0.495973260203287
10.45,0.122717476104997,0.515657192959989,-0.328414901849993,0.623552938690931
10.46,0.073684226105012,0.417590692960065,-0.377448151850059,0.567695745411737
10.47,0.367883726104992,0.368557442959992,-0.426481401849991,0.673096880707402
10.48,0.564016726104988,0.46662394295999,-0.279381651849994,0.783522098514234
10.49,0.024650976105,0.221457692959995,-0.181315151849996,0.28727402368554
10.5,-0.269548523894994,0.270490942959994,0.210950848149995,0.436259117145487
10.51,0.024650976105,0.46662394295999,0.45611709814999,0.652984212666145
10.52,0.171750726104996,0.368557442959992,0.309017348149993,0.510709919755291
10.53,0.269817226104994,0.074357942959999,-0.034215401849999,0.281959452595569
10.54,0.171750726104996,0.270490942959994,-0.083248651849998,0.331049845455065
10.55,0.51498347610508,0.31952419296005,0.06385109815001,0.609410086299041
10.56,0.564016726104988,0.123391192959997,-0.230348401849995,0.621611325557319
10.57,0.220783976104995,0.662756942959986,-0.47551465184999,0.845048231564574
10.58,0.318850476104993,0.760823442959984,-0.083248651849998,0.829125005957912
10.59,0.171750726104996,0.123391192959997,0.161917598149996,0.266347530509199
10.6,0.171750726104996,0.172424442959996,-0.132281901849997,0.27699639348683
10.61,0.220783976104995,0.417590692959991,-0.132281901849997,0.490536494573634
10.62,-0.122448773894997,0.270490942959994,0.210950848149995,0.364224261667146
10.63,-0.269548523895042,0.31952419296005,0.06385109815001,0.422881873997609
10.64,0.220783976104995,0.368557442959992,-0.230348401849995,0.487483885990897
10.651,0.296798948715479,0.297540037255979,-0.307319817034979,0.520639183764837
10.661,0.122717476104997,0.319524192959993,-0.230348401849995,0.412572024091749
10.671,0.367883726104992,0.319524192959993,-0.034215401849999,0.488471943455696
10.68,0.242835503494509,0.287571773664011,0.057465988335002,0.380747877973096
10.69,0.024650976105,0.319524192959993,0.063851098149999,0.326772617036105
10.7,0.122717476104997,0.270490942959994,-0.132281901849997,0.325151396617052
10.71,0.171750726105027,0.221457692960035,-0.132281901850021,0.309903732223159
10.721,-0.026820501284498,0.135730312255991,-0.037636942034997,0.143382691982004
10.73,-0.066073971505503,0.419961548664016,-0.074923786665003,0.431679332230547
10.741,0.081052648715494,0.513286337255964,-0.307319817034978,0.603720022709081
10.751,0.269817226104994,0.123391192959997,-0.230348401849995,0.375615638968789
10.761,0.073684226104999,0.319524192959993,0.063851098149999,0.334068911750837
10.771,0.269817226105042,0.515657192960081,-0.034215401850005,0.582987452590745
10.78,0.551744978494412,0.419961548663933,-0.030793861664995,0.694073832935842
10.791,0.620418398715557,0.243603462256022,0.232045932965021,0.705766924199133
10.8,0.331095353494512,0.419961548664016,-0.074923786665003,0.540005008560252
10.81,0.024650976105,0.515657192959989,-0.377448151849992,0.639513188768832
10.82,0.073684226104999,0.02532469296,0.161917598149996,0.179688658075223
10.83,-0.024382273895,0.319524192959993,0.259984098149994,0.412652319099132
10.84,-0.269548523894994,0.711790192959985,-0.230348401849995,0.795211966561639
10.85,-0.367615023894992,0.46662394295999,-0.181315151849996,0.621090890471943
10.86,-0.367615023894992,0.172424442959996,-0.034215401849999,0.407482132181446
10.87,0.269817226104994,0.319524192959993,-0.132281901849997,0.438629167916112
10.88,0.416916976105065,0.466623942960073,-0.475514651850074,0.78592102226133
10.89,0.318850476104993,0.319524192959993,-0.524547901849989,0.692034563684749
10.9,0.662083226104986,0.123391192959997,0.063851098149999,0.676503176285698
10.91,0.662083226104986,0.221457692959995,0.309017348149993,0.763471957257373
10.92,0.220783976104995,0.515657192959989,-0.181315151849996,0.589510889675919
10.93,0.220783976104995,0.46662394295999,-0.573581151849988,0.771672732449332
10.94,0.46595022610499,0.123391192959997,-0.083248651849998,0.48914756233904
10.95,-0.073415523894999,0.123391192959997,0.309017348149993,0.340744694905911
10.96,-0.51471477389508,0.417590692960065,-0.328414901850051,0.739709154377523
10.97,-0.171482023894996,0.46662394295999,-0.230348401849995,0.547909093643735
10.98,0.073684226104999,0.270490942959994,0.01481784815,0.280738818163566
10.99,0.122717476104997,0.02532469296,-0.328414901849993,0.351507136161187
11,0.318850476104993,0.172424442959996,-0.524547901849989,0.637609846205084
11.01,0.514983476104989,0.319524192959993,-0.622614401849987,0.868879959452932
11.02,0.760149726104984,0.172424442959996,-0.426481401849991,0.888506713959709
11.03,0.564016726104988,0.319524192959993,-0.230348401849995,0.687946919062634
11.04,0.122717476104997,0.613723692959987,0.01481784815,0.626047856689743
11.05,0.122717476105019,0.515657192960081,0.06385109815001,0.53389032799632
11.06,-0.073415523894999,0.319524192959993,0.161917598149996,0.365654013551302
11.07,-0.318581773894993,0.417590692959991,0.112884348149998,0.537232919283746
11.08,-0.171482023894996,0.564690442959988,-0.083248651849998,0.59599640848273
11.09,0.122717476104997,0.368557442959992,-0.034215401849999,0.389954947944689
11.1,0.318850476104993,0.074357942959999,-0.083248651849998,0.337824019022427
11.11,0.269817226104994,0.270490942959994,-0.328414901849993,0.503808528593474
11.12,0.416916976104991,0.319524192959993,-0.328414901849993,0.619493198193818
11.13,0.662083226105103,0.123391192960019,-0.083248651850013,0.67860881428455
11.141,0.944037848715434,0.189666887255987,-0.091573517034994,0.967246967920189
11.151,0.46595022610499,0.172424442959996,-0.328414901849993,0.59556372412572
11.161,-0.073415523894999,0.319524192959993,-0.328414901849993,0.464049455115134
11.171,-0.024382273895,0.319524192959993,0.01481784815,0.320795532685264
11.181,-0.024382273895,0.270490942959994,0.309017348149993,0.411401953035388
11.191,-0.171482023895027,0.368557442960058,0.259984098150041,0.482527102421492
11.201,-0.171482023894996,0.564690442959988,0.01481784815,0.590339689935606
11.211,-0.171482023894996,0.368557442959992,-0.083248651849998,0.414934948293313
11.221,-0.171482023894996,0.123391192959997,-0.132281901849997,0.24925884653562
11.231,0.220783976104995,0.368557442959992,-0.377448151849992,0.571880459712442
11.24,0.860654453494533,0.508221398664019,-0.295573411665011,1.0422949295009
11.251,0.944037848715434,0.621159487255957,-0.253383242034982,1.15812332493543
11.261,0.613049976104987,0.221457692959995,-0.132281901849997,0.665110731029458
11.271,0.564016726105088,0.221457692960035,-0.132281901850021,0.620207125607681
11.281,0.613049976104987,0.417590692959991,-0.230348401849995,0.776706280574567
11.291,0.711116476104985,0.319524192959993,-0.034215401849999,0.780354436264998
11.3,0.286965428494511,0.111052073664004,0.057465988335002,0.313024056633723
11.31,-0.269548523894994,0.221457692959995,-0.132281901849997,0.37309304209833
11.321,-0.404376526284472,0.405413187255972,-0.037636942034997,0.573843852294932
11.33,-0.154333821505506,0.419961548664016,0.057465988335002,0.451097517874008
11.34,-0.122448773894997,0.368557442959992,0.063851098149999,0.393580047416732
11.35,0.318850476104993,0.221457692959995,0.161917598149996,0.420626252716361
11.36,0.564016726104988,0.515657192959989,0.063851098149999,0.766872982124501
11.37,0.809182976104983,0.46662394295999,0.01481784815,0.934202634113949
11.38,0.711116476105111,0.270490942960042,-0.083248651850013,0.765364181841827
11.39,0.367883726104992,0.46662394295999,-0.181315151849996,0.621249969309302
11.401,0.404672098715472,0.513286337255964,-0.091573517034994,0.66000612157357
11.411,0.269817226104994,0.564690442959988,-0.279381651849994,0.685369053330957
11.421,0.122717476104997,0.564690442959988,-0.328414901849993,0.66467377191301
11.431,-0.024382273895,0.221457692959995,0.309017348149993,0.380958956462646
11.441,-0.269548523895042,0.368557442960058,0.407083848150064,0.61172563696474
11.45,-0.330853521505447,0.37583162366394,-0.030793861664995,0.501658971767347
11.46,-0.122448773895019,0.270490942960042,-0.132281901850021,0.325050079232208
11.47,0.269817226104994,0.368557442959992,0.01481784815,0.457007103760979
11.48,0.416916976104991,0.417590692959991,0.01481784815,0.590272242643284
11.49,0.514983476104989,0.221457692959995,-0.034215401849999,0.561624593617568
11.501,0.782228123715445,0.135730312255991,-0.037636942034997,0.794808212465272
11.511,0.416916976104991,0.368557442959992,-0.132281901849997,0.571972774948939
11.521,0.171750726105027,0.515657192960081,-0.377448151850059,0.66171576972602
11.531,0.122717476104997,0.319524192959993,-0.034215401849999,0.343985439447766
11.541,0.024650976105,-0.02370855704,0.309017348149993,0.310904306431259
11.55,0.066315803494503,0.066922148664003,0.013336063335001,0.095153614540928
11.56,-0.024382273895,0.417590692959991,-0.524547901849989,0.670915034458404
11.57,-0.122448773894997,0.515657192959989,-0.328414901849993,0.623500112780186
11.58,0.171750726104996,0.46662394295999,0.063851098149999,0.50131145887171
11.59,0.367883726104992,0.319524192959993,0.112884348149998,0.500176990551223
11.6,0.564016726104988,0.172424442959996,-0.279381651849994,0.652609502878011
11.61,0.95628272610498,0.221457692959995,-0.426481401849991,1.07023667856314
11.621,0.566481823715552,0.513286337256047,-0.091573517035008,0.769902740374385
11.631,0.171750726104996,0.270490942959994,-0.083248651849998,0.331049845455065
11.64,0.242835503494509,0.243441848664009,-0.074923786665003,0.351918441185745
11.65,0.024650976105,0.46662394295999,-0.230348401849995,0.520966372236543
11.66,-0.220515273894995,0.319524192959993,0.112884348149998,0.404308758209576
11.67,-0.122448773894997,0.270490942959994,0.358050598149992,0.465144368220601
11.68,0.073684226104999,0.515657192959989,-0.034215401849999,0.522017623794278
11.69,0.171750726104996,0.515657192959989,-0.181315151849996,0.572953607946888
11.701,0.188925798715517,0.135730312256012,0.016299632965002,0.233198098448947
11.711,0.073684226104999,0.221457692959995,-0.034215401849999,0.235888890521815
11.721,0.220783976104995,0.515657192959989,-0.132281901849997,0.576321443565272
11.731,0.318850476104993,0.319524192959993,-0.230348401849995,0.506775810624346
11.741,0.318850476104993,0.221457692959995,-0.426481401849991,0.576710951870586
11.75,0.331095353494512,0.375831623664014,-0.207313561665008,0.54208159469015
11.761,0.350735523715475,0.081793737255994,0.124172782964991,0.380952100767987
11.771,0.171750726105027,0.074357942960012,-0.034215401850005,0.190258007249644
11.781,0.171750726104996,0.613723692959987,-0.279381651849994,0.695851414174369
11.791,0.073684226104999,0.564690442959988,-0.230348401849995,0.614300453997786
11.801,-0.122448773894997,0.46662394295999,-0.279381651849994,0.557481581545388
11.811,0.024650976105,0.515657192959989,-0.034215401849999,0.517378686261873
11.821,0.367883726104992,0.368557442959992,0.358050598149992,0.631959852783124
11.831,0.416916976104991,0.221457692959995,0.112884348149998,0.485392779914311
11.841,0.269817226104994,0.46662394295999,-0.426481401849991,0.687332252822792
11.851,0.564016726105088,0.31952419296005,-0.524547901850082,0.833883132428278
11.861,0.46595022610499,-0.072741807039999,-0.083248651849998,0.47888549960672
11.871,-0.024382273895,0.270490942959994,-0.181315151849996,0.326550194907406
11.88,-0.110203896505504,0.640611173664024,-0.339703336665013,0.73343434032607
11.89,-0.220515273894995,0.368557442959992,0.112884348149998,0.444077077588387
11.9,-0.220515273894995,-0.219841557039995,0.112884348149998,0.331210163310253
11.91,-0.171482023894996,0.270490942959994,-0.034215401849999,0.322090248946266
11.921,-0.134693651284491,0.621159487255957,0.124172782964991,0.647611278726445
11.931,-0.024382273895,0.074357942959998,0.112884348149998,0.137355287553057
11.941,0.122717476105019,0.074357942960012,0.06385109815001,0.157053001747157
11.95,0.37522527849444,0.331701698663947,-0.207313561664967,0.542032230930959
11.961,0.404672098715537,0.297540037256027,-0.145510092035013,0.522936676982207
11.971,0.318850476104993,0.074357942959998,0.210950848149995,0.389480410455809
11.981,0.367883726104992,0.417590692959991,-0.034215401849999,0.557576108260976
11.991,0.269817226104994,0.564690442959988,-0.181315151849996,0.651576408538345
12.001,0.122717476104997,0.319524192959993,-0.279381651849994,0.441825074230455
12.011,-0.024382273895,0.221457692959995,-0.034215401849999,0.225407849852686
12.021,-0.024382273895004,0.221457692960035,0.161917598150025,0.275418433737005
12.032,-0.188630226284487,0.405413187255972,-0.469129542034967,0.648092386839346
12.04,-0.254865419115972,0.490978954367946,-0.380411721479958,0.671364128720582
12.051,0.027116073715503,0.459349762256042,0.232045932965021,0.515347262090364
12.06,0.331095353494512,0.199311923664008,0.013336063335001,0.386687505106615
12.07,0.171750726104996,0.417590692959991,-0.524547901849989,0.692120509809978
12.08,0.416916976104991,0.368557442959992,-0.426481401849991,0.701099664705148
12.09,0.858216226104982,0.074357942959998,-0.132281901849997,0.871528941566585
12.101,0.512545248715547,0.189666887256017,-0.091573517035008,0.554131635195492
12.111,0.122717476104997,0.564690442959988,-0.377448151849992,0.690218793316223
12.121,0.220783976104995,0.515657192959989,-0.132281901849997,0.576321443565272
